event,catalog,waveform,erad_strategy,median_n,std_n,n_samples,in_bbh_band,M_total_Msun,M_chirp_Msun,mass_ratio,chi_eff,redshift,lum_dist_Mpc,median_snr,snr_src,snr_available,median_theta_jn_rad,median_cos_theta_jn,incl_src
GW150914_095045,GWTC-2.1,C01:IMRPhenomXPHM,M_total - final_mass_source,5.340209,0.046137,147634,1,64.264,27.7459,0.8463,-0.0557,0.0963,455.6162,26.0135,network_matched_filter_snr,1,2.6906,-0.9,theta_jn
GW150914_095045,GWTC-2.1,C01:IMRPhenomXPHM,M_total - final_mass_source,5.340473,0.045957,199766,1,64.2184,27.7249,0.8454,-0.0547,0.0978,463.0273,26.0123,network_matched_filter_snr,1,2.6989,-0.9036,theta_jn
GW151012_095443,GWTC-2.1,C01:IMRPhenomXPHM,M_total - final_mass_source,5.283749,0.208789,68167,1,38.844,15.6122,0.538,0.111,0.1937,974.095,9.2658,network_matched_filter_snr,1,1.7653,-0.1933,theta_jn
GW151012_095443,GWTC-2.1,C01:IMRPhenomXPHM,M_total - final_mass_source,5.295259,0.203841,137933,1,38.422,15.5127,0.5513,0.1178,0.2083,1056.2635,9.2459,network_matched_filter_snr,1,1.7782,-0.2059,theta_jn
GW151226_033853,GWTC-2.1,C01:IMRPhenomXPHM,M_total - final_mass_source,5.334007,0.189791,133885,1,21.6734,8.855,0.5276,0.2015,0.0973,460.4727,12.7354,network_matched_filter_snr,1,0.8826,0.6352,theta_jn
GW151226_033853,GWTC-2.1,C01:IMRPhenomXPHM,M_total - final_mass_source,5.331756,0.18991,188541,1,21.6612,8.838,0.5235,0.2031,0.0994,471.2247,12.7331,network_matched_filter_snr,1,0.8674,0.6468,theta_jn
GW170104_101158,GWTC-2.1,C01:IMRPhenomXPHM,M_total - final_mass_source,5.309569,0.087598,80854,1,49.9996,21.1554,0.7085,-0.0421,0.2113,1073.2327,13.8472,network_matched_filter_snr,1,0.9505,0.5813,theta_jn
GW170104_101158,GWTC-2.1,C01:IMRPhenomXPHM,M_total - final_mass_source,5.310683,0.085239,169007,1,49.6974,21.0331,0.7076,-0.0391,0.2205,1126.1863,13.8433,network_matched_filter_snr,1,0.9309,0.5971,theta_jn
GW170608_020116,GWTC-2.1,C01:IMRPhenomXPHM,M_total - final_mass_source,5.351159,0.088127,219080,1,18.6246,7.9352,0.7136,0.0434,0.0707,328.8612,15.3399,network_matched_filter_snr,1,2.424,-0.7534,theta_jn
GW170608_020116,GWTC-2.1,C01:IMRPhenomXPHM,M_total - final_mass_source,5.350863,0.088712,285112,1,18.6091,7.9275,0.7122,0.0436,0.0718,334.0213,15.3373,network_matched_filter_snr,1,2.4295,-0.757,theta_jn
GW170729_185629,GWTC-2.1,C01:IMRPhenomXPHM,M_total - final_mass_source,5.393495,0.19962,37428,1,83.5641,34.1478,0.5514,0.2572,0.4267,2412.502,10.6632,network_matched_filter_snr,1,1.2118,0.3513,theta_jn
GW170729_185629,GWTC-2.1,C01:IMRPhenomXPHM,M_total - final_mass_source,5.440181,0.178804,173308,1,82.475,34.0286,0.5845,0.3064,0.4943,2874.1125,10.6372,network_matched_filter_snr,1,1.0557,0.4926,theta_jn
GW170809_082821,GWTC-2.1,C01:IMRPhenomXPHM,M_total - final_mass_source,5.361404,0.087983,89622,1,58.4839,24.7294,0.7064,0.0795,0.2147,1092.4979,12.7902,network_matched_filter_snr,1,2.6227,-0.8684,theta_jn
GW170809_082821,GWTC-2.1,C01:IMRPhenomXPHM,M_total - final_mass_source,5.36345,0.086552,177783,1,58.3371,24.6816,0.7072,0.0833,0.2189,1116.9455,12.7918,network_matched_filter_snr,1,2.6488,-0.881,theta_jn
GW170814_103043,GWTC-2.1,C01:IMRPhenomXPHM,M_total - final_mass_source,5.378698,0.046399,139163,1,55.6541,23.9165,0.8063,0.0606,0.1223,588.4313,17.7036,network_matched_filter_snr,1,0.694,0.7687,theta_jn
GW170814_103043,GWTC-2.1,C01:IMRPhenomXPHM,M_total - final_mass_source,5.379305,0.046136,197034,1,55.5515,23.8753,0.808,0.0613,0.1245,599.8825,17.7009,network_matched_filter_snr,1,0.671,0.7832,theta_jn
GW170818_022509,GWTC-2.1,C01:IMRPhenomXPHM,M_total - final_mass_source,5.334126,0.066714,84033,1,62.4971,26.8023,0.7968,-0.0423,0.222,1134.4514,11.9966,network_matched_filter_snr,1,2.4607,-0.777,theta_jn
GW170818_022509,GWTC-2.1,C01:IMRPhenomXPHM,M_total - final_mass_source,5.33759,0.066023,160046,1,62.2874,26.716,0.7984,-0.0347,0.2296,1178.4139,11.9884,network_matched_filter_snr,1,2.497,-0.7993,theta_jn
GW170823_131358,GWTC-2.1,C01:IMRPhenomXPHM,M_total - final_mass_source,5.36397,0.1035,42612,1,66.9488,28.4833,0.7643,0.0531,0.3575,1958.8475,12.1825,network_matched_filter_snr,1,1.7505,-0.1788,theta_jn
GW170823_131358,GWTC-2.1,C01:IMRPhenomXPHM,M_total - final_mass_source,5.36973,0.09842,136399,1,66.2608,28.2222,0.7667,0.0651,0.3817,2115.4534,12.1851,network_matched_filter_snr,1,1.851,-0.2765,theta_jn
GW190403_051519,GWTC-2.1,C01:IMRPhenomXPHM,M_total - final_mass_source,5.21412,0.343804,11138,1,107.1354,32.65,0.2025,0.6786,1.1374,7954.6993,7.6054,network_matched_filter_snr,1,1.2422,0.3227,theta_jn
GW190403_051519,GWTC-2.1,C01:IMRPhenomXPHM,M_total - final_mass_source,5.40014,0.292684,178895,1,98.5777,33.1463,0.2763,0.6959,1.4295,10547.7819,7.5062,network_matched_filter_snr,1,0.8887,0.6304,theta_jn
GW190408_181802,GWTC-2.1,C01:IMRPhenomXPHM,M_total - final_mass_source,5.321596,0.074859,53971,1,43.496,18.4673,0.7383,-0.0301,0.2858,1511.6722,14.6417,network_matched_filter_snr,1,1.2943,0.273,theta_jn
GW190408_181802,GWTC-2.1,C01:IMRPhenomXPHM,M_total - final_mass_source,5.321423,0.072635,127008,1,43.1812,18.329,0.735,-0.0291,0.2961,1574.6829,14.6401,network_matched_filter_snr,1,1.1376,0.4198,theta_jn
GW190412_053044,GWTC-2.1,C01:IMRPhenomXPHM,M_total - final_mass_source,5.022211,0.078574,182052,1,38.4591,13.3447,0.2821,0.247,0.1416,690.1104,19.787,network_matched_filter_snr,1,0.8042,0.6937,theta_jn
GW190412_053044,GWTC-2.1,C01:IMRPhenomXPHM,M_total - final_mass_source,5.020724,0.078802,264789,1,38.4473,13.3257,0.2812,0.2479,0.1434,699.5342,19.7838,network_matched_filter_snr,1,0.7907,0.7033,theta_jn
GW190413_052954,GWTC-2.1,C01:IMRPhenomXPHM,M_total - final_mass_source,5.313018,0.115031,27757,1,58.027,24.543,0.7296,-0.0353,0.5579,3324.3621,9.0175,network_matched_filter_snr,1,0.7918,0.7026,theta_jn
GW190413_052954,GWTC-2.1,C01:IMRPhenomXPHM,M_total - final_mass_source,5.329395,0.111198,144722,1,56.9955,24.1528,0.7373,-0.0035,0.6146,3737.0392,8.9606,network_matched_filter_snr,1,0.7306,0.7448,theta_jn
GW190413_134308,GWTC-2.1,C01:IMRPhenomXPHM,M_total - final_mass_source,5.273783,0.203854,23815,1,81.2511,33.2992,0.5987,-0.0085,0.6226,3796.2844,10.556,network_matched_filter_snr,1,1.8498,-0.2754,theta_jn
GW190413_134308,GWTC-2.1,C01:IMRPhenomXPHM,M_total - final_mass_source,5.311039,0.169699,155335,1,78.6772,32.7028,0.6543,0.0211,0.7298,4607.0903,10.5118,network_matched_filter_snr,1,2.0061,-0.4217,theta_jn
GW190421_213856,GWTC-2.1,C01:IMRPhenomXPHM,M_total - final_mass_source,5.305285,0.102963,30882,1,73.6101,31.3922,0.7827,-0.0959,0.4527,2587.9613,10.7335,network_matched_filter_snr,1,2.0272,-0.4408,theta_jn
GW190421_213856,GWTC-2.1,C01:IMRPhenomXPHM,M_total - final_mass_source,5.310359,0.09766,147856,1,71.669,30.5758,0.7823,-0.0839,0.5064,2958.4536,10.7213,network_matched_filter_snr,1,2.0919,-0.4978,theta_jn
GW190426_190642,GWTC-2.1,C01:IMRPhenomXPHM,M_total - final_mass_source,5.418206,0.183825,16736,1,182.3339,75.9944,0.7616,0.2261,0.7259,4577.1825,8.7281,network_matched_filter_snr,1,2.0848,-0.4916,theta_jn
GW190426_190642,GWTC-2.1,C01:IMRPhenomXPHM,M_total - final_mass_source,5.449271,0.166979,155608,1,172.1122,71.6648,0.7383,0.2975,0.8698,5714.2056,8.7072,network_matched_filter_snr,1,2.3065,-0.6711,theta_jn
GW190503_185404,GWTC-2.1,C01:IMRPhenomXPHM,M_total - final_mass_source,5.289253,0.140284,63867,1,69.4292,29.2014,0.6704,-0.0575,0.2841,1501.7608,12.1513,network_matched_filter_snr,1,2.5299,-0.8187,theta_jn
GW190503_185404,GWTC-2.1,C01:IMRPhenomXPHM,M_total - final_mass_source,5.298355,0.13215,166116,1,69.1812,29.1408,0.6812,-0.0425,0.2996,1596.2606,12.1417,network_matched_filter_snr,1,2.5816,-0.8472,theta_jn
GW190512_180714,GWTC-2.1,C01:IMRPhenomXPHM,M_total - final_mass_source,5.235675,0.108878,74777,1,36.0873,14.5313,0.5125,0.0279,0.2783,1466.1971,12.6844,network_matched_filter_snr,1,1.7429,-0.1713,theta_jn
GW190512_180714,GWTC-2.1,C01:IMRPhenomXPHM,M_total - final_mass_source,5.237961,0.109162,181271,1,35.7398,14.4113,0.5143,0.0294,0.2895,1534.3961,12.6774,network_matched_filter_snr,1,1.8469,-0.2726,theta_jn
GW190513_205428,GWTC-2.1,C01:IMRPhenomXPHM,M_total - final_mass_source,5.265078,0.163938,48052,1,54.2525,21.4743,0.4755,0.1346,0.3888,2162.0181,12.5245,network_matched_filter_snr,1,0.7422,0.737,theta_jn
GW190513_205428,GWTC-2.1,C01:IMRPhenomXPHM,M_total - final_mass_source,5.282106,0.162296,180002,1,53.7894,21.3994,0.4852,0.1502,0.4073,2283.2604,12.5164,network_matched_filter_snr,1,0.6863,0.7736,theta_jn
GW190514_065416,GWTC-2.1,C01:IMRPhenomXPHM,M_total - final_mass_source,5.282611,0.144919,15629,1,69.0248,29.0832,0.7175,-0.0911,0.634,3881.0073,8.003,network_matched_filter_snr,1,1.4322,0.1382,theta_jn
GW190514_065416,GWTC-2.1,C01:IMRPhenomXPHM,M_total - final_mass_source,5.299889,0.127574,123633,1,65.5604,27.7452,0.7386,-0.0676,0.7498,4761.9487,7.9896,network_matched_filter_snr,1,1.3341,0.2345,theta_jn
GW190517_055101,GWTC-2.1,C01:IMRPhenomXPHM,M_total - final_mass_source,5.522279,0.213,61249,1,64.4896,26.2694,0.5656,0.4417,0.3014,1607.3741,10.7503,network_matched_filter_snr,1,2.0675,-0.4765,theta_jn
GW190517_055101,GWTC-2.1,C01:IMRPhenomXPHM,M_total - final_mass_source,5.552532,0.196532,161299,1,62.6577,25.7185,0.5939,0.4732,0.3513,1919.5894,10.6648,network_matched_filter_snr,1,2.2022,-0.5903,theta_jn
GW190519_153544,GWTC-2.1,C01:IMRPhenomXPHM,M_total - final_mass_source,5.438564,0.126776,42168,1,103.1949,43.2107,0.6284,0.3153,0.4529,2589.3807,15.9002,network_matched_filter_snr,1,1.5969,-0.0261,theta_jn
GW190519_153544,GWTC-2.1,C01:IMRPhenomXPHM,M_total - final_mass_source,5.453231,0.124368,150207,1,100.1684,41.8243,0.6287,0.3366,0.5204,3057.0433,15.8757,network_matched_filter_snr,1,1.6713,-0.1003,theta_jn
GW190521_030229,GWTC-2.1,C01:IMRPhenomXPHM,M_total - final_mass_source,5.206544,0.27314,24545,1,153.1475,63.2916,0.5871,-0.1398,0.556,3310.9194,14.3447,network_matched_filter_snr,1,1.3784,0.1912,theta_jn
GW190521_030229,GWTC-2.1,C01:IMRPhenomXPHM,M_total - final_mass_source,5.30597,0.219858,148527,1,149.1713,62.4717,0.6499,0.0015,0.7193,4526.6373,14.2645,network_matched_filter_snr,1,1.0238,0.5201,theta_jn
GW190521_074359,GWTC-2.1,C01:IMRPhenomXPHM,M_total - final_mass_source,5.376191,0.049427,104558,1,77.3377,33.2282,0.7642,0.0739,0.1798,896.6669,25.9324,network_matched_filter_snr,1,1.4798,0.0909,theta_jn
GW190521_074359,GWTC-2.1,C01:IMRPhenomXPHM,M_total - final_mass_source,5.374768,0.050558,210737,1,76.6533,32.9059,0.7597,0.0726,0.1914,961.0489,25.9238,network_matched_filter_snr,1,1.4057,0.1644,theta_jn
GW190527_092055,GWTC-2.1,C01:IMRPhenomXPHM,M_total - final_mass_source,5.312568,0.26509,28052,1,59.5505,23.924,0.591,0.0831,0.4389,2494.8023,8.015,network_matched_filter_snr,1,1.1118,0.4431,theta_jn
GW190527_092055,GWTC-2.1,C01:IMRPhenomXPHM,M_total - final_mass_source,5.342713,0.233143,141653,1,59.0755,23.9883,0.6201,0.1206,0.5435,3221.3147,7.9151,network_matched_filter_snr,1,0.9825,0.5549,theta_jn
GW190602_175927,GWTC-2.1,C01:IMRPhenomXPHM,M_total - final_mass_source,5.340886,0.181177,34581,1,115.6461,48.0285,0.632,0.1159,0.4895,2840.8575,13.2022,network_matched_filter_snr,1,2.1335,-0.5334,theta_jn
GW190602_175927,GWTC-2.1,C01:IMRPhenomXPHM,M_total - final_mass_source,5.36729,0.165953,155451,1,113.3806,47.2652,0.6548,0.1521,0.5509,3274.2086,13.1834,network_matched_filter_snr,1,2.3348,-0.6918,theta_jn
GW190620_030421,GWTC-2.1,C01:IMRPhenomXPHM,M_total - final_mass_source,5.405048,0.255465,32655,1,90.6749,36.5329,0.5444,0.3065,0.513,3004.8162,12.0514,network_matched_filter_snr,1,2.2231,-0.607,theta_jn
GW190620_030421,GWTC-2.1,C01:IMRPhenomXPHM,M_total - final_mass_source,5.439634,0.214965,152410,1,88.8469,36.2467,0.5781,0.3327,0.5709,3418.1832,12.0435,network_matched_filter_snr,1,2.3291,-0.6877,theta_jn
GW190630_185205,GWTC-2.1,C01:IMRPhenomXPHM,M_total - final_mass_source,5.36844,0.081258,87638,1,59.3298,25.1591,0.722,0.0918,0.1683,833.5451,16.3695,network_matched_filter_snr,1,1.4119,0.1582,theta_jn
GW190630_185205,GWTC-2.1,C01:IMRPhenomXPHM,M_total - final_mass_source,5.365539,0.08254,171387,1,58.8757,24.8678,0.707,0.0941,0.1818,908.0265,16.3518,network_matched_filter_snr,1,1.3163,0.2517,theta_jn
GW190701_203306,GWTC-2.1,C01:IMRPhenomXPHM,M_total - final_mass_source,5.29592,0.106625,54580,1,93.6781,39.9011,0.7543,-0.097,0.38,2104.2064,11.2295,network_matched_filter_snr,1,0.596,0.8276,theta_jn
GW190701_203306,GWTC-2.1,C01:IMRPhenomXPHM,M_total - final_mass_source,5.302204,0.101025,160160,1,93.2884,39.7789,0.762,-0.085,0.3972,2217.0081,11.2265,network_matched_filter_snr,1,0.5477,0.8537,theta_jn
GW190706_222641,GWTC-2.1,C01:IMRPhenomXPHM,M_total - final_mass_source,5.367637,0.216754,23977,1,112.6867,45.1876,0.5151,0.2845,0.5847,3518.1436,13.4434,network_matched_filter_snr,1,1.8992,-0.3225,theta_jn
GW190706_222641,GWTC-2.1,C01:IMRPhenomXPHM,M_total - final_mass_source,5.409494,0.192508,159868,1,107.3694,43.4892,0.541,0.322,0.7055,4420.4068,13.4202,network_matched_filter_snr,1,1.9881,-0.4053,theta_jn
GW190707_093326,GWTC-2.1,C01:IMRPhenomXPHM,M_total - final_mass_source,5.310886,0.060051,203490,1,20.0104,8.5017,0.7253,-0.0641,0.1627,802.9451,13.1164,network_matched_filter_snr,1,2.23,-0.6125,theta_jn
GW190707_093326,GWTC-2.1,C01:IMRPhenomXPHM,M_total - final_mass_source,5.310628,0.06179,367463,1,19.8959,8.4505,0.7239,-0.0634,0.1698,841.8587,13.1106,network_matched_filter_snr,1,2.2548,-0.6319,theta_jn
GW190708_232457,GWTC-2.1,C01:IMRPhenomXPHM,M_total - final_mass_source,5.341842,0.066382,51021,1,30.7827,13.0484,0.731,0.0185,0.186,931.0715,13.3937,network_matched_filter_snr,1,1.0655,0.4841,theta_jn
GW190708_232457,GWTC-2.1,C01:IMRPhenomXPHM,M_total - final_mass_source,5.341296,0.066952,94772,1,30.6395,12.9879,0.7279,0.0196,0.1917,962.8644,13.3925,network_matched_filter_snr,1,1.0386,0.5074,theta_jn
GW190719_215514,GWTC-2.1,C01:IMRPhenomXPHM,M_total - final_mass_source,5.364594,0.291803,20708,1,57.1791,22.8107,0.5558,0.25,0.613,3725.1728,7.9107,network_matched_filter_snr,1,1.6124,-0.0416,theta_jn
GW190719_215514,GWTC-2.1,C01:IMRPhenomXPHM,M_total - final_mass_source,5.397818,0.258313,153538,1,55.3494,22.2958,0.5618,0.3041,0.7518,4777.4918,7.8661,network_matched_filter_snr,1,1.6226,-0.0518,theta_jn
GW190720_000836,GWTC-2.1,C01:IMRPhenomXPHM,M_total - final_mass_source,5.328987,0.126499,86699,1,21.7909,8.9751,0.5544,0.174,0.1543,757.5404,10.9414,network_matched_filter_snr,1,2.6525,-0.8827,theta_jn
GW190720_000836,GWTC-2.1,C01:IMRPhenomXPHM,M_total - final_mass_source,5.328458,0.127103,131644,1,21.6999,8.9502,0.553,0.175,0.1574,774.5284,10.93,network_matched_filter_snr,1,2.6671,-0.8895,theta_jn
GW190725_174728,GWTC-2.1,C01:IMRPhenomXPHM,M_total - final_mass_source,5.223844,0.222924,79206,1,18.3061,7.4493,0.5332,-0.0389,0.2028,1025.4497,9.1451,network_matched_filter_snr,1,0.9978,0.5421,theta_jn
GW190725_174728,GWTC-2.1,C01:IMRPhenomXPHM,M_total - final_mass_source,5.22203,0.223477,170198,1,18.1626,7.3832,0.5292,-0.0356,0.2139,1088.3469,9.1191,network_matched_filter_snr,1,0.9565,0.5764,theta_jn
GW190727_060333,GWTC-2.1,C01:IMRPhenomXPHM,M_total - final_mass_source,5.381241,0.110366,38894,1,68.625,29.308,0.7858,0.0839,0.5146,3016.3828,11.6906,network_matched_filter_snr,1,2.1498,-0.5472,theta_jn
GW190727_060333,GWTC-2.1,C01:IMRPhenomXPHM,M_total - final_mass_source,5.387847,0.10183,162922,1,67.8058,28.9747,0.7882,0.0989,0.5455,3235.4501,11.6864,network_matched_filter_snr,1,2.1994,-0.588,theta_jn
GW190728_064510,GWTC-2.1,C01:IMRPhenomXPHM,M_total - final_mass_source,5.343041,0.172984,11485,1,20.9488,8.6357,0.6016,0.1402,0.1761,876.3991,13.1216,network_matched_filter_snr,1,1.0843,0.4675,theta_jn
GW190728_064510,GWTC-2.1,C01:IMRPhenomXPHM,M_total - final_mass_source,5.344114,0.176106,20000,1,20.8066,8.5931,0.6046,0.1395,0.1816,906.63,13.1148,network_matched_filter_snr,1,1.0041,0.5369,theta_jn
GW190731_140936,GWTC-2.1,C01:IMRPhenomXPHM,M_total - final_mass_source,5.348068,0.13255,21267,1,69.3111,29.1614,0.7077,0.0525,0.5565,3314.5152,8.778,network_matched_filter_snr,1,1.2769,0.2896,theta_jn
GW190731_140936,GWTC-2.1,C01:IMRPhenomXPHM,M_total - final_mass_source,5.365238,0.123012,126255,1,66.3946,28.049,0.7292,0.0787,0.6609,4082.338,8.761,network_matched_filter_snr,1,1.0889,0.4635,theta_jn
GW190803_022701,GWTC-2.1,C01:IMRPhenomXPHM,M_total - final_mass_source,5.331171,0.113238,20574,1,65.0001,27.5868,0.7502,-0.0147,0.5386,3186.4054,9.273,network_matched_filter_snr,1,0.908,0.6153,theta_jn
GW190803_022701,GWTC-2.1,C01:IMRPhenomXPHM,M_total - final_mass_source,5.340783,0.105032,101656,1,63.5518,27.0197,0.7581,0.0028,0.5922,3572.7986,9.2656,network_matched_filter_snr,1,0.8205,0.6819,theta_jn
GW190805_211137,GWTC-2.1,C01:IMRPhenomXPHM,M_total - final_mass_source,5.49988,0.177256,11786,1,75.4035,31.345,0.6835,0.3868,0.933,6229.5858,8.0629,network_matched_filter_snr,1,0.9545,0.578,theta_jn
GW190805_211137,GWTC-2.1,C01:IMRPhenomXPHM,M_total - final_mass_source,5.523814,0.153015,169040,1,71.0053,29.6674,0.6915,0.4244,1.0997,7630.1362,8.0633,network_matched_filter_snr,1,0.8082,0.6908,theta_jn
GW190814_211039,GWTC-2.1,C01:IMRPhenomXPHM,M_total - final_mass_source,4.188836,0.040036,78254,0,25.9061,6.1078,0.1112,0.0037,0.0508,232.6956,25.2511,network_matched_filter_snr,1,0.8968,0.6242,theta_jn
GW190814_211039,GWTC-2.1,C01:IMRPhenomXPHM,M_total - final_mass_source,4.188728,0.040047,89500,0,25.9032,6.107,0.1112,0.0038,0.0509,233.3581,25.2508,network_matched_filter_snr,1,0.8933,0.6268,theta_jn
GW190828_063405,GWTC-2.1,C01:IMRPhenomXPHM,M_total - final_mass_source,5.423405,0.060526,42966,1,57.2082,24.5995,0.8234,0.154,0.3754,2074.3274,16.483,network_matched_filter_snr,1,2.3774,-0.722,theta_jn
GW190828_063405,GWTC-2.1,C01:IMRPhenomXPHM,M_total - final_mass_source,5.425416,0.060339,128000,1,56.6258,24.3439,0.8197,0.1604,0.3932,2190.7979,16.4798,network_matched_filter_snr,1,2.4677,-0.7814,theta_jn
GW190828_065509,GWTC-2.1,C01:IMRPhenomXPHM,M_total - final_mass_source,5.176814,0.127938,71723,1,34.2533,13.3918,0.4414,0.0539,0.2908,1542.4245,10.228,network_matched_filter_snr,1,1.8577,-0.2829,theta_jn
GW190828_065509,GWTC-2.1,C01:IMRPhenomXPHM,M_total - final_mass_source,5.178342,0.127833,181548,1,33.8208,13.2329,0.4419,0.0553,0.3078,1646.2219,10.2104,network_matched_filter_snr,1,1.9982,-0.4145,theta_jn
GW190910_112807,GWTC-2.1,C01:IMRPhenomXPHM,M_total - final_mass_source,5.346701,0.068759,54830,1,76.692,32.8815,0.7821,-0.0112,0.3076,1645.1975,14.4503,network_matched_filter_snr,1,1.664,-0.093,theta_jn
GW190910_112807,GWTC-2.1,C01:IMRPhenomXPHM,M_total - final_mass_source,5.350058,0.068156,159609,1,75.133,32.2054,0.7868,-0.0054,0.3448,1877.9223,14.4278,network_matched_filter_snr,1,1.7237,-0.1523,theta_jn
GW190915_235702,GWTC-2.1,C01:IMRPhenomXPHM,M_total - final_mass_source,5.328455,0.084057,50133,1,56.6538,24.1699,0.7686,-0.0388,0.3297,1782.9483,13.0948,network_matched_filter_snr,1,1.3013,0.2662,theta_jn
GW190915_235702,GWTC-2.1,C01:IMRPhenomXPHM,M_total - final_mass_source,5.332474,0.081487,144305,1,56.1627,23.967,0.7714,-0.0297,0.346,1885.5073,13.0868,network_matched_filter_snr,1,1.6137,-0.0429,theta_jn
GW190916_200658,GWTC-2.1,C01:IMRPhenomXPHM,M_total - final_mass_source,5.345283,0.262675,13058,1,68.0116,26.9507,0.5569,0.1923,0.7664,4891.9623,8.0585,network_matched_filter_snr,1,1.5873,-0.0165,theta_jn
GW190916_200658,GWTC-2.1,C01:IMRPhenomXPHM,M_total - final_mass_source,5.402735,0.222557,107199,1,65.7998,26.5896,0.5936,0.2725,0.9388,6277.9391,8.0377,network_matched_filter_snr,1,1.6066,-0.0358,theta_jn
GW190917_114630,GWTC-2.1,C01:IMRPhenomXPHM,M_total - final_mass_source,4.661922,0.21511,12312,0,11.7631,3.6721,0.2106,-0.076,0.1468,717.7028,8.2817,network_matched_filter_snr,1,1.3463,0.2227,theta_jn
GW190917_114630,GWTC-2.1,C01:IMRPhenomXPHM,M_total - final_mass_source,4.660212,0.212879,20000,0,11.7119,3.658,0.2101,-0.0745,0.1514,741.9952,8.2785,network_matched_filter_snr,1,1.2176,0.3459,theta_jn
GW190924_021846,GWTC-2.1,C01:IMRPhenomXPHM,M_total - final_mass_source,5.242744,0.166698,32797,1,14.2941,5.7873,0.5094,0.0457,0.1132,541.5676,12.0449,network_matched_filter_snr,1,0.7201,0.7517,theta_jn
GW190924_021846,GWTC-2.1,C01:IMRPhenomXPHM,M_total - final_mass_source,5.242501,0.168668,46372,1,14.2604,5.7725,0.509,0.0463,0.116,556.0756,12.0403,network_matched_filter_snr,1,0.6926,0.7696,theta_jn
GW190925_232845,GWTC-2.1,C01:IMRPhenomXPHM,M_total - final_mass_source,5.364077,0.09103,87963,1,36.8282,15.6591,0.7413,0.0811,0.1819,908.2815,9.7029,network_matched_filter_snr,1,0.6768,0.7796,theta_jn
GW190925_232845,GWTC-2.1,C01:IMRPhenomXPHM,M_total - final_mass_source,5.364636,0.091483,164960,1,36.6711,15.5974,0.7415,0.0829,0.1871,936.9937,9.6971,network_matched_filter_snr,1,0.6457,0.7987,theta_jn
GW190926_050336,GWTC-2.1,C01:IMRPhenomXPHM,M_total - final_mass_source,5.204005,0.223486,20327,1,61.6623,24.2897,0.4985,-0.0202,0.5509,3273.8744,8.1482,network_matched_filter_snr,1,1.6718,-0.1008,theta_jn
GW190926_050336,GWTC-2.1,C01:IMRPhenomXPHM,M_total - final_mass_source,5.261442,0.197737,157760,1,59.0562,23.8908,0.5798,-0.0076,0.7189,4523.2707,7.9619,network_matched_filter_snr,1,1.7933,-0.2207,theta_jn
GW190929_012149,GWTC-2.1,C01:IMRPhenomXPHM,M_total - final_mass_source,5.095831,0.238233,30749,1,93.3076,35.5546,0.4034,-0.0306,0.5306,3129.2327,9.7265,network_matched_filter_snr,1,1.4527,0.1178,theta_jn
GW190929_012149,GWTC-2.1,C01:IMRPhenomXPHM,M_total - final_mass_source,5.144286,0.218704,153782,1,90.0049,34.8033,0.4378,-0.0203,0.6189,3769.2235,9.6465,network_matched_filter_snr,1,1.3706,0.1988,theta_jn
GW190930_133541,GWTC-2.1,C01:IMRPhenomXPHM,M_total - final_mass_source,5.348322,0.171579,80472,1,20.4197,8.5128,0.6274,0.1472,0.1555,764.0483,9.6729,network_matched_filter_snr,1,0.6808,0.777,theta_jn
GW190930_133541,GWTC-2.1,C01:IMRPhenomXPHM,M_total - final_mass_source,5.347979,0.174768,137344,1,20.3281,8.4758,0.6249,0.1487,0.1603,789.9015,9.6673,network_matched_filter_snr,1,0.6406,0.8018,theta_jn
GW191103_012549,GWTC-3,C01:IMRPhenomXPHM,M_total - final_mass_source,5.396941,0.126876,9914,1,20.0274,8.334,0.6516,0.2157,0.1972,993.7858,8.9024,network_matched_filter_snr,1,1.2458,0.3193,theta_jn
GW191103_012549,GWTC-3,C01:IMRPhenomXPHM,M_total - final_mass_source,5.394502,0.13019,167837,1,19.8657,8.2563,0.6454,0.2175,0.2085,1057.2372,8.895,network_matched_filter_snr,1,1.2766,0.29,theta_jn
GW191105_143521,GWTC-3,C01:IMRPhenomXPHM,M_total - final_mass_source,5.314606,0.088906,65529,1,18.5278,7.8058,0.6935,-0.0184,0.2262,1158.7027,9.6563,network_matched_filter_snr,1,1.0457,0.5013,theta_jn
GW191105_143521,GWTC-3,C01:IMRPhenomXPHM,M_total - final_mass_source,5.313769,0.089879,142741,1,18.4113,7.7567,0.6906,-0.0176,0.2339,1203.1731,9.6536,network_matched_filter_snr,1,0.9502,0.5815,theta_jn
GW191109_010717,GWTC-3,C01:IMRPhenomXPHM,M_total - final_mass_source,5.216586,0.13503,109061,1,111.363,47.3964,0.7315,-0.3112,0.2197,1121.3526,17.3218,network_matched_filter_snr,1,1.8652,-0.2902,theta_jn
GW191109_010717,GWTC-3,C01:IMRPhenomXPHM,M_total - final_mass_source,5.224691,0.13003,270070,1,108.7483,46.2995,0.738,-0.2938,0.2535,1318.0133,17.2454,network_matched_filter_snr,1,1.9297,-0.3512,theta_jn
GW191113_071753,GWTC-3,C01:IMRPhenomXPHM,M_total - final_mass_source,4.606549,0.294563,52362,0,35.573,10.7239,0.1904,0.0032,0.2421,1251.258,7.8591,network_matched_filter_snr,1,1.7563,-0.1845,theta_jn
GW191113_071753,GWTC-3,C01:IMRPhenomXPHM,M_total - final_mass_source,4.642251,0.321573,129899,0,34.3837,10.5705,0.1993,0.0101,0.2735,1437.2116,7.7237,network_matched_filter_snr,1,1.8208,-0.2474,theta_jn
GW191126_115259,GWTC-3,C01:IMRPhenomXPHM,M_total - final_mass_source,5.403582,0.101746,55315,1,20.5602,8.6148,0.6823,0.21,0.3097,1658.4289,8.3051,network_matched_filter_snr,1,1.8632,-0.2883,theta_jn
GW191126_115259,GWTC-3,C01:IMRPhenomXPHM,M_total - final_mass_source,5.402898,0.104767,158918,1,20.2869,8.5023,0.6767,0.2122,0.3272,1767.4706,8.3118,network_matched_filter_snr,1,1.9476,-0.3679,theta_jn
GW191127_050227,GWTC-3,C01:IMRPhenomXPHM,M_total - final_mass_source,5.137051,0.466585,27156,1,84.7759,30.0956,0.3486,0.1768,0.5701,3412.025,9.1996,network_matched_filter_snr,1,1.6654,-0.0945,theta_jn
GW191127_050227,GWTC-3,C01:IMRPhenomXPHM,M_total - final_mass_source,5.309676,0.370628,185048,1,81.4854,31.2006,0.4699,0.2588,0.7282,4595.2896,9.121,network_matched_filter_snr,1,1.6086,-0.0378,theta_jn
GW191129_134029,GWTC-3,C01:IMRPhenomXPHM,M_total - final_mass_source,5.309786,0.091197,77231,1,17.6754,7.3222,0.599,0.0648,0.1583,779.5891,13.1452,network_matched_filter_snr,1,1.9586,-0.3782,theta_jn
GW191129_134029,GWTC-3,C01:IMRPhenomXPHM,M_total - final_mass_source,5.308807,0.091605,135743,1,17.6118,7.2954,0.5962,0.0658,0.1626,802.6595,13.1443,network_matched_filter_snr,1,2.0272,-0.4407,theta_jn
GW191204_110529,GWTC-3,C01:IMRPhenomXPHM,M_total - final_mass_source,5.339554,0.141712,41745,1,46.9785,19.726,0.7246,0.0373,0.3355,1819.1989,8.8647,network_matched_filter_snr,1,1.7547,-0.1829,theta_jn
GW191204_110529,GWTC-3,C01:IMRPhenomXPHM,M_total - final_mass_source,5.340826,0.14486,155223,1,44.6289,18.7243,0.7202,0.0444,0.4135,2324.5037,8.7935,network_matched_filter_snr,1,1.7065,-0.1352,theta_jn
GW191204_171526,GWTC-3,C01:IMRPhenomXPHM,M_total - final_mass_source,5.387196,0.063196,128624,1,20.3555,8.574,0.6593,0.1592,0.1304,631.0594,17.4601,network_matched_filter_snr,1,2.3887,-0.7297,theta_jn
GW191204_171526,GWTC-3,C01:IMRPhenomXPHM,M_total - final_mass_source,5.386828,0.063494,206292,1,20.3128,8.5552,0.6579,0.1594,0.1329,644.1411,17.4577,network_matched_filter_snr,1,2.4119,-0.7454,theta_jn
GW191215_223052,GWTC-3,C01:IMRPhenomXPHM,M_total - final_mass_source,5.309682,0.078136,6913,1,43.2039,18.3077,0.7447,-0.0536,0.3522,1925.2414,11.1941,network_matched_filter_snr,1,1.1152,0.44,theta_jn
GW191215_223052,GWTC-3,C01:IMRPhenomXPHM,M_total - final_mass_source,5.313574,0.078632,20000,1,42.4701,18.0127,0.7398,-0.0423,0.3796,2101.7905,11.1669,network_matched_filter_snr,1,1.0328,0.5124,theta_jn
GW191216_213338,GWTC-3,C01:IMRPhenomXPHM,M_total - final_mass_source,5.324671,0.140139,249520,1,20.0659,8.336,0.5807,0.1174,0.0725,337.7468,18.5615,network_matched_filter_snr,1,2.5514,-0.8308,theta_jn
GW191216_213338,GWTC-3,C01:IMRPhenomXPHM,M_total - final_mass_source,5.324664,0.142139,315108,1,20.0462,8.3276,0.5808,0.1173,0.0737,343.2608,18.5594,network_matched_filter_snr,1,2.566,-0.8389,theta_jn
GW191219_163120,GWTC-3,C01:IMRPhenomXPHM:HighSpin,M_total - final_mass_source,3.272084,0.04671,14965,0,32.7632,4.3328,0.0369,0.0048,0.1098,523.9789,9.1448,network_matched_filter_snr,1,2.3651,-0.7134,theta_jn
GW191219_163120,GWTC-3,C01:IMRPhenomXPHM:HighSpin,M_total - final_mass_source,3.27263,0.060261,20000,0,32.6999,4.3258,0.037,0.005,0.1117,534.013,9.1257,network_matched_filter_snr,1,2.3623,-0.7114,theta_jn
GW191222_033537,GWTC-3,C01:IMRPhenomXPHM,M_total - final_mass_source,5.320872,0.095165,26560,1,79.5141,33.965,0.784,-0.0543,0.4857,2814.3118,12.4863,network_matched_filter_snr,1,1.6231,-0.0523,theta_jn
GW191222_033537,GWTC-3,C01:IMRPhenomXPHM,M_total - final_mass_source,5.325662,0.093478,135537,1,76.5762,32.6222,0.7752,-0.0399,0.566,3382.4378,12.4647,network_matched_filter_snr,1,1.701,-0.1298,theta_jn
GW191230_180458,GWTC-3,C01:IMRPhenomXPHM,M_total - final_mass_source,5.315506,0.125084,21752,1,85.1422,36.2191,0.7671,-0.0586,0.681,4233.6398,10.4416,network_matched_filter_snr,1,2.0986,-0.5036,theta_jn
GW191230_180458,GWTC-3,C01:IMRPhenomXPHM,M_total - final_mass_source,5.325133,0.111439,139585,1,82.4549,35.1231,0.7748,-0.0389,0.76,4841.4492,10.4284,network_matched_filter_snr,1,2.2218,-0.606,theta_jn
GW200105_162426,GWTC-3,C01:IMRPhenomXPHM:HighSpin,M_total - final_mass_source,4.688254,0.136692,20000,0,10.9488,3.4166,0.2106,0.0007,0.0594,274.0177,13.6588,network_matched_filter_snr,1,1.5051,0.0657,theta_jn
GW200105_162426,GWTC-3,C01:IMRPhenomXPHM,M_total - final_mass_source,4.688254,0.136692,20000,0,10.9488,3.4166,0.2106,0.0007,0.0594,274.0177,13.6588,network_matched_filter_snr,1,1.5051,0.0657,theta_jn
GW200112_155838,GWTC-3,C01:IMRPhenomXPHM,M_total - final_mass_source,5.361197,0.066228,68706,1,63.355,27.0358,0.7577,0.044,0.2408,1243.7261,19.7823,network_matched_filter_snr,1,0.6352,0.805,theta_jn
GW200112_155838,GWTC-3,C01:IMRPhenomXPHM,M_total - final_mass_source,5.363361,0.065693,157304,1,63.0319,26.9016,0.7594,0.0481,0.2502,1298.888,19.7821,network_matched_filter_snr,1,0.595,0.8281,theta_jn
GW200115_042309,GWTC-3,C01:IMRPhenomXPHM:HighSpin,M_total - final_mass_source,4.741163,0.210859,16089,0,7.2802,2.4283,0.2499,-0.1681,0.0624,288.3088,11.2622,network_matched_filter_snr,1,0.5612,0.8466,theta_jn
GW200115_042309,GWTC-3,C01:IMRPhenomXPHM:HighSpin,M_total - final_mass_source,4.741659,0.211007,20000,0,7.2716,2.4267,0.2501,-0.1687,0.0631,291.6436,11.2577,network_matched_filter_snr,1,0.5556,0.8496,theta_jn
GW200128_022011,GWTC-3,C01:IMRPhenomXPHM,M_total - final_mass_source,5.382108,0.095136,26969,1,73.7024,31.5141,0.7915,0.0797,0.5396,3193.0713,10.6424,network_matched_filter_snr,1,1.4372,0.1332,theta_jn
GW200128_022011,GWTC-3,C01:IMRPhenomXPHM,M_total - final_mass_source,5.386064,0.091115,150506,1,70.2069,29.9704,0.7872,0.0915,0.6326,3870.8017,10.6139,network_matched_filter_snr,1,1.3978,0.1722,theta_jn
GW200129_065458,GWTC-3,C01:IMRPhenomXPHM,M_total - final_mass_source,5.38485,0.107395,87429,1,63.3266,26.7175,0.7251,0.1075,0.1898,952.0811,26.7976,network_matched_filter_snr,1,0.54,0.8577,theta_jn
GW200129_065458,GWTC-3,C01:IMRPhenomXPHM,M_total - final_mass_source,5.384822,0.105607,148072,1,63.2127,26.6683,0.7166,0.1096,0.1936,973.2465,26.794,network_matched_filter_snr,1,0.5216,0.867,theta_jn
GW200202_154313,GWTC-3,C01:IMRPhenomXPHM,M_total - final_mass_source,5.346293,0.086929,126430,1,17.5954,7.4872,0.713,0.0361,0.0883,415.3041,10.8333,network_matched_filter_snr,1,2.6007,-0.8572,theta_jn
GW200202_154313,GWTC-3,C01:IMRPhenomXPHM,M_total - final_mass_source,5.345984,0.087289,170115,1,17.5719,7.4775,0.7118,0.0363,0.0896,422.0993,10.8297,network_matched_filter_snr,1,2.6194,-0.8667,theta_jn
GW200208_130117,GWTC-3,C01:IMRPhenomXPHM,M_total - final_mass_source,5.293632,0.107727,38722,1,65.1014,27.534,0.7253,-0.0854,0.3938,2194.7842,10.8367,network_matched_filter_snr,1,2.532,-0.8199,theta_jn
GW200208_130117,GWTC-3,C01:IMRPhenomXPHM,M_total - final_mass_source,5.30507,0.103588,104414,1,64.6282,27.3823,0.7345,-0.0647,0.4205,2371.2159,10.817,network_matched_filter_snr,1,2.5962,-0.8549,theta_jn
GW200208_222617,GWTC-3,C01:IMRPhenomXPHM,M_total - final_mass_source,4.89223,0.428204,24495,1,90.7246,23.2195,0.1432,0.6237,0.6897,4300.1425,7.4028,network_matched_filter_snr,1,1.4527,0.1178,theta_jn
GW200208_222617,GWTC-3,C01:IMRPhenomXPHM,M_total - final_mass_source,5.045551,0.392439,209178,1,87.7227,23.8771,0.1595,0.6669,0.8824,5816.3066,7.3318,network_matched_filter_snr,1,1.5088,0.0619,theta_jn
GW200209_085452,GWTC-3,C01:IMRPhenomXPHM,M_total - final_mass_source,5.294557,0.101643,30588,1,61.831,26.3822,0.7808,-0.1248,0.5695,3407.9502,9.6179,network_matched_filter_snr,1,1.8039,-0.231,theta_jn
GW200209_085452,GWTC-3,C01:IMRPhenomXPHM,M_total - final_mass_source,5.30374,0.093251,161419,1,60.3288,25.8017,0.7898,-0.1066,0.6412,3934.6696,9.5826,network_matched_filter_snr,1,1.782,-0.2097,theta_jn
GW200210_092254,GWTC-3,C01:IMRPhenomXPHM,M_total - final_mass_source,4.223891,0.146266,78491,0,27.4557,6.5609,0.114,0.0346,0.1873,938.5242,8.3854,network_matched_filter_snr,1,2.4151,-0.7475,theta_jn
GW200210_092254,GWTC-3,C01:IMRPhenomXPHM,M_total - final_mass_source,4.227816,0.150171,141688,0,27.1921,6.525,0.1149,0.0311,0.1936,973.7281,8.372,network_matched_filter_snr,1,2.4175,-0.7491,theta_jn
GW200216_220804,GWTC-3,C01:IMRPhenomXPHM,M_total - final_mass_source,5.299956,0.280145,17943,1,80.9417,32.6391,0.5871,0.0805,0.6303,3853.474,8.1359,network_matched_filter_snr,1,0.8271,0.677,theta_jn
GW200216_220804,GWTC-3,C01:IMRPhenomXPHM,M_total - final_mass_source,5.348559,0.22306,145692,1,78.8524,32.4885,0.6541,0.1255,0.7612,4850.7836,8.1165,network_matched_filter_snr,1,0.7263,0.7476,theta_jn
GW200219_094415,GWTC-3,C01:IMRPhenomXPHM,M_total - final_mass_source,5.297178,0.106748,28386,1,64.9328,27.6031,0.7592,-0.0968,0.559,3332.3502,10.6843,network_matched_filter_snr,1,1.2737,0.2927,theta_jn
GW200219_094415,GWTC-3,C01:IMRPhenomXPHM,M_total - final_mass_source,5.305845,0.098394,154656,1,62.9356,26.8007,0.7673,-0.0841,0.6271,3829.5977,10.6759,network_matched_filter_snr,1,1.082,0.4696,theta_jn
GW200220_061928,GWTC-3,C01:IMRPhenomXPHM,M_total - final_mass_source,5.332795,0.234877,7327,1,144.1972,60.2499,0.7214,0.0373,0.9314,6216.9656,7.2416,network_matched_filter_snr,1,1.2508,0.3145,theta_jn
GW200220_061928,GWTC-3,C01:IMRPhenomXPHM,M_total - final_mass_source,5.359873,0.166807,123819,1,130.8113,54.9797,0.7364,0.0805,1.1703,8240.2654,7.1945,network_matched_filter_snr,1,1.0537,0.4944,theta_jn
GW200220_124850,GWTC-3,C01:IMRPhenomXPHM,M_total - final_mass_source,5.302616,0.117663,13497,1,65.742,27.9053,0.7449,-0.0741,0.6696,4147.5399,8.4581,network_matched_filter_snr,1,1.7393,-0.1678,theta_jn
GW200220_124850,GWTC-3,C01:IMRPhenomXPHM,M_total - final_mass_source,5.315809,0.106037,96667,1,62.2533,26.4779,0.7601,-0.0535,0.7977,5138.0481,8.4382,network_matched_filter_snr,1,1.8489,-0.2745,theta_jn
GW200224_222234,GWTC-3,C01:IMRPhenomXPHM,M_total - final_mass_source,5.398035,0.076352,88200,1,71.9586,30.9151,0.8029,0.1001,0.3159,1696.4693,19.9511,network_matched_filter_snr,1,0.6889,0.7719,theta_jn
GW200224_222234,GWTC-3,C01:IMRPhenomXPHM,M_total - final_mass_source,5.399574,0.073096,216261,1,71.5674,30.7533,0.8039,0.1032,0.3279,1771.5091,19.946,network_matched_filter_snr,1,0.6319,0.8069,theta_jn
GW200225_060421,GWTC-3,C01:IMRPhenomXPHM,M_total - final_mass_source,5.280417,0.094845,88167,1,33.5639,14.2479,0.7281,-0.1381,0.2138,1087.9199,12.5213,network_matched_filter_snr,1,1.7214,-0.15,theta_jn
GW200225_060421,GWTC-3,C01:IMRPhenomXPHM,M_total - final_mass_source,5.285762,0.092831,195767,1,33.3536,14.1722,0.7333,-0.1271,0.2258,1156.774,12.5101,network_matched_filter_snr,1,1.7489,-0.1772,theta_jn
GW200302_015811,GWTC-3,C01:IMRPhenomXPHM,M_total - final_mass_source,5.201894,0.163701,39475,1,57.445,22.9418,0.4896,-0.0012,0.2708,1421.5178,10.8394,network_matched_filter_snr,1,1.2303,0.3339,theta_jn
GW200302_015811,GWTC-3,C01:IMRPhenomXPHM,M_total - final_mass_source,5.225078,0.161466,104245,1,56.8752,22.8195,0.507,0.0131,0.2974,1582.3795,10.803,network_matched_filter_snr,1,1.1619,0.3976,theta_jn
GW200306_093714,GWTC-3,C01:IMRPhenomXPHM,M_total - final_mass_source,5.376419,0.28672,29333,1,43.7158,17.4319,0.5371,0.3102,0.3787,2095.9465,7.7504,network_matched_filter_snr,1,0.9986,0.5414,theta_jn
GW200306_093714,GWTC-3,C01:IMRPhenomXPHM,M_total - final_mass_source,5.420961,0.264371,116436,1,42.7835,17.2485,0.5589,0.3569,0.4337,2459.2568,7.745,network_matched_filter_snr,1,0.9505,0.5813,theta_jn
GW200308_173609,GWTC-3,C01:IMRPhenomXPHM,M_total - final_mass_source,5.185479,0.533146,3341,1,102.5327,36.8081,0.3491,0.127,1.0054,6831.0388,4.747,network_matched_filter_snr,1,1.4517,0.1188,theta_jn
GW200308_173609,GWTC-3,C01:IMRPhenomXPHM,M_total - final_mass_source,5.170826,0.531856,132606,1,103.0438,37.6878,0.3926,0.0576,2.1487,17389.0712,3.7342,network_matched_filter_snr,1,1.5483,0.0225,theta_jn
GW200311_115853,GWTC-3,C01:IMRPhenomXPHM,M_total - final_mass_source,5.338147,0.076073,109150,1,61.4657,26.324,0.7982,-0.0357,0.2295,1177.6702,17.8367,network_matched_filter_snr,1,0.5739,0.8398,theta_jn
GW200311_115853,GWTC-3,C01:IMRPhenomXPHM,M_total - final_mass_source,5.339013,0.074487,202628,1,61.3428,26.2704,0.7965,-0.0325,0.2338,1202.7842,17.8338,network_matched_filter_snr,1,0.5442,0.8555,theta_jn
GW200316_215756,GWTC-3,C01:IMRPhenomXPHM,M_total - final_mass_source,5.291595,0.175532,67196,1,21.7761,8.8087,0.5195,0.1507,0.2137,1086.937,10.318,network_matched_filter_snr,1,2.3699,-0.7167,theta_jn
GW200316_215756,GWTC-3,C01:IMRPhenomXPHM,M_total - final_mass_source,5.293432,0.17645,134403,1,21.5792,8.7482,0.5225,0.1489,0.2219,1134.0518,10.3025,network_matched_filter_snr,1,2.4178,-0.7493,theta_jn
GW200322_091133,GWTC-3,C01:IMRPhenomXPHM,M_total - final_mass_source,5.026192,0.784262,4140,1,76.6638,25.288,0.2986,0.1008,0.8231,5339.0735,4.4065,network_matched_filter_snr,1,1.6894,-0.1184,theta_jn
GW200322_091133,GWTC-3,C01:IMRPhenomXPHM,M_total - final_mass_source,4.632071,0.882896,137340,0,83.8205,25.2784,0.1858,0.0373,2.0452,16372.488,2.4941,network_matched_filter_snr,1,1.612,-0.0412,theta_jn
GW230518_125908,GWTC-4,C00:IMRPhenomXPHM-SpinTaylor,M_total - final_mass_source_non_evolved,4.552375,0.063382,11711,0,9.6205,2.7985,0.1767,-0.0124,0.0516,236.7211,14.3217,network_matched_filter_snr,1,2.1267,-0.5277,theta_jn
GW230529_181500,GWTC-4,C00:IMRPhenomXPHM:HighSpin,M_total - final_mass_source_non_evolved,5.066715,0.11441,5489,1,5.009,1.9392,0.4095,-0.1125,0.0448,204.6627,11.5979,network_matched_filter_snr,1,1.6378,-0.0669,theta_jn
GW230601_224134,GWTC-4,C00:IMRPhenomXPHM-SpinTaylor,M_total - final_mass_source_non_evolved,5.302915,0.116334,14438,1,108.7076,45.732,0.6766,-0.0201,0.5716,3423.2299,14.9767,network_matched_filter_snr,1,1.9924,-0.4092,theta_jn
GW230605_065343,GWTC-4,C00:IMRPhenomXPHM-SpinTaylor,M_total - final_mass_source_non_evolved,5.328778,0.080883,15769,1,28.7266,12.0093,0.6406,0.0683,0.2049,1037.3177,10.9782,network_matched_filter_snr,1,1.4847,0.086,theta_jn
GW230606_004305,GWTC-4,C00:IMRPhenomXPHM-SpinTaylor,M_total - final_mass_source_non_evolved,5.267046,0.124579,13904,1,62.6625,26.327,0.7126,-0.1361,0.4674,2688.5406,11.2376,network_matched_filter_snr,1,1.6019,-0.0311,theta_jn
GW230608_205047,GWTC-4,C00:IMRPhenomXPHM-SpinTaylor,M_total - final_mass_source_non_evolved,5.323086,0.150314,13528,1,78.8106,32.7478,0.6353,0.0498,0.5668,3388.5324,10.7009,network_matched_filter_snr,1,1.1734,0.387,theta_jn
GW230609_064958,GWTC-4,C00:IMRPhenomXPHM-SpinTaylor,M_total - final_mass_source_non_evolved,5.277572,0.10516,13019,1,59.9485,25.3984,0.7337,-0.1427,0.5549,3302.4614,10.7544,network_matched_filter_snr,1,1.6822,-0.1112,theta_jn
GW230624_113103,GWTC-4,C00:IMRPhenomXPHM-SpinTaylor,M_total - final_mass_source_non_evolved,5.345439,0.13242,15846,1,43.1645,17.8958,0.6252,0.1367,0.3477,1896.8585,10.6306,network_matched_filter_snr,1,1.2607,0.3051,theta_jn
GW230627_015337,GWTC-4,C00:IMRPhenomXPHM-SpinTaylor,M_total - final_mass_source_non_evolved,5.336123,0.042726,9688,1,14.1812,6.0146,0.6904,0.021,0.0663,307.3936,28.7425,network_matched_filter_snr,1,0.8646,0.6489,theta_jn
GW230628_231200,GWTC-4,C00:IMRPhenomXPHM-SpinTaylor,M_total - final_mass_source_non_evolved,5.360529,0.051052,15446,1,59.2169,25.5232,0.8466,-0.0023,0.4077,2286.1723,16.9476,network_matched_filter_snr,1,1.2515,0.3139,theta_jn
GW230630_125806,GWTC-4,C00:IMRPhenomXPHM-SpinTaylor,M_total - final_mass_source_non_evolved,5.393089,0.186947,16819,1,85.6976,35.4041,0.6513,0.2026,0.8132,5260.3667,8.8802,network_matched_filter_snr,1,1.7438,-0.1721,theta_jn
GW230630_234532,GWTC-4,C00:IMRPhenomXPHM-SpinTaylor,M_total - final_mass_source_non_evolved,5.301018,0.073578,15135,1,16.831,7.0704,0.6731,-0.0401,0.2114,1074.0132,9.7983,network_matched_filter_snr,1,0.8179,0.6837,theta_jn
GW230702_185453,GWTC-4,C00:IMRPhenomXPHM-SpinTaylor,M_total - final_mass_source_non_evolved,5.13827,0.221276,17288,1,60.8191,23.0595,0.4074,0.0587,0.4143,2329.5271,10.4642,network_matched_filter_snr,1,1.5897,-0.0189,theta_jn
GW230704_021211,GWTC-4,C00:IMRPhenomXPHM-SpinTaylor,M_total - final_mass_source_non_evolved,5.280832,0.126448,23018,1,53.5414,22.1032,0.6069,-0.0139,0.4506,2573.8533,9.8542,network_matched_filter_snr,1,1.3222,0.246,theta_jn
GW230704_212616,GWTC-4,C00:IMRPhenomXPHM-SpinTaylor,M_total - final_mass_source_non_evolved,5.382753,0.256198,23006,1,141.5987,54.7449,0.4952,0.3772,1.0016,6799.6591,8.876,network_matched_filter_snr,1,1.5,0.0707,theta_jn
GW230706_104333,GWTC-4,C00:IMRPhenomXPHM-SpinTaylor,M_total - final_mass_source_non_evolved,5.409033,0.07427,15235,1,27.9525,11.8191,0.7136,0.1929,0.3515,1921.0196,9.401,network_matched_filter_snr,1,1.339,0.2297,theta_jn
GW230707_124047,GWTC-4,C00:IMRPhenomXPHM-SpinTaylor,M_total - final_mass_source_non_evolved,5.332823,0.081914,13678,1,81.4944,34.9673,0.8134,-0.0435,0.7189,4523.3574,11.6368,network_matched_filter_snr,1,1.9674,-0.3863,theta_jn
GW230708_053705,GWTC-4,C00:IMRPhenomXPHM-SpinTaylor,M_total - final_mass_source_non_evolved,5.383408,0.07419,15934,1,51.9629,22.2893,0.8079,0.0773,0.5478,3252.043,9.0974,network_matched_filter_snr,1,1.7179,-0.1466,theta_jn
GW230708_230935,GWTC-4,C00:IMRPhenomXPHM-SpinTaylor,M_total - final_mass_source_non_evolved,5.291093,0.169231,14977,1,103.7964,42.7697,0.5992,0.0243,0.5634,3363.6804,10.0775,network_matched_filter_snr,1,2.2841,-0.6543,theta_jn
GW230709_122727,GWTC-4,C00:IMRPhenomXPHM-SpinTaylor,M_total - final_mass_source_non_evolved,5.353993,0.168628,12263,1,75.14,31.417,0.6973,0.0945,0.7276,4590.1164,9.3457,network_matched_filter_snr,1,2.1842,-0.5756,theta_jn
GW230712_090405,GWTC-4,C00:IMRPhenomXPHM-SpinTaylor,M_total - final_mass_source_non_evolved,5.088251,0.279942,26163,1,43.9833,15.6934,0.4074,-0.041,0.3614,1983.8998,8.8063,network_matched_filter_snr,1,1.9482,-0.3685,theta_jn
GW230723_101834,GWTC-4,C00:IMRPhenomXPHM-SpinTaylor,M_total - final_mass_source_non_evolved,5.248083,0.108596,15000,1,27.7103,11.4997,0.6377,-0.1589,0.2912,1544.5015,10.1961,network_matched_filter_snr,1,1.5162,0.0546,theta_jn
GW230726_002940,GWTC-4,C00:IMRPhenomXPHM-SpinTaylor,M_total - final_mass_source_non_evolved,5.342996,0.067656,13791,1,63.3806,27.1832,0.7997,-0.0166,0.3756,2075.8238,11.148,network_matched_filter_snr,1,1.9129,-0.3355,theta_jn
GW230729_082317,GWTC-4,C00:IMRPhenomXPHM-SpinTaylor,M_total - final_mass_source_non_evolved,5.334317,0.147594,12605,1,20.4058,8.3462,0.6104,0.1248,0.305,1629.1023,8.6033,network_matched_filter_snr,1,2.1236,-0.5251,theta_jn
GW230731_215307,GWTC-4,C00:IMRPhenomXPHM-SpinTaylor,M_total - final_mass_source_non_evolved,5.327364,0.047837,10904,1,18.2391,7.7653,0.7627,-0.0479,0.2182,1112.9582,12.196,network_matched_filter_snr,1,1.7339,-0.1624,theta_jn
GW230803_033412,GWTC-4,C00:IMRPhenomXPHM-SpinTaylor,M_total - final_mass_source_non_evolved,5.333825,0.15011,16784,1,76.1055,31.3469,0.6034,0.099,0.7328,4630.4898,8.5266,network_matched_filter_snr,1,1.5436,0.0272,theta_jn
GW230805_034249,GWTC-4,C00:IMRPhenomXPHM-SpinTaylor,M_total - final_mass_source_non_evolved,5.333124,0.154834,16941,1,56.729,23.3893,0.6387,0.082,0.5329,3145.4327,9.9352,network_matched_filter_snr,1,1.1655,0.3943,theta_jn
GW230806_204041,GWTC-4,C00:IMRPhenomXPHM-SpinTaylor,M_total - final_mass_source_non_evolved,5.362345,0.134665,14235,1,85.1538,35.8118,0.7117,0.0929,0.8451,5515.3718,9.2977,network_matched_filter_snr,1,1.8817,-0.306,theta_jn
GW230811_032116,GWTC-4,C00:IMRPhenomXPHM-SpinTaylor,M_total - final_mass_source_non_evolved,5.30546,0.097787,17874,1,57.9945,24.0645,0.6169,0.0171,0.3683,2028.7783,14.0204,network_matched_filter_snr,1,1.8174,-0.2441,theta_jn
GW230814_061920,GWTC-4,C00:IMRPhenomXPHM-SpinTaylor,M_total - final_mass_source_non_evolved,5.315806,0.132485,13478,1,112.1141,46.7224,0.6191,0.0529,0.6196,3774.1193,11.5262,network_matched_filter_snr,1,1.5687,0.0021,theta_jn
GW230814_230901,GWTC-4,C00:IMRPhenomXPHM-SpinTaylor,M_total - final_mass_source_non_evolved,5.359292,0.018525,13460,1,62.0258,26.8681,0.8494,-0.0103,0.0594,274.2109,45.8676,network_matched_filter_snr,1,1.5431,0.0277,theta_jn
GW230819_171910,GWTC-4,C00:IMRPhenomXPHM-SpinTaylor,M_total - final_mass_source_non_evolved,5.144922,0.307323,15680,1,110.4179,42.6385,0.4542,-0.0291,0.6318,3864.7887,9.7727,network_matched_filter_snr,1,1.6214,-0.0506,theta_jn
GW230820_212515,GWTC-4,C00:IMRPhenomXPHM-SpinTaylor,M_total - final_mass_source_non_evolved,5.31551,0.301793,15759,1,96.1931,37.5026,0.4943,0.2093,0.6195,3773.0859,9.2471,network_matched_filter_snr,1,2.4258,-0.7545,theta_jn
GW230824_033047,GWTC-4,C00:IMRPhenomXPHM-SpinTaylor,M_total - final_mass_source_non_evolved,5.323027,0.137225,13206,1,88.244,36.9874,0.6918,0.0022,0.7316,4621.2874,12.1772,network_matched_filter_snr,1,1.9969,-0.4133,theta_jn
GW230825_041334,GWTC-4,C00:IMRPhenomXPHM-SpinTaylor,M_total - final_mass_source_non_evolved,5.469248,0.143004,13826,1,70.6391,29.4152,0.657,0.3174,0.7852,5039.4197,8.8349,network_matched_filter_snr,1,1.7372,-0.1656,theta_jn
GW230831_015414,GWTC-4,C00:IMRPhenomXPHM-SpinTaylor,M_total - final_mass_source_non_evolved,5.352915,0.127811,14508,1,73.7716,31.2302,0.7468,0.0428,0.7251,4570.7014,8.9369,network_matched_filter_snr,1,1.6734,-0.1025,theta_jn
GW230904_051013,GWTC-4,C00:IMRPhenomXPHM-SpinTaylor,M_total - final_mass_source_non_evolved,5.339402,0.08416,15560,1,17.9681,7.5525,0.6699,0.0562,0.1997,1007.5056,10.3764,network_matched_filter_snr,1,2.4153,-0.7476,theta_jn
GW230911_195324,GWTC-4,C00:IMRPhenomXPHM-SpinTaylor,M_total - final_mass_source_non_evolved,5.257396,0.118616,18595,1,56.1018,23.132,0.5629,-0.029,0.221,1128.7026,12.9672,network_matched_filter_snr,1,1.5978,-0.027,theta_jn
GW230914_111401,GWTC-4,C00:IMRPhenomXPHM-SpinTaylor,M_total - final_mass_source_non_evolved,5.338201,0.138931,18353,1,95.8127,39.877,0.6056,0.1275,0.4526,2587.6081,17.6403,network_matched_filter_snr,1,1.2945,0.2728,theta_jn
GW230919_215712,GWTC-4,C00:IMRPhenomXPHM-SpinTaylor,M_total - final_mass_source_non_evolved,5.426625,0.048693,15670,1,49.316,21.1454,0.7966,0.1823,0.2461,1274.8923,17.1698,network_matched_filter_snr,1,2.5034,-0.8032,theta_jn
GW230920_071124,GWTC-4,C00:IMRPhenomXPHM-SpinTaylor,M_total - final_mass_source_non_evolved,5.339987,0.100859,15199,1,56.4734,23.9582,0.7569,-0.0019,0.4863,2818.4458,11.0814,network_matched_filter_snr,1,2.0257,-0.4394,theta_jn
GW230922_020344,GWTC-4,C00:IMRPhenomXPHM-SpinTaylor,M_total - final_mass_source_non_evolved,5.342404,0.078196,19000,1,70.6111,29.9145,0.7015,0.0354,0.276,1452.7638,13.0064,network_matched_filter_snr,1,2.4467,-0.7681,theta_jn
GW230922_040658,GWTC-4,C00:IMRPhenomXPHM-SpinTaylor,M_total - final_mass_source_non_evolved,5.445738,0.227381,14201,1,124.6904,50.9305,0.6524,0.3378,0.9495,6365.535,12.4412,network_matched_filter_snr,1,1.9279,-0.3495,theta_jn
GW230924_124453,GWTC-4,C00:IMRPhenomXPHM-SpinTaylor,M_total - final_mass_source_non_evolved,5.362742,0.052696,14630,1,51.7546,22.2595,0.812,0.0196,0.4192,2362.2796,14.0285,network_matched_filter_snr,1,2.2756,-0.6479,theta_jn
GW230927_043729,GWTC-4,C00:IMRPhenomXPHM-SpinTaylor,M_total - final_mass_source_non_evolved,5.353461,0.071947,13148,1,62.4715,26.7549,0.8056,0.0071,0.5287,3115.7852,11.5424,network_matched_filter_snr,1,1.8392,-0.2652,theta_jn
GW230927_153832,GWTC-4,C00:IMRPhenomXPHM-SpinTaylor,M_total - final_mass_source_non_evolved,5.356826,0.037012,14161,1,38.5156,16.4372,0.7442,0.0406,0.2278,1167.9873,21.4461,network_matched_filter_snr,1,2.4982,-0.8001,theta_jn
GW230928_215827,GWTC-4,C00:IMRPhenomXPHM-SpinTaylor,M_total - final_mass_source_non_evolved,5.500549,0.164221,19357,1,87.6395,35.7239,0.5473,0.4204,0.6974,4358.8838,9.9645,network_matched_filter_snr,1,1.6709,-0.1,theta_jn
GW230930_110730,GWTC-4,C00:IMRPhenomXPHM-SpinTaylor,M_total - final_mass_source_non_evolved,5.343906,0.11467,11732,1,58.9969,24.8918,0.7395,0.0277,0.7619,4856.8996,8.8049,network_matched_filter_snr,1,1.9817,-0.3994,theta_jn
GW231001_140220,GWTC-4,C00:IMRPhenomXPHM-SpinTaylor,M_total - final_mass_source_non_evolved,5.209786,0.184435,16041,1,116.328,46.7561,0.5203,-0.0479,0.673,4173.3257,10.5505,network_matched_filter_snr,1,1.6286,-0.0578,theta_jn
GW231004_232346,GWTC-4,C00:IMRPhenomXPHM-SpinTaylor,M_total - final_mass_source_non_evolved,5.201039,0.189241,15804,1,101.6706,40.7,0.5135,-0.0512,0.6567,4050.1858,9.0155,network_matched_filter_snr,1,1.4499,0.1206,theta_jn
GW231005_021030,GWTC-4,C00:IMRPhenomXPHM-SpinTaylor,M_total - final_mass_source_non_evolved,5.317988,0.187815,13730,1,131.5903,53.4136,0.5768,0.1123,0.939,6278.9327,10.283,network_matched_filter_snr,1,2.0329,-0.4458,theta_jn
GW231005_091549,GWTC-4,C00:IMRPhenomXPHM-SpinTaylor,M_total - final_mass_source_non_evolved,5.324195,0.107264,12902,1,50.6423,21.4966,0.7724,-0.0384,0.5938,3584.5482,8.843,network_matched_filter_snr,1,1.8582,-0.2834,theta_jn
GW231008_142521,GWTC-4,C00:IMRPhenomXPHM-SpinTaylor,M_total - final_mass_source_non_evolved,5.254499,0.184565,16800,1,71.2554,28.9099,0.5675,-0.0252,0.4817,2786.77,9.7497,network_matched_filter_snr,1,2.2117,-0.5979,theta_jn
GW231014_040532,GWTC-4,C00:IMRPhenomXPHM-SpinTaylor,M_total - final_mass_source_non_evolved,5.396424,0.13671,16903,1,35.8834,15.0755,0.7162,0.1813,0.3994,2231.0905,9.1809,network_matched_filter_snr,1,1.5007,0.07,theta_jn
GW231018_233037,GWTC-4,C00:IMRPhenomXPHM-SpinTaylor,M_total - final_mass_source_non_evolved,5.299404,0.110297,15611,1,19.0923,7.911,0.6234,0.0148,0.2877,1523.5745,8.4287,network_matched_filter_snr,1,1.4122,0.1579,theta_jn
GW231020_142947,GWTC-4,C00:IMRPhenomXPHM-SpinTaylor,M_total - final_mass_source_non_evolved,5.344919,0.155384,14942,1,19.8618,8.0709,0.6071,0.1512,0.2383,1228.753,10.6904,network_matched_filter_snr,1,1.558,0.0128,theta_jn
GW231028_153006,GWTC-4,C00:IMRPhenomXPHM-SpinTaylor,M_total - final_mass_source_non_evolved,5.5859,0.129417,15128,1,152.9012,64.299,0.6998,0.4957,0.7177,4514.3758,22.8283,network_matched_filter_snr,1,0.6607,0.7896,theta_jn
GW231029_111508,GWTC-4,C00:IMRPhenomXPHM-SpinTaylor,M_total - final_mass_source_non_evolved,5.356299,0.161173,13488,1,106.0689,44.0481,0.6231,0.1453,0.5145,3015.4656,12.1935,network_matched_filter_snr,1,1.9075,-0.3304,theta_jn
GW231102_071736,GWTC-4,C00:IMRPhenomXPHM-SpinTaylor,M_total - final_mass_source_non_evolved,5.363654,0.093359,15330,1,104.652,44.4813,0.7049,0.074,0.5985,3618.9162,16.2038,network_matched_filter_snr,1,1.9788,-0.3968,theta_jn
GW231104_133418,GWTC-4,C00:IMRPhenomXPHM-SpinTaylor,M_total - final_mass_source_non_evolved,5.388139,0.071936,13042,1,21.0329,8.8535,0.7054,0.1455,0.2781,1465.1652,11.5082,network_matched_filter_snr,1,1.5479,0.0229,theta_jn
GW231108_125142,GWTC-4,C00:IMRPhenomXPHM-SpinTaylor,M_total - final_mass_source_non_evolved,5.31068,0.047906,16031,1,40.6547,17.3451,0.7533,-0.0763,0.3717,2050.6583,13.5418,network_matched_filter_snr,1,1.2681,0.2981,theta_jn
GW231110_040320,GWTC-4,C00:IMRPhenomXPHM-SpinTaylor,M_total - final_mass_source_non_evolved,5.369673,0.083975,16586,1,32.5224,13.4722,0.6222,0.1746,0.3393,1843.5409,11.5069,network_matched_filter_snr,1,1.4506,0.1199,theta_jn
GW231113_122623,GWTC-4,C00:IMRPhenomXPHM-SpinTaylor,M_total - final_mass_source_non_evolved,5.491743,0.161842,17278,1,68.2932,28.4721,0.6797,0.3648,0.5524,3284.9727,8.6216,network_matched_filter_snr,1,1.2255,0.3384,theta_jn
GW231113_200417,GWTC-4,C00:IMRPhenomXPHM-SpinTaylor,M_total - final_mass_source_non_evolved,5.36529,0.087618,13984,1,19.1418,8.021,0.6585,0.1253,0.224,1146.2096,10.3448,network_matched_filter_snr,1,2.1585,-0.5544,theta_jn
GW231114_043211,GWTC-4,C00:IMRPhenomXPHM-SpinTaylor,M_total - final_mass_source_non_evolved,5.070178,0.15013,17986,1,31.5127,11.6527,0.353,0.091,0.2551,1327.506,10.2657,network_matched_filter_snr,1,1.7032,-0.132,theta_jn
GW231118_005626,GWTC-4,C00:IMRPhenomXPHM-SpinTaylor,M_total - final_mass_source_non_evolved,5.412667,0.114883,17887,1,31.8307,12.7915,0.4912,0.3929,0.3789,2097.2885,11.0118,network_matched_filter_snr,1,1.6873,-0.1162,theta_jn
GW231118_071402,GWTC-4,C00:IMRPhenomXPHM-SpinTaylor,M_total - final_mass_source_non_evolved,5.381256,0.139944,15567,1,73.8933,31.1009,0.7139,0.1278,0.6598,4073.8943,9.3364,network_matched_filter_snr,1,0.8962,0.6246,theta_jn
GW231118_090602,GWTC-4,C00:IMRPhenomXPHM-SpinTaylor,M_total - final_mass_source_non_evolved,5.258801,0.266069,17286,1,21.2289,8.3699,0.4902,0.1195,0.262,1368.9867,11.0981,network_matched_filter_snr,1,1.2882,0.2789,theta_jn
GW231119_075248,GWTC-4,C00:IMRPhenomXPHM-SpinTaylor,M_total - final_mass_source_non_evolved,5.326772,0.151216,14216,1,82.3292,34.5356,0.73,-0.0005,0.9702,6537.5322,8.4368,network_matched_filter_snr,1,1.7582,-0.1863,theta_jn
GW231123_135430,GWTC-4,C00:IMRPhenomXPHM-SpinTaylor,M_total - final_mass_source,5.295662,0.076309,19980,1,243.2756,102.3297,0.6222,0.0391,0.1712,849.531,22.3929,network_matched_filter_snr,1,1.5731,-0.0023,theta_jn
GW231127_165300,GWTC-4,C00:IMRPhenomXPHM-SpinTaylor,M_total - final_mass_source_non_evolved,5.305897,0.189981,14592,1,74.4822,30.555,0.6182,0.0406,0.6912,4311.5576,9.1603,network_matched_filter_snr,1,1.6831,-0.1121,theta_jn
GW231129_081745,GWTC-4,C00:IMRPhenomXPHM-SpinTaylor,M_total - final_mass_source_non_evolved,5.262584,0.160435,14785,1,69.5676,28.1396,0.536,0.0274,0.5956,3597.6601,8.302,network_matched_filter_snr,1,1.5481,0.0227,theta_jn
GW231206_233134,GWTC-4,C00:IMRPhenomXPHM-SpinTaylor,M_total - final_mass_source_non_evolved,5.317787,0.07223,13230,1,62.6127,26.8967,0.8147,-0.0901,0.5452,3233.4726,11.9689,network_matched_filter_snr,1,1.4396,0.1308,theta_jn
GW231206_233901,GWTC-4,C00:IMRPhenomXPHM-SpinTaylor,M_total - final_mass_source_non_evolved,5.336658,0.064416,15034,1,66.5665,28.4168,0.7725,-0.0293,0.2811,1483.1204,22.871,network_matched_filter_snr,1,0.7853,0.7072,theta_jn
GW231213_111417,GWTC-4,C00:IMRPhenomXPHM-SpinTaylor,M_total - final_mass_source_non_evolved,5.380196,0.090402,14380,1,62.6177,26.7593,0.7945,0.0767,0.6546,4035.0627,10.6738,network_matched_filter_snr,1,1.7647,-0.1927,theta_jn
GW231221_135041,GWTC-4,C00:IMRPhenomXPHM-SpinTaylor,M_total - final_mass_source_non_evolved,5.298569,0.200769,16198,1,77.258,31.2259,0.6404,0.0393,0.7017,4391.6806,8.5561,network_matched_filter_snr,1,1.8392,-0.2652,theta_jn
GW231223_032836,GWTC-4,C00:IMRPhenomXPHM-SpinTaylor,M_total - final_mass_source_non_evolved,5.239425,0.168712,15011,1,77.5766,32.3248,0.6994,-0.1616,0.6415,3936.5365,9.7557,network_matched_filter_snr,1,1.2637,0.3023,theta_jn
GW231223_075055,GWTC-4,C00:IMRPhenomXPHM-SpinTaylor,M_total - final_mass_source_non_evolved,5.290732,0.137727,18392,1,19.0328,7.8136,0.5625,0.0721,0.1914,960.9307,8.9339,network_matched_filter_snr,1,0.788,0.7052,theta_jn
GW231223_202619,GWTC-4,C00:IMRPhenomXPHM-SpinTaylor,M_total - final_mass_source_non_evolved,5.378161,0.068184,13892,1,19.7013,8.3771,0.7469,0.105,0.1776,884.3656,10.0031,network_matched_filter_snr,1,1.6784,-0.1074,theta_jn
GW231224_024321,GWTC-4,C00:IMRPhenomXPHM-SpinTaylor,M_total - final_mass_source_non_evolved,5.348177,0.037431,16775,1,16.6908,7.141,0.7826,-0.0052,0.1883,943.8509,13.1788,network_matched_filter_snr,1,1.2231,0.3407,theta_jn
GW231226_101520,GWTC-4,C00:IMRPhenomXPHM-SpinTaylor,M_total - final_mass_source_non_evolved,5.339032,0.025818,15030,1,75.1941,32.5575,0.878,-0.0738,0.2278,1168.1744,40.691,network_matched_filter_snr,1,0.6758,0.7802,theta_jn
GW231230_170116,GWTC-4,C00:IMRPhenomXPHM-SpinTaylor,M_total - final_mass_source_non_evolved,5.228653,0.183052,15694,1,87.7908,36.7309,0.7024,-0.2167,0.8681,5700.1833,8.1461,network_matched_filter_snr,1,1.6664,-0.0954,theta_jn
GW231231_154016,GWTC-4,C00:IMRPhenomXPHM-SpinTaylor,M_total - final_mass_source_non_evolved,5.33127,0.045913,13245,1,40.0007,17.109,0.7656,-0.0286,0.2087,1058.3816,14.3456,network_matched_filter_snr,1,1.2626,0.3033,theta_jn
GW240104_164932,GWTC-4,C00:IMRPhenomXPHM-SpinTaylor,M_total - final_mass_source_non_evolved,5.398803,0.080533,14325,1,75.2684,32.1979,0.7785,0.1255,0.3506,1915.091,15.4362,network_matched_filter_snr,1,1.1803,0.3807,theta_jn
GW240107_013215,GWTC-4,C00:IMRPhenomXPHM-SpinTaylor,M_total - final_mass_source_non_evolved,5.369864,0.282283,18048,1,89.5545,34.6195,0.4983,0.3387,0.8746,5752.7677,9.2562,network_matched_filter_snr,1,1.8659,-0.2908,theta_jn
GW240109_050431,GWTC-4,C00:IMRPhenomXPHM-SpinTaylor,M_total - final_mass_source_non_evolved,5.257511,0.085999,15285,1,47.299,19.7099,0.6168,-0.076,0.2758,1451.5962,11.36,network_matched_filter_snr,1,1.4972,0.0735,theta_jn
