event_file,event_type,waveform_key,n_samples,median_n,mean_n,std_n,in_bbh_band,median_chi_eff,E_chi_eff_sq,beta_fixed,GB_value,delta_from_unity
6513631/IGWN-GWTC2p1-v2-GW150914_095045_PEDataRelease_mixed_nocosmo.h5,BBH,C01:IMRPhenomXPHM,199766,5.34051,5.3331,0.04596,1,-0.05474,0.010817,0.814,0.835635,-0.164365
6513631/IGWN-GWTC2p1-v2-GW151012_095443_PEDataRelease_mixed_nocosmo.h5,BBH,C01:IMRPhenomXPHM,137933,5.29529,5.24436,0.20384,1,0.11781,0.042728,0.814,0.899456,-0.100544
6513631/IGWN-GWTC2p1-v2-GW151226_033853_PEDataRelease_mixed_nocosmo.h5,BBH,C01:IMRPhenomXPHM,188541,5.33179,5.26595,0.18991,1,0.20309,0.062672,0.814,0.939344,-0.060656
6513631/IGWN-GWTC2p1-v2-GW170104_101158_PEDataRelease_mixed_nocosmo.h5,BBH,C01:IMRPhenomXPHM,169007,5.31072,5.29459,0.08524,1,-0.03911,0.012855,0.814,0.83971,-0.16029
6513631/IGWN-GWTC2p1-v2-GW170608_020116_PEDataRelease_mixed_nocosmo.h5,BBH,C01:IMRPhenomXPHM,285112,5.3509,5.31858,0.08871,1,0.0436,0.008835,0.814,0.831669,-0.168331
6513631/IGWN-GWTC2p1-v2-GW170729_185629_PEDataRelease_mixed_nocosmo.h5,BBH,C01:IMRPhenomXPHM,173308,5.44022,5.39884,0.1788,1,0.30642,0.108822,0.814,1.031644,0.031644
6513631/IGWN-GWTC2p1-v2-GW170809_082821_PEDataRelease_mixed_nocosmo.h5,BBH,C01:IMRPhenomXPHM,177783,5.36348,5.34835,0.08655,1,0.08327,0.01805,0.814,0.8501,-0.1499
6513631/IGWN-GWTC2p1-v2-GW170814_103043_PEDataRelease_mixed_nocosmo.h5,BBH,C01:IMRPhenomXPHM,197034,5.37934,5.37526,0.04614,1,0.06135,0.009331,0.814,0.832663,-0.167337
6513631/IGWN-GWTC2p1-v2-GW170818_022509_PEDataRelease_mixed_nocosmo.h5,BBH,C01:IMRPhenomXPHM,160046,5.33763,5.33012,0.06602,1,-0.03465,0.016159,0.814,0.846318,-0.153682
6513631/IGWN-GWTC2p1-v2-GW170823_131358_PEDataRelease_mixed_nocosmo.h5,BBH,C01:IMRPhenomXPHM,136399,5.36976,5.35321,0.09842,1,0.06507,0.020924,0.814,0.855848,-0.144152
6513631/IGWN-GWTC2p1-v2-GW190403_051519_PEDataRelease_mixed_nocosmo.h5,BBH,C01:IMRPhenomXPHM,178895,5.40018,5.35747,0.29268,1,0.69593,0.467162,0.814,1.748325,0.748325
6513631/IGWN-GWTC2p1-v2-GW190408_181802_PEDataRelease_mixed_nocosmo.h5,BBH,C01:IMRPhenomXPHM,127008,5.32146,5.30801,0.07264,1,-0.02912,0.010262,0.814,0.834524,-0.165476
6513631/IGWN-GWTC2p1-v2-GW190412_053044_PEDataRelease_mixed_nocosmo.h5,BBH,C01:IMRPhenomXPHM,264789,5.02076,5.01837,0.0788,1,0.24789,0.065333,0.814,0.944665,-0.055335
6513631/IGWN-GWTC2p1-v2-GW190413_052954_PEDataRelease_mixed_nocosmo.h5,BBH,C01:IMRPhenomXPHM,144722,5.32943,5.31507,0.1112,1,-0.00355,0.030345,0.814,0.87469,-0.12531
6513631/IGWN-GWTC2p1-v2-GW190413_134308_PEDataRelease_mixed_nocosmo.h5,BBH,C01:IMRPhenomXPHM,155335,5.31107,5.27361,0.1697,1,0.02107,0.035307,0.814,0.884615,-0.115385
6513631/IGWN-GWTC2p1-v2-GW190421_213856_PEDataRelease_mixed_nocosmo.h5,BBH,C01:IMRPhenomXPHM,147856,5.31039,5.29278,0.09766,1,-0.08395,0.0307,0.814,0.8754,-0.1246
6513631/IGWN-GWTC2p1-v2-GW190426_190642_PEDataRelease_mixed_nocosmo.h5,BBH,C01:IMRPhenomXPHM,155608,5.44931,5.43702,0.16698,1,0.29754,0.146959,0.814,1.107918,0.107918
6513631/IGWN-GWTC2p1-v2-GW190503_185404_PEDataRelease_mixed_nocosmo.h5,BBH,C01:IMRPhenomXPHM,166116,5.29839,5.26749,0.13215,1,-0.04251,0.027768,0.814,0.869536,-0.130464
6513631/IGWN-GWTC2p1-v2-GW190512_180714_PEDataRelease_mixed_nocosmo.h5,BBH,C01:IMRPhenomXPHM,181271,5.238,5.22596,0.10916,1,0.02944,0.008914,0.814,0.831828,-0.168172
6513631/IGWN-GWTC2p1-v2-GW190513_205428_PEDataRelease_mixed_nocosmo.h5,BBH,C01:IMRPhenomXPHM,180002,5.28214,5.26773,0.1623,1,0.15022,0.046268,0.814,0.906537,-0.093463
6513631/IGWN-GWTC2p1-v2-GW190514_065416_PEDataRelease_mixed_nocosmo.h5,BBH,C01:IMRPhenomXPHM,123633,5.29992,5.27932,0.12757,1,-0.06762,0.040365,0.814,0.894729,-0.105271
6513631/IGWN-GWTC2p1-v2-GW190517_055101_PEDataRelease_mixed_nocosmo.h5,BBH,C01:IMRPhenomXPHM,161299,5.55257,5.49895,0.19653,1,0.47323,0.231549,0.814,1.277099,0.277099
6513631/IGWN-GWTC2p1-v2-GW190519_153544_PEDataRelease_mixed_nocosmo.h5,BBH,C01:IMRPhenomXPHM,150207,5.45327,5.4374,0.12437,1,0.33665,0.124647,0.814,1.063293,0.063293
6513631/IGWN-GWTC2p1-v2-GW190521_030229_PEDataRelease_mixed_nocosmo.h5,BBH,C01:IMRPhenomXPHM,148527,5.306,5.26186,0.21986,1,0.00147,0.074626,0.814,0.963252,-0.036748
6513631/IGWN-GWTC2p1-v2-GW190521_074359_PEDataRelease_mixed_nocosmo.h5,BBH,C01:IMRPhenomXPHM,210737,5.3748,5.369,0.05056,1,0.07258,0.010491,0.814,0.834982,-0.165018
6513631/IGWN-GWTC2p1-v2-GW190527_092055_PEDataRelease_mixed_nocosmo.h5,BBH,C01:IMRPhenomXPHM,141653,5.34275,5.28119,0.23314,1,0.12064,0.049587,0.814,0.913175,-0.086825
6513631/IGWN-GWTC2p1-v2-GW190602_175927_PEDataRelease_mixed_nocosmo.h5,BBH,C01:IMRPhenomXPHM,155451,5.36732,5.33166,0.16595,1,0.15214,0.046621,0.814,0.907242,-0.092758
6513631/IGWN-GWTC2p1-v2-GW190620_030421_PEDataRelease_mixed_nocosmo.h5,BBH,C01:IMRPhenomXPHM,152410,5.43967,5.38189,0.21496,1,0.33267,0.124806,0.814,1.063611,0.063611
6513631/IGWN-GWTC2p1-v2-GW190630_185205_PEDataRelease_mixed_nocosmo.h5,BBH,C01:IMRPhenomXPHM,171387,5.36557,5.34862,0.08254,1,0.09412,0.016694,0.814,0.847388,-0.152612
6513631/IGWN-GWTC2p1-v2-GW190701_203306_PEDataRelease_mixed_nocosmo.h5,BBH,C01:IMRPhenomXPHM,160160,5.30224,5.28585,0.10102,1,-0.08496,0.03498,0.814,0.88396,-0.11604
6513631/IGWN-GWTC2p1-v2-GW190706_222641_PEDataRelease_mixed_nocosmo.h5,BBH,C01:IMRPhenomXPHM,159868,5.40953,5.37388,0.19251,1,0.322,0.123149,0.814,1.060298,0.060298
6513631/IGWN-GWTC2p1-v2-GW190707_093326_PEDataRelease_mixed_nocosmo.h5,BBH,C01:IMRPhenomXPHM,367463,5.31066,5.2953,0.06179,1,-0.06341,0.006969,0.814,0.827938,-0.172062
6513631/IGWN-GWTC2p1-v2-GW190708_232457_PEDataRelease_mixed_nocosmo.h5,BBH,C01:IMRPhenomXPHM,94772,5.34133,5.32009,0.06695,1,0.01964,0.00467,0.814,0.823339,-0.176661
6513631/IGWN-GWTC2p1-v2-GW190719_215514_PEDataRelease_mixed_nocosmo.h5,BBH,C01:IMRPhenomXPHM,153538,5.39785,5.33687,0.25831,1,0.30411,0.135769,0.814,1.085539,0.085539
6513631/IGWN-GWTC2p1-v2-GW190720_000836_PEDataRelease_mixed_nocosmo.h5,BBH,C01:IMRPhenomXPHM,131644,5.32849,5.29174,0.1271,1,0.17495,0.042276,0.814,0.898552,-0.101448
6513631/IGWN-GWTC2p1-v2-GW190725_174728_PEDataRelease_mixed_nocosmo.h5,BBH,C01:IMRPhenomXPHM,170198,5.22206,5.15253,0.22348,1,-0.03561,0.02879,0.814,0.87158,-0.12842
6513631/IGWN-GWTC2p1-v2-GW190727_060333_PEDataRelease_mixed_nocosmo.h5,BBH,C01:IMRPhenomXPHM,162922,5.38788,5.37597,0.10183,1,0.09895,0.031165,0.814,0.876331,-0.123669
6513631/IGWN-GWTC2p1-v2-GW190728_064510_PEDataRelease_mixed_nocosmo.h5,BBH,C01:IMRPhenomXPHM,20000,5.34415,5.28273,0.17611,1,0.13951,0.043949,0.814,0.901897,-0.098103
6513631/IGWN-GWTC2p1-v2-GW190731_140936_PEDataRelease_mixed_nocosmo.h5,BBH,C01:IMRPhenomXPHM,126255,5.36527,5.34368,0.12301,1,0.07869,0.028646,0.814,0.871292,-0.128708
6513631/IGWN-GWTC2p1-v2-GW190803_022701_PEDataRelease_mixed_nocosmo.h5,BBH,C01:IMRPhenomXPHM,101656,5.34082,5.32265,0.10503,1,0.00276,0.022124,0.814,0.858248,-0.141752
6513631/IGWN-GWTC2p1-v2-GW190805_211137_PEDataRelease_mixed_nocosmo.h5,BBH,C01:IMRPhenomXPHM,169040,5.52385,5.50482,0.15301,1,0.42437,0.200611,0.814,1.215221,0.215221
6513631/IGWN-GWTC2p1-v2-GW190814_211039_PEDataRelease_mixed_nocosmo.h5,BBH,C01:IMRPhenomXPHM,89500,4.18876,4.1889,0.04005,0,0.0038,0.00269,0.814,0.819381,-0.180619
6513631/IGWN-GWTC2p1-v2-GW190828_063405_PEDataRelease_mixed_nocosmo.h5,BBH,C01:IMRPhenomXPHM,128000,5.42545,5.41957,0.06034,1,0.16038,0.033864,0.814,0.881728,-0.118272
6513631/IGWN-GWTC2p1-v2-GW190828_065509_PEDataRelease_mixed_nocosmo.h5,BBH,C01:IMRPhenomXPHM,181548,5.17838,5.16969,0.12783,1,0.05534,0.013618,0.814,0.841236,-0.158764
6513631/IGWN-GWTC2p1-v2-GW190910_112807_PEDataRelease_mixed_nocosmo.h5,BBH,C01:IMRPhenomXPHM,159609,5.35009,5.34037,0.06816,1,-0.00538,0.012072,0.814,0.838144,-0.161856
6513631/IGWN-GWTC2p1-v2-GW190915_235702_PEDataRelease_mixed_nocosmo.h5,BBH,C01:IMRPhenomXPHM,144305,5.33251,5.31941,0.08149,1,-0.0297,0.016589,0.814,0.847178,-0.152822
6513631/IGWN-GWTC2p1-v2-GW190916_200658_PEDataRelease_mixed_nocosmo.h5,BBH,C01:IMRPhenomXPHM,107199,5.40277,5.3546,0.22256,1,0.27255,0.109443,0.814,1.032887,0.032887
6513631/IGWN-GWTC2p1-v2-GW190917_114630_PEDataRelease_mixed_nocosmo.h5,BBH,C01:IMRPhenomXPHM,20000,4.66025,4.68165,0.21288,0,-0.07453,0.053231,0.814,0.920462,-0.079538
6513631/IGWN-GWTC2p1-v2-GW190924_021846_PEDataRelease_mixed_nocosmo.h5,BBH,C01:IMRPhenomXPHM,46372,5.24254,5.19541,0.16867,1,0.04632,0.019593,0.814,0.853186,-0.146814
6513631/IGWN-GWTC2p1-v2-GW190925_232845_PEDataRelease_mixed_nocosmo.h5,BBH,C01:IMRPhenomXPHM,164960,5.36467,5.34621,0.09148,1,0.08292,0.01882,0.814,0.851639,-0.148361
6513631/IGWN-GWTC2p1-v2-GW190926_050336_PEDataRelease_mixed_nocosmo.h5,BBH,C01:IMRPhenomXPHM,157760,5.26148,5.2129,0.19774,1,-0.00762,0.032551,0.814,0.879103,-0.120897
6513631/IGWN-GWTC2p1-v2-GW190929_012149_PEDataRelease_mixed_nocosmo.h5,BBH,C01:IMRPhenomXPHM,153782,5.14432,5.1064,0.2187,1,-0.02032,0.024737,0.814,0.863474,-0.136526
6513631/IGWN-GWTC2p1-v2-GW190930_133541_PEDataRelease_mixed_nocosmo.h5,BBH,C01:IMRPhenomXPHM,137344,5.34801,5.2861,0.17477,1,0.14869,0.048,0.814,0.910001,-0.089999
8177023/IGWN-GWTC3p0-v2-GW191103_012549_PEDataRelease_mixed_nocosmo.h5,BBH,C01:IMRPhenomXPHM,167837,5.39454,5.35109,0.13019,1,0.21747,0.061875,0.814,0.937749,-0.062251
8177023/IGWN-GWTC3p0-v2-GW191105_143521_PEDataRelease_mixed_nocosmo.h5,BBH,C01:IMRPhenomXPHM,142741,5.3138,5.28557,0.08988,1,-0.01765,0.006971,0.814,0.827943,-0.172057
8177023/IGWN-GWTC3p0-v2-GW191109_010717_PEDataRelease_mixed_nocosmo.h5,BBH,C01:IMRPhenomXPHM,270070,5.22473,5.22376,0.13003,1,-0.29381,0.136135,0.814,1.08627,0.08627
8177023/IGWN-GWTC3p0-v2-GW191113_071753_PEDataRelease_mixed_nocosmo.h5,BBH,C01:IMRPhenomXPHM,129899,4.64229,4.74025,0.32157,0,0.01005,0.032271,0.814,0.878542,-0.121458
8177023/IGWN-GWTC3p0-v2-GW191126_115259_PEDataRelease_mixed_nocosmo.h5,BBH,C01:IMRPhenomXPHM,158918,5.40293,5.37447,0.10477,1,0.21218,0.054525,0.814,0.92305,-0.07695
8177023/IGWN-GWTC3p0-v2-GW191127_050227_PEDataRelease_mixed_nocosmo.h5,BBH,C01:IMRPhenomXPHM,185048,5.30971,5.19458,0.37063,1,0.25876,0.104756,0.814,1.023512,0.023512
8177023/IGWN-GWTC3p0-v2-GW191129_134029_PEDataRelease_mixed_nocosmo.h5,BBH,C01:IMRPhenomXPHM,135743,5.30884,5.28328,0.0916,1,0.06575,0.013057,0.814,0.840113,-0.159887
8177023/IGWN-GWTC3p0-v2-GW191204_110529_PEDataRelease_mixed_nocosmo.h5,BBH,C01:IMRPhenomXPHM,155223,5.34086,5.3131,0.14486,1,0.04441,0.02794,0.814,0.86988,-0.13012
8177023/IGWN-GWTC3p0-v2-GW191204_171526_PEDataRelease_mixed_nocosmo.h5,BBH,C01:IMRPhenomXPHM,206292,5.38686,5.36741,0.06349,1,0.15941,0.029363,0.814,0.872727,-0.127273
8177023/IGWN-GWTC3p0-v2-GW191215_223052_PEDataRelease_mixed_nocosmo.h5,BBH,C01:IMRPhenomXPHM,20000,5.31361,5.3004,0.07863,1,-0.0423,0.015937,0.814,0.845875,-0.154125
8177023/IGWN-GWTC3p0-v2-GW191216_213338_PEDataRelease_mixed_nocosmo.h5,BBH,C01:IMRPhenomXPHM,315108,5.3247,5.28725,0.14214,1,0.11733,0.028509,0.814,0.871017,-0.128983
8177023/IGWN-GWTC3p0-v2-GW191219_163120_PEDataRelease_mixed_nocosmo.h5,BBH,C01:IMRPhenomXPHM:HighSpin,20000,3.27267,3.27828,0.06026,0,0.005,0.002319,0.814,0.818639,-0.181361
8177023/IGWN-GWTC3p0-v2-GW191222_033537_PEDataRelease_mixed_nocosmo.h5,BBH,C01:IMRPhenomXPHM,135537,5.3257,5.30791,0.09348,1,-0.03986,0.020083,0.814,0.854165,-0.145835
8177023/IGWN-GWTC3p0-v2-GW191230_180458_PEDataRelease_mixed_nocosmo.h5,BBH,C01:IMRPhenomXPHM,139585,5.32517,5.30791,0.11144,1,-0.03895,0.031227,0.814,0.876454,-0.123546
8177023/IGWN-GWTC3p0-v2-GW200105_162426_PEDataRelease_mixed_nocosmo.h5,BBH,C01:IMRPhenomXPHM,20000,4.68829,4.68995,0.13669,0,0.00069,0.016364,0.814,0.846727,-0.153273
8177023/IGWN-GWTC3p0-v2-GW200112_155838_PEDataRelease_mixed_nocosmo.h5,BBH,C01:IMRPhenomXPHM,157304,5.3634,5.35271,0.06569,1,0.04814,0.010248,0.814,0.834495,-0.165505
8177023/IGWN-GWTC3p0-v2-GW200115_042309_PEDataRelease_mixed_nocosmo.h5,BBH,C01:IMRPhenomXPHM:HighSpin,20000,4.74169,4.74827,0.21101,0,-0.16874,0.074494,0.814,0.962987,-0.037013
8177023/IGWN-GWTC3p0-v2-GW200128_022011_PEDataRelease_mixed_nocosmo.h5,BBH,C01:IMRPhenomXPHM,150506,5.3861,5.37575,0.09111,1,0.0915,0.026578,0.814,0.867156,-0.132844
8177023/IGWN-GWTC3p0-v2-GW200129_065458_PEDataRelease_mixed_nocosmo.h5,BBH,C01:IMRPhenomXPHM,148072,5.38486,5.34851,0.10561,1,0.10956,0.019607,0.814,0.853213,-0.146787
8177023/IGWN-GWTC3p0-v2-GW200202_154313_PEDataRelease_mixed_nocosmo.h5,BBH,C01:IMRPhenomXPHM,170115,5.34602,5.31613,0.08729,1,0.03626,0.008126,0.814,0.830251,-0.169749
8177023/IGWN-GWTC3p0-v2-GW200208_130117_PEDataRelease_mixed_nocosmo.h5,BBH,C01:IMRPhenomXPHM,104414,5.30511,5.28622,0.10359,1,-0.06466,0.028217,0.814,0.870434,-0.129566
8177023/IGWN-GWTC3p0-v2-GW200208_222617_PEDataRelease_mixed_nocosmo.h5,BBH,C01:IMRPhenomXPHM,209178,5.04559,4.99548,0.39244,1,0.66692,0.409085,0.814,1.63217,0.63217
8177023/IGWN-GWTC3p0-v2-GW200209_085452_PEDataRelease_mixed_nocosmo.h5,BBH,C01:IMRPhenomXPHM,161419,5.30377,5.29109,0.09325,1,-0.10655,0.04166,0.814,0.89732,-0.10268
8177023/IGWN-GWTC3p0-v2-GW200210_092254_PEDataRelease_mixed_nocosmo.h5,BBH,C01:IMRPhenomXPHM,141688,4.22785,4.21303,0.15017,0,0.03108,0.024277,0.814,0.862554,-0.137446
8177023/IGWN-GWTC3p0-v2-GW200216_220804_PEDataRelease_mixed_nocosmo.h5,BBH,C01:IMRPhenomXPHM,145692,5.34859,5.29508,0.22306,1,0.12547,0.055521,0.814,0.925041,-0.074959
8177023/IGWN-GWTC3p0-v2-GW200219_094415_PEDataRelease_mixed_nocosmo.h5,BBH,C01:IMRPhenomXPHM,154656,5.30588,5.28867,0.09839,1,-0.0841,0.031461,0.814,0.876921,-0.123079
8177023/IGWN-GWTC3p0-v2-GW200220_061928_PEDataRelease_mixed_nocosmo.h5,BBH,C01:IMRPhenomXPHM,123819,5.35991,5.34305,0.16681,1,0.08048,0.060295,0.814,0.934591,-0.065409
8177023/IGWN-GWTC3p0-v2-GW200220_124850_PEDataRelease_mixed_nocosmo.h5,BBH,C01:IMRPhenomXPHM,96667,5.31584,5.30189,0.10604,1,-0.05354,0.034344,0.814,0.882687,-0.117313
8177023/IGWN-GWTC3p0-v2-GW200224_222234_PEDataRelease_mixed_nocosmo.h5,BBH,C01:IMRPhenomXPHM,216261,5.39961,5.38728,0.0731,1,0.10325,0.018346,0.814,0.850693,-0.149307
8177023/IGWN-GWTC3p0-v2-GW200225_060421_PEDataRelease_mixed_nocosmo.h5,BBH,C01:IMRPhenomXPHM,195767,5.2858,5.26269,0.09283,1,-0.12709,0.039429,0.814,0.892858,-0.107142
8177023/IGWN-GWTC3p0-v2-GW200302_015811_PEDataRelease_mixed_nocosmo.h5,BBH,C01:IMRPhenomXPHM,104245,5.22511,5.21011,0.16147,1,0.0131,0.023058,0.814,0.860115,-0.139885
8177023/IGWN-GWTC3p0-v2-GW200306_093714_PEDataRelease_mixed_nocosmo.h5,BBH,C01:IMRPhenomXPHM,116436,5.421,5.35411,0.26437,1,0.35688,0.144436,0.814,1.102872,0.102872
8177023/IGWN-GWTC3p0-v2-GW200308_173609_PEDataRelease_mixed_nocosmo.h5,BBH,C01:IMRPhenomXPHM,132606,5.17086,4.97325,0.53186,1,0.0576,0.102287,0.814,1.018575,0.018575
8177023/IGWN-GWTC3p0-v2-GW200311_115853_PEDataRelease_mixed_nocosmo.h5,BBH,C01:IMRPhenomXPHM,202628,5.33905,5.32466,0.07449,1,-0.03254,0.013087,0.814,0.840174,-0.159826
8177023/IGWN-GWTC3p0-v2-GW200316_215756_PEDataRelease_mixed_nocosmo.h5,BBH,C01:IMRPhenomXPHM,134403,5.29347,5.23358,0.17645,1,0.14885,0.048189,0.814,0.910379,-0.089621
8177023/IGWN-GWTC3p0-v2-GW200322_091133_PEDataRelease_mixed_nocosmo.h5,BBH,C01:IMRPhenomXPHM,137340,4.63211,4.46118,0.8829,0,0.03725,0.102115,0.814,1.01823,0.01823
IGWN-GWTC4p0-0f954158d_720-GW230518_125908-combined_PEDataRelease.hdf5,BBH,C00:IMRPhenomXPHM-SpinTaylor,11711,4.55241,4.55647,0.06338,0,-0.01241,0.004319,0.814,0.822638,-0.177362
IGWN-GWTC4p0-0f954158d_720-GW230529_181500-combined_PEDataRelease.hdf5,BBH,C00:IMRPhenomXPHM:HighSpin,5489,5.06675,5.07285,0.11441,1,-0.11246,0.022446,0.814,0.858893,-0.141107
IGWN-GWTC4p0-0f954158d_720-GW230601_224134-combined_PEDataRelease.hdf5,BBH,C00:IMRPhenomXPHM-SpinTaylor,14438,5.30293,5.28731,0.11634,1,-0.02015,0.029146,0.814,0.872293,-0.127707
IGWN-GWTC4p0-0f954158d_720-GW230605_065343-combined_PEDataRelease.hdf5,BBH,C00:IMRPhenomXPHM-SpinTaylor,15769,5.3287,5.30639,0.08123,1,0.06829,0.012117,0.814,0.838234,-0.161766
IGWN-GWTC4p0-0f954158d_720-GW230606_004305-combined_PEDataRelease.hdf5,BBH,C00:IMRPhenomXPHM-SpinTaylor,13904,5.2668,5.24302,0.12462,1,-0.13613,0.047134,0.814,0.908267,-0.091733
IGWN-GWTC4p0-0f954158d_720-GW230608_205047-combined_PEDataRelease.hdf5,BBH,C00:IMRPhenomXPHM-SpinTaylor,13528,5.32344,5.2922,0.15037,1,0.04976,0.025179,0.814,0.864358,-0.135642
IGWN-GWTC4p0-0f954158d_720-GW230609_064958-combined_PEDataRelease.hdf5,BBH,C00:IMRPhenomXPHM-SpinTaylor,13019,5.27794,5.25686,0.10504,1,-0.14268,0.04407,0.814,0.90214,-0.09786
IGWN-GWTC4p0-0f954158d_720-GW230624_113103-combined_PEDataRelease.hdf5,BBH,C00:IMRPhenomXPHM-SpinTaylor,15846,5.34441,5.32296,0.13217,1,0.13669,0.040467,0.814,0.894934,-0.105066
IGWN-GWTC4p0-0f954158d_720-GW230627_015337-combined_PEDataRelease.hdf5,BBH,C00:IMRPhenomXPHM-SpinTaylor,9688,5.33628,5.32492,0.04277,1,0.02096,0.00246,0.814,0.81892,-0.18108
IGWN-GWTC4p0-0f954158d_720-GW230628_231200-combined_PEDataRelease.hdf5,BBH,C00:IMRPhenomXPHM-SpinTaylor,15446,5.36124,5.35672,0.05125,1,-0.00228,0.008476,0.814,0.830951,-0.169049
IGWN-GWTC4p0-0f954158d_720-GW230630_125806-combined_PEDataRelease.hdf5,BBH,C00:IMRPhenomXPHM-SpinTaylor,16819,5.39305,5.3586,0.18689,1,0.20262,0.074721,0.814,0.963442,-0.036558
IGWN-GWTC4p0-0f954158d_720-GW230630_234532-combined_PEDataRelease.hdf5,BBH,C00:IMRPhenomXPHM-SpinTaylor,15135,5.30131,5.27847,0.07368,1,-0.04014,0.005964,0.814,0.825928,-0.174072
IGWN-GWTC4p0-0f954158d_720-GW230702_185453-combined_PEDataRelease.hdf5,BBH,C00:IMRPhenomXPHM-SpinTaylor,17288,5.13821,5.09979,0.22133,1,0.05871,0.029262,0.814,0.872524,-0.127476
IGWN-GWTC4p0-0f954158d_720-GW230704_021211-combined_PEDataRelease.hdf5,BBH,C00:IMRPhenomXPHM-SpinTaylor,23018,5.28105,5.25673,0.12649,1,-0.01389,0.016133,0.814,0.846265,-0.153735
IGWN-GWTC4p0-0f954158d_720-GW230704_212616-combined_PEDataRelease.hdf5,BBH,C00:IMRPhenomXPHM-SpinTaylor,23006,5.38206,5.32731,0.25624,1,0.37719,0.170918,0.814,1.155836,0.155836
IGWN-GWTC4p0-0f954158d_720-GW230706_104333-combined_PEDataRelease.hdf5,BBH,C00:IMRPhenomXPHM-SpinTaylor,15235,5.40878,5.39623,0.07499,1,0.19291,0.042923,0.814,0.899846,-0.100154
IGWN-GWTC4p0-0f954158d_720-GW230707_124047-combined_PEDataRelease.hdf5,BBH,C00:IMRPhenomXPHM-SpinTaylor,13678,5.333,5.32659,0.08199,1,-0.04347,0.027165,0.814,0.86833,-0.13167
IGWN-GWTC4p0-0f954158d_720-GW230708_053705-combined_PEDataRelease.hdf5,BBH,C00:IMRPhenomXPHM-SpinTaylor,15934,5.38436,5.38055,0.07464,1,0.07729,0.024566,0.814,0.863132,-0.136868
IGWN-GWTC4p0-0f954158d_720-GW230708_230935-combined_PEDataRelease.hdf5,BBH,C00:IMRPhenomXPHM-SpinTaylor,14977,5.29116,5.25752,0.16924,1,0.02428,0.028352,0.814,0.870704,-0.129296
IGWN-GWTC4p0-0f954158d_720-GW230709_122727-combined_PEDataRelease.hdf5,BBH,C00:IMRPhenomXPHM-SpinTaylor,12263,5.35381,5.32265,0.1688,1,0.09451,0.041512,0.814,0.897024,-0.102976
IGWN-GWTC4p0-0f954158d_720-GW230712_090405-combined_PEDataRelease.hdf5,BBH,C00:IMRPhenomXPHM-SpinTaylor,26163,5.08814,5.05072,0.27933,1,-0.04105,0.035241,0.814,0.884482,-0.115518
IGWN-GWTC4p0-0f954158d_720-GW230723_101834-combined_PEDataRelease.hdf5,BBH,C00:IMRPhenomXPHM-SpinTaylor,15000,5.24801,5.22865,0.10718,1,-0.15887,0.043988,0.814,0.901977,-0.098023
IGWN-GWTC4p0-0f954158d_720-GW230726_002940-combined_PEDataRelease.hdf5,BBH,C00:IMRPhenomXPHM-SpinTaylor,13791,5.34321,5.33769,0.06778,1,-0.01655,0.016669,0.814,0.847339,-0.152661
IGWN-GWTC4p0-0f954158d_720-GW230729_082317-combined_PEDataRelease.hdf5,BBH,C00:IMRPhenomXPHM-SpinTaylor,12605,5.33515,5.27928,0.14794,1,0.12476,0.0339,0.814,0.8818,-0.1182
IGWN-GWTC4p0-0f954158d_720-GW230731_215307-combined_PEDataRelease.hdf5,BBH,C00:IMRPhenomXPHM-SpinTaylor,10904,5.32715,5.31152,0.04799,1,-0.04788,0.00414,0.814,0.82228,-0.17772
IGWN-GWTC4p0-0f954158d_720-GW230803_033412-combined_PEDataRelease.hdf5,BBH,C00:IMRPhenomXPHM-SpinTaylor,16784,5.33373,5.30682,0.15002,1,0.09899,0.039639,0.814,0.893278,-0.106722
IGWN-GWTC4p0-0f954158d_720-GW230805_034249-combined_PEDataRelease.hdf5,BBH,C00:IMRPhenomXPHM-SpinTaylor,16941,5.33543,5.3009,0.15431,1,0.08199,0.030235,0.814,0.874471,-0.125529
IGWN-GWTC4p0-0f954158d_720-GW230806_204041-combined_PEDataRelease.hdf5,BBH,C00:IMRPhenomXPHM-SpinTaylor,14235,5.36262,5.34045,0.13465,1,0.09289,0.034113,0.814,0.882226,-0.117774
IGWN-GWTC4p0-0f954158d_720-GW230811_032116-combined_PEDataRelease.hdf5,BBH,C00:IMRPhenomXPHM-SpinTaylor,17874,5.30473,5.29109,0.09819,1,0.01711,0.010668,0.814,0.835336,-0.164664
IGWN-GWTC4p0-0f954158d_720-GW230814_061920-combined_PEDataRelease.hdf5,BBH,C00:IMRPhenomXPHM-SpinTaylor,13478,5.31596,5.29625,0.1325,1,0.05286,0.024317,0.814,0.862634,-0.137366
IGWN-GWTC4p0-0f954158d_720-GW230814_230901-combined_PEDataRelease.hdf5,BBH,C00:IMRPhenomXPHM-SpinTaylor,13460,5.35945,5.35745,0.01846,1,-0.01034,0.001464,0.814,0.816929,-0.183071
IGWN-GWTC4p0-0f954158d_720-GW230819_171910-combined_PEDataRelease.hdf5,BBH,C00:IMRPhenomXPHM-SpinTaylor,15680,5.14527,5.06825,0.30734,1,-0.02915,0.058953,0.814,0.931905,-0.068095
IGWN-GWTC4p0-0f954158d_720-GW230820_212515-combined_PEDataRelease.hdf5,BBH,C00:IMRPhenomXPHM-SpinTaylor,15759,5.31583,5.22102,0.30179,1,0.20929,0.076684,0.814,0.967368,-0.032632
IGWN-GWTC4p0-0f954158d_720-GW230824_033047-combined_PEDataRelease.hdf5,BBH,C00:IMRPhenomXPHM-SpinTaylor,13206,5.32298,5.28962,0.13723,1,0.00218,0.019497,0.814,0.852995,-0.147005
IGWN-GWTC4p0-0f954158d_720-GW230825_041334-combined_PEDataRelease.hdf5,BBH,C00:IMRPhenomXPHM-SpinTaylor,13826,5.46935,5.44198,0.14311,1,0.31738,0.118134,0.814,1.050268,0.050268
IGWN-GWTC4p0-0f954158d_720-GW230831_015414-combined_PEDataRelease.hdf5,BBH,C00:IMRPhenomXPHM-SpinTaylor,14508,5.35369,5.33422,0.12777,1,0.04275,0.02945,0.814,0.8729,-0.1271
IGWN-GWTC4p0-0f954158d_720-GW230904_051013-combined_PEDataRelease.hdf5,BBH,C00:IMRPhenomXPHM-SpinTaylor,15560,5.33891,5.31066,0.08416,1,0.05618,0.010255,0.814,0.83451,-0.16549
IGWN-GWTC4p0-0f954158d_720-GW230911_195324-combined_PEDataRelease.hdf5,BBH,C00:IMRPhenomXPHM-SpinTaylor,18595,5.25947,5.23958,0.11833,1,-0.029,0.015676,0.814,0.845352,-0.154648
IGWN-GWTC4p0-0f954158d_720-GW230914_111401-combined_PEDataRelease.hdf5,BBH,C00:IMRPhenomXPHM-SpinTaylor,18353,5.33799,5.31326,0.13903,1,0.12752,0.029849,0.814,0.873699,-0.126301
IGWN-GWTC4p0-0f954158d_720-GW230919_215712-combined_PEDataRelease.hdf5,BBH,C00:IMRPhenomXPHM-SpinTaylor,15670,5.42664,5.42192,0.04916,1,0.18229,0.038588,0.814,0.891175,-0.108825
IGWN-GWTC4p0-0f954158d_720-GW230920_071124-combined_PEDataRelease.hdf5,BBH,C00:IMRPhenomXPHM-SpinTaylor,15199,5.34031,5.32241,0.10097,1,-0.00189,0.016115,0.814,0.84623,-0.15377
IGWN-GWTC4p0-0f954158d_720-GW230922_020344-combined_PEDataRelease.hdf5,BBH,C00:IMRPhenomXPHM-SpinTaylor,19000,5.34382,5.33354,0.0785,1,0.03535,0.014453,0.814,0.842906,-0.157094
IGWN-GWTC4p0-0f954158d_720-GW230922_040658-combined_PEDataRelease.hdf5,BBH,C00:IMRPhenomXPHM-SpinTaylor,14201,5.4457,5.38783,0.22737,1,0.33778,0.132894,0.814,1.079787,0.079787
IGWN-GWTC4p0-0f954158d_720-GW230924_124453-combined_PEDataRelease.hdf5,BBH,C00:IMRPhenomXPHM-SpinTaylor,14630,5.36288,5.35945,0.05297,1,0.01957,0.010037,0.814,0.834074,-0.165926
IGWN-GWTC4p0-0f954158d_720-GW230927_043729-combined_PEDataRelease.hdf5,BBH,C00:IMRPhenomXPHM-SpinTaylor,13148,5.35326,5.34567,0.07204,1,0.0071,0.014509,0.814,0.843017,-0.156983
IGWN-GWTC4p0-0f954158d_720-GW230927_153832-combined_PEDataRelease.hdf5,BBH,C00:IMRPhenomXPHM-SpinTaylor,14161,5.35863,5.3523,0.03783,1,0.04056,0.003613,0.814,0.821227,-0.178773
IGWN-GWTC4p0-0f954158d_720-GW230928_215827-combined_PEDataRelease.hdf5,BBH,C00:IMRPhenomXPHM-SpinTaylor,19357,5.50068,5.46061,0.16403,1,0.42045,0.182629,0.814,1.179259,0.179259
IGWN-GWTC4p0-0f954158d_720-GW230930_110730-combined_PEDataRelease.hdf5,BBH,C00:IMRPhenomXPHM-SpinTaylor,11732,5.34389,5.32668,0.1146,1,0.02766,0.024363,0.814,0.862725,-0.137275
IGWN-GWTC4p0-0f954158d_720-GW231001_140220-combined_PEDataRelease.hdf5,BBH,C00:IMRPhenomXPHM-SpinTaylor,16041,5.20984,5.17907,0.18448,1,-0.04788,0.039667,0.814,0.893334,-0.106666
IGWN-GWTC4p0-0f954158d_720-GW231004_232346-combined_PEDataRelease.hdf5,BBH,C00:IMRPhenomXPHM-SpinTaylor,15804,5.20081,5.16334,0.18936,1,-0.05118,0.042652,0.814,0.899305,-0.100695
IGWN-GWTC4p0-0f954158d_720-GW231005_021030-combined_PEDataRelease.hdf5,BBH,C00:IMRPhenomXPHM-SpinTaylor,13730,5.31847,5.28587,0.18777,1,0.11233,0.059978,0.814,0.933956,-0.066044
IGWN-GWTC4p0-0f954158d_720-GW231005_091549-combined_PEDataRelease.hdf5,BBH,C00:IMRPhenomXPHM-SpinTaylor,12902,5.32519,5.3061,0.10717,1,-0.03843,0.023047,0.814,0.860094,-0.139906
IGWN-GWTC4p0-0f954158d_720-GW231008_142521-combined_PEDataRelease.hdf5,BBH,C00:IMRPhenomXPHM-SpinTaylor,16800,5.25411,5.20711,0.18451,1,-0.02524,0.022363,0.814,0.858725,-0.141275
IGWN-GWTC4p0-0f954158d_720-GW231014_040532-combined_PEDataRelease.hdf5,BBH,C00:IMRPhenomXPHM-SpinTaylor,16903,5.39742,5.37457,0.13692,1,0.18128,0.05586,0.814,0.925721,-0.074279
IGWN-GWTC4p0-0f954158d_720-GW231018_233037-combined_PEDataRelease.hdf5,BBH,C00:IMRPhenomXPHM-SpinTaylor,15611,5.29969,5.26787,0.11047,1,0.01478,0.009188,0.814,0.832375,-0.167625
IGWN-GWTC4p0-0f954158d_720-GW231020_142947-combined_PEDataRelease.hdf5,BBH,C00:IMRPhenomXPHM-SpinTaylor,14942,5.34416,5.27769,0.15539,1,0.15116,0.043661,0.814,0.901323,-0.098677
IGWN-GWTC4p0-0f954158d_720-GW231028_153006-combined_PEDataRelease.hdf5,BBH,C00:IMRPhenomXPHM-SpinTaylor,15128,5.58597,5.55142,0.12946,1,0.49569,0.250419,0.814,1.314839,0.314839
IGWN-GWTC4p0-0f954158d_720-GW231029_111508-combined_PEDataRelease.hdf5,BBH,C00:IMRPhenomXPHM-SpinTaylor,13488,5.35636,5.32448,0.16123,1,0.14528,0.041772,0.814,0.897544,-0.102456
IGWN-GWTC4p0-0f954158d_720-GW231102_071736-combined_PEDataRelease.hdf5,BBH,C00:IMRPhenomXPHM-SpinTaylor,15330,5.36361,5.35279,0.09338,1,0.07405,0.019582,0.814,0.853165,-0.146835
IGWN-GWTC4p0-0f954158d_720-GW231104_133418-combined_PEDataRelease.hdf5,BBH,C00:IMRPhenomXPHM-SpinTaylor,13042,5.3873,5.36476,0.07213,1,0.14553,0.026367,0.814,0.866735,-0.133265
IGWN-GWTC4p0-0f954158d_720-GW231108_125142-combined_PEDataRelease.hdf5,BBH,C00:IMRPhenomXPHM-SpinTaylor,16031,5.31141,5.30498,0.04841,1,-0.07625,0.012383,0.814,0.838767,-0.161233
IGWN-GWTC4p0-0f954158d_720-GW231110_040320-combined_PEDataRelease.hdf5,BBH,C00:IMRPhenomXPHM-SpinTaylor,16586,5.37099,5.35646,0.08562,1,0.17464,0.036001,0.814,0.886002,-0.113998
IGWN-GWTC4p0-0f954158d_720-GW231113_122623-combined_PEDataRelease.hdf5,BBH,C00:IMRPhenomXPHM-SpinTaylor,17278,5.49228,5.45827,0.16196,1,0.36482,0.148738,0.814,1.111475,0.111475
IGWN-GWTC4p0-0f954158d_720-GW231113_200417-combined_PEDataRelease.hdf5,BBH,C00:IMRPhenomXPHM-SpinTaylor,13984,5.36428,5.33747,0.08846,1,0.12531,0.022627,0.814,0.859255,-0.140745
IGWN-GWTC4p0-0f954158d_720-GW231114_043211-combined_PEDataRelease.hdf5,BBH,C00:IMRPhenomXPHM-SpinTaylor,17986,5.07038,5.05141,0.15025,1,0.09097,0.021987,0.814,0.857975,-0.142025
IGWN-GWTC4p0-0f954158d_720-GW231118_005626-combined_PEDataRelease.hdf5,BBH,C00:IMRPhenomXPHM-SpinTaylor,17887,5.41535,5.40212,0.11216,1,0.39286,0.157454,0.814,1.128907,0.128907
IGWN-GWTC4p0-0f954158d_720-GW231118_071402-combined_PEDataRelease.hdf5,BBH,C00:IMRPhenomXPHM-SpinTaylor,15567,5.38122,5.35985,0.1401,1,0.12777,0.044648,0.814,0.903296,-0.096704
IGWN-GWTC4p0-0f954158d_720-GW231118_090602-combined_PEDataRelease.hdf5,BBH,C00:IMRPhenomXPHM-SpinTaylor,17286,5.25852,5.13865,0.26587,1,0.11951,0.060212,0.814,0.934424,-0.065576
IGWN-GWTC4p0-0f954158d_720-GW231119_075248-combined_PEDataRelease.hdf5,BBH,C00:IMRPhenomXPHM-SpinTaylor,14216,5.32686,5.29388,0.15115,1,-0.00049,0.027941,0.814,0.869883,-0.130117
IGWN-GWTC4p0-0f954158d_720-GW231123_135430-combined_PEDataRelease.hdf5,BBH,C00:IMRPhenomXPHM-SpinTaylor,19980,5.2957,5.28486,0.07631,1,0.03907,0.013708,0.814,0.841416,-0.158584
IGWN-GWTC4p0-0f954158d_720-GW231127_165300-combined_PEDataRelease.hdf5,BBH,C00:IMRPhenomXPHM-SpinTaylor,14592,5.306,5.26205,0.19005,1,0.04064,0.036807,0.814,0.887613,-0.112387
IGWN-GWTC4p0-0f954158d_720-GW231129_081745-combined_PEDataRelease.hdf5,BBH,C00:IMRPhenomXPHM-SpinTaylor,14785,5.26245,5.23822,0.16046,1,0.0274,0.02336,0.814,0.860719,-0.139281
IGWN-GWTC4p0-0f954158d_720-GW231206_233134-combined_PEDataRelease.hdf5,BBH,C00:IMRPhenomXPHM-SpinTaylor,13230,5.31785,5.30913,0.07233,1,-0.09006,0.027235,0.814,0.86847,-0.13153
IGWN-GWTC4p0-0f954158d_720-GW231206_233901-combined_PEDataRelease.hdf5,BBH,C00:IMRPhenomXPHM-SpinTaylor,15034,5.33583,5.32229,0.0652,1,-0.02925,0.00748,0.814,0.82896,-0.17104
IGWN-GWTC4p0-0f954158d_720-GW231213_111417-combined_PEDataRelease.hdf5,BBH,C00:IMRPhenomXPHM-SpinTaylor,14380,5.38029,5.3709,0.09033,1,0.0767,0.024746,0.814,0.863492,-0.136508
IGWN-GWTC4p0-0f954158d_720-GW231221_135041-combined_PEDataRelease.hdf5,BBH,C00:IMRPhenomXPHM-SpinTaylor,16198,5.29813,5.25461,0.20095,1,0.03933,0.057907,0.814,0.929814,-0.070186
IGWN-GWTC4p0-0f954158d_720-GW231223_032836-combined_PEDataRelease.hdf5,BBH,C00:IMRPhenomXPHM-SpinTaylor,15011,5.23927,5.20257,0.16868,1,-0.16159,0.074438,0.814,0.962876,-0.037124
IGWN-GWTC4p0-0f954158d_720-GW231223_075055-combined_PEDataRelease.hdf5,BBH,C00:IMRPhenomXPHM-SpinTaylor,18392,5.2897,5.24979,0.13807,1,0.07208,0.018654,0.814,0.851308,-0.148692
IGWN-GWTC4p0-0f954158d_720-GW231223_202619-combined_PEDataRelease.hdf5,BBH,C00:IMRPhenomXPHM-SpinTaylor,13892,5.37843,5.36192,0.06877,1,0.10497,0.017811,0.814,0.849623,-0.150377
IGWN-GWTC4p0-0f954158d_720-GW231224_024321-combined_PEDataRelease.hdf5,BBH,C00:IMRPhenomXPHM-SpinTaylor,16775,5.34842,5.33733,0.03787,1,-0.00516,0.001586,0.814,0.817172,-0.182828
IGWN-GWTC4p0-0f954158d_720-GW231226_101520-combined_PEDataRelease.hdf5,BBH,C00:IMRPhenomXPHM-SpinTaylor,15030,5.33863,5.33536,0.02668,1,-0.0738,0.007762,0.814,0.829524,-0.170476
IGWN-GWTC4p0-0f954158d_720-GW231230_170116-combined_PEDataRelease.hdf5,BBH,C00:IMRPhenomXPHM-SpinTaylor,15694,5.22859,5.18632,0.18299,1,-0.21668,0.088637,0.814,0.991273,-0.008727
IGWN-GWTC4p0-0f954158d_720-GW231231_154016-combined_PEDataRelease.hdf5,BBH,C00:IMRPhenomXPHM-SpinTaylor,13245,5.33311,5.32514,0.04632,1,-0.02865,0.005346,0.814,0.824692,-0.175308
IGWN-GWTC4p0-0f954158d_720-GW240104_164932-combined_PEDataRelease.hdf5,BBH,C00:IMRPhenomXPHM-SpinTaylor,14325,5.39889,5.38769,0.08088,1,0.12554,0.027053,0.814,0.868106,-0.131894
IGWN-GWTC4p0-0f954158d_720-GW240107_013215-combined_PEDataRelease.hdf5,BBH,C00:IMRPhenomXPHM-SpinTaylor,18048,5.36989,5.29758,0.28232,1,0.33875,0.143914,0.814,1.101827,0.101827
IGWN-GWTC4p0-0f954158d_720-GW240109_050431-combined_PEDataRelease.hdf5,BBH,C00:IMRPhenomXPHM-SpinTaylor,15285,5.25834,5.24976,0.0862,1,-0.07599,0.021558,0.814,0.857117,-0.142883
