event_file,catalog,waveform_key,median_n,in_bbh_band,n_posterior_samples,median_chi_eff,e_chi2_posterior,e_chi2_median2,beta_posterior,beta_median2,delta_beta,gb_old_beta,gb_new_beta,spin_cat
6513631/IGWN-GWTC2p1-v2-GW150914_095045_PEDataRelease_mixed_nocosmo.h5,GWTC-2.1,C01:IMRPhenomXPHM,5.34051,1,199766,-0.05474,0.010817,0.002996,0.97837,0.99401,-0.01564,0.83563,1.0,low
6513631/IGWN-GWTC2p1-v2-GW151012_095443_PEDataRelease_mixed_nocosmo.h5,GWTC-2.1,C01:IMRPhenomXPHM,5.29529,1,137933,0.11781,0.042728,0.013878,0.91454,0.97224,-0.0577,0.89946,1.0,mid
6513631/IGWN-GWTC2p1-v2-GW151226_033853_PEDataRelease_mixed_nocosmo.h5,GWTC-2.1,C01:IMRPhenomXPHM,5.33179,1,188541,0.20309,0.062672,0.041244,0.87466,0.91751,-0.04286,0.93934,1.0,mid
6513631/IGWN-GWTC2p1-v2-GW170104_101158_PEDataRelease_mixed_nocosmo.h5,GWTC-2.1,C01:IMRPhenomXPHM,5.31072,1,169007,-0.03911,0.012855,0.00153,0.97429,0.99694,-0.02265,0.83971,1.0,near_zero
6513631/IGWN-GWTC2p1-v2-GW170608_020116_PEDataRelease_mixed_nocosmo.h5,GWTC-2.1,C01:IMRPhenomXPHM,5.3509,1,285112,0.0436,0.008835,0.001901,0.98233,0.9962,-0.01387,0.83167,1.0,near_zero
6513631/IGWN-GWTC2p1-v2-GW170729_185629_PEDataRelease_mixed_nocosmo.h5,GWTC-2.1,C01:IMRPhenomXPHM,5.44022,1,173308,0.30642,0.108822,0.093891,0.78236,0.81222,-0.02986,1.03164,1.0,high
6513631/IGWN-GWTC2p1-v2-GW170809_082821_PEDataRelease_mixed_nocosmo.h5,GWTC-2.1,C01:IMRPhenomXPHM,5.36348,1,177783,0.08327,0.01805,0.006934,0.9639,0.98613,-0.02223,0.8501,1.0,low
6513631/IGWN-GWTC2p1-v2-GW170814_103043_PEDataRelease_mixed_nocosmo.h5,GWTC-2.1,C01:IMRPhenomXPHM,5.37934,1,197034,0.06135,0.009331,0.003763,0.98134,0.99247,-0.01114,0.83266,1.0,low
6513631/IGWN-GWTC2p1-v2-GW170818_022509_PEDataRelease_mixed_nocosmo.h5,GWTC-2.1,C01:IMRPhenomXPHM,5.33763,1,160046,-0.03465,0.016159,0.001201,0.96768,0.9976,-0.02992,0.84632,1.0,near_zero
6513631/IGWN-GWTC2p1-v2-GW170823_131358_PEDataRelease_mixed_nocosmo.h5,GWTC-2.1,C01:IMRPhenomXPHM,5.36976,1,136399,0.06507,0.020924,0.004234,0.95815,0.99153,-0.03338,0.85585,1.0,low
6513631/IGWN-GWTC2p1-v2-GW190403_051519_PEDataRelease_mixed_nocosmo.h5,GWTC-2.1,C01:IMRPhenomXPHM,5.40018,1,178895,0.69593,0.467162,0.484315,0.06568,0.03137,0.03431,1.74832,1.0,high
6513631/IGWN-GWTC2p1-v2-GW190408_181802_PEDataRelease_mixed_nocosmo.h5,GWTC-2.1,C01:IMRPhenomXPHM,5.32146,1,127008,-0.02912,0.010262,0.000848,0.97948,0.9983,-0.01883,0.83452,1.0,near_zero
6513631/IGWN-GWTC2p1-v2-GW190412_053044_PEDataRelease_mixed_nocosmo.h5,GWTC-2.1,C01:IMRPhenomXPHM,5.02076,1,264789,0.24789,0.065333,0.061449,0.86933,0.8771,-0.00777,0.94467,1.0,mid
6513631/IGWN-GWTC2p1-v2-GW190413_052954_PEDataRelease_mixed_nocosmo.h5,GWTC-2.1,C01:IMRPhenomXPHM,5.32943,1,144722,-0.00355,0.030345,1.3e-05,0.93931,0.99997,-0.06066,0.87469,1.0,near_zero
6513631/IGWN-GWTC2p1-v2-GW190413_134308_PEDataRelease_mixed_nocosmo.h5,GWTC-2.1,C01:IMRPhenomXPHM,5.31107,1,155335,0.02107,0.035307,0.000444,0.92939,0.99911,-0.06973,0.88461,1.0,near_zero
6513631/IGWN-GWTC2p1-v2-GW190421_213856_PEDataRelease_mixed_nocosmo.h5,GWTC-2.1,C01:IMRPhenomXPHM,5.31039,1,147856,-0.08395,0.0307,0.007047,0.9386,0.98591,-0.04731,0.8754,1.0,low
6513631/IGWN-GWTC2p1-v2-GW190426_190642_PEDataRelease_mixed_nocosmo.h5,GWTC-2.1,C01:IMRPhenomXPHM,5.44931,1,155608,0.29754,0.146959,0.088531,0.70608,0.82294,-0.11686,1.10792,1.0,mid
6513631/IGWN-GWTC2p1-v2-GW190503_185404_PEDataRelease_mixed_nocosmo.h5,GWTC-2.1,C01:IMRPhenomXPHM,5.29839,1,166116,-0.04251,0.027768,0.001807,0.94446,0.99639,-0.05192,0.86954,1.0,near_zero
6513631/IGWN-GWTC2p1-v2-GW190512_180714_PEDataRelease_mixed_nocosmo.h5,GWTC-2.1,C01:IMRPhenomXPHM,5.238,1,181271,0.02944,0.008914,0.000867,0.98217,0.99827,-0.01609,0.83183,1.0,near_zero
6513631/IGWN-GWTC2p1-v2-GW190513_205428_PEDataRelease_mixed_nocosmo.h5,GWTC-2.1,C01:IMRPhenomXPHM,5.28214,1,180002,0.15022,0.046268,0.022566,0.90746,0.95487,-0.0474,0.90654,1.0,mid
6513631/IGWN-GWTC2p1-v2-GW190514_065416_PEDataRelease_mixed_nocosmo.h5,GWTC-2.1,C01:IMRPhenomXPHM,5.29992,1,123633,-0.06762,0.040365,0.004572,0.91927,0.99086,-0.07158,0.89473,1.0,low
6513631/IGWN-GWTC2p1-v2-GW190517_055101_PEDataRelease_mixed_nocosmo.h5,GWTC-2.1,C01:IMRPhenomXPHM,5.55257,1,161299,0.47323,0.231549,0.22395,0.5369,0.5521,-0.0152,1.2771,1.0,high
6513631/IGWN-GWTC2p1-v2-GW190519_153544_PEDataRelease_mixed_nocosmo.h5,GWTC-2.1,C01:IMRPhenomXPHM,5.45327,1,150207,0.33665,0.124647,0.113332,0.75071,0.77334,-0.02263,1.06329,1.0,high
6513631/IGWN-GWTC2p1-v2-GW190521_030229_PEDataRelease_mixed_nocosmo.h5,GWTC-2.1,C01:IMRPhenomXPHM,5.306,1,148527,0.00147,0.074626,2e-06,0.85075,1.0,-0.14925,0.96325,1.0,near_zero
6513631/IGWN-GWTC2p1-v2-GW190521_074359_PEDataRelease_mixed_nocosmo.h5,GWTC-2.1,C01:IMRPhenomXPHM,5.3748,1,210737,0.07258,0.010491,0.005267,0.97902,0.98947,-0.01045,0.83498,1.0,low
6513631/IGWN-GWTC2p1-v2-GW190527_092055_PEDataRelease_mixed_nocosmo.h5,GWTC-2.1,C01:IMRPhenomXPHM,5.34275,1,141653,0.12064,0.049587,0.014555,0.90083,0.97089,-0.07007,0.91317,1.0,mid
6513631/IGWN-GWTC2p1-v2-GW190602_175927_PEDataRelease_mixed_nocosmo.h5,GWTC-2.1,C01:IMRPhenomXPHM,5.36732,1,155451,0.15214,0.046621,0.023147,0.90676,0.95371,-0.04695,0.90724,1.0,mid
6513631/IGWN-GWTC2p1-v2-GW190620_030421_PEDataRelease_mixed_nocosmo.h5,GWTC-2.1,C01:IMRPhenomXPHM,5.43967,1,152410,0.33267,0.124806,0.110672,0.75039,0.77866,-0.02827,1.06361,1.0,high
6513631/IGWN-GWTC2p1-v2-GW190630_185205_PEDataRelease_mixed_nocosmo.h5,GWTC-2.1,C01:IMRPhenomXPHM,5.36557,1,171387,0.09412,0.016694,0.008858,0.96661,0.98228,-0.01567,0.84739,1.0,low
6513631/IGWN-GWTC2p1-v2-GW190701_203306_PEDataRelease_mixed_nocosmo.h5,GWTC-2.1,C01:IMRPhenomXPHM,5.30224,1,160160,-0.08496,0.03498,0.007217,0.93004,0.98557,-0.05553,0.88396,1.0,low
6513631/IGWN-GWTC2p1-v2-GW190706_222641_PEDataRelease_mixed_nocosmo.h5,GWTC-2.1,C01:IMRPhenomXPHM,5.40953,1,159868,0.322,0.123149,0.103686,0.7537,0.79263,-0.03893,1.0603,1.0,high
6513631/IGWN-GWTC2p1-v2-GW190707_093326_PEDataRelease_mixed_nocosmo.h5,GWTC-2.1,C01:IMRPhenomXPHM,5.31066,1,367463,-0.06341,0.006969,0.004021,0.98606,0.99196,-0.0059,0.82794,1.0,low
6513631/IGWN-GWTC2p1-v2-GW190708_232457_PEDataRelease_mixed_nocosmo.h5,GWTC-2.1,C01:IMRPhenomXPHM,5.34133,1,94772,0.01964,0.00467,0.000386,0.99066,0.99923,-0.00857,0.82334,1.0,near_zero
6513631/IGWN-GWTC2p1-v2-GW190719_215514_PEDataRelease_mixed_nocosmo.h5,GWTC-2.1,C01:IMRPhenomXPHM,5.39785,1,153538,0.30411,0.135769,0.092486,0.72846,0.81503,-0.08657,1.08554,1.0,high
6513631/IGWN-GWTC2p1-v2-GW190720_000836_PEDataRelease_mixed_nocosmo.h5,GWTC-2.1,C01:IMRPhenomXPHM,5.32849,1,131644,0.17495,0.042276,0.030609,0.91545,0.93878,-0.02333,0.89855,1.0,mid
6513631/IGWN-GWTC2p1-v2-GW190725_174728_PEDataRelease_mixed_nocosmo.h5,GWTC-2.1,C01:IMRPhenomXPHM,5.22206,1,170198,-0.03561,0.02879,0.001268,0.94242,0.99746,-0.05504,0.87158,1.0,near_zero
6513631/IGWN-GWTC2p1-v2-GW190727_060333_PEDataRelease_mixed_nocosmo.h5,GWTC-2.1,C01:IMRPhenomXPHM,5.38788,1,162922,0.09895,0.031165,0.00979,0.93767,0.98042,-0.04275,0.87633,1.0,low
6513631/IGWN-GWTC2p1-v2-GW190728_064510_PEDataRelease_mixed_nocosmo.h5,GWTC-2.1,C01:IMRPhenomXPHM,5.34415,1,20000,0.13951,0.043949,0.019462,0.9121,0.96108,-0.04897,0.9019,1.0,mid
6513631/IGWN-GWTC2p1-v2-GW190731_140936_PEDataRelease_mixed_nocosmo.h5,GWTC-2.1,C01:IMRPhenomXPHM,5.36527,1,126255,0.07869,0.028646,0.006193,0.94271,0.98761,-0.04491,0.87129,1.0,low
6513631/IGWN-GWTC2p1-v2-GW190803_022701_PEDataRelease_mixed_nocosmo.h5,GWTC-2.1,C01:IMRPhenomXPHM,5.34082,1,101656,0.00276,0.022124,8e-06,0.95575,0.99998,-0.04423,0.85825,1.0,near_zero
6513631/IGWN-GWTC2p1-v2-GW190805_211137_PEDataRelease_mixed_nocosmo.h5,GWTC-2.1,C01:IMRPhenomXPHM,5.52385,1,169040,0.42437,0.200611,0.18009,0.59878,0.63982,-0.04104,1.21522,1.0,high
6513631/IGWN-GWTC2p1-v2-GW190814_211039_PEDataRelease_mixed_nocosmo.h5,GWTC-2.1,C01:IMRPhenomXPHM,4.18876,0,89500,0.0038,0.00269,1.4e-05,0.99462,0.99997,-0.00535,0.81938,1.0,near_zero
6513631/IGWN-GWTC2p1-v2-GW190828_063405_PEDataRelease_mixed_nocosmo.h5,GWTC-2.1,C01:IMRPhenomXPHM,5.42545,1,128000,0.16038,0.033864,0.025722,0.93227,0.94856,-0.01628,0.88173,1.0,mid
6513631/IGWN-GWTC2p1-v2-GW190828_065509_PEDataRelease_mixed_nocosmo.h5,GWTC-2.1,C01:IMRPhenomXPHM,5.17838,1,181548,0.05534,0.013618,0.003062,0.97276,0.99388,-0.02111,0.84124,1.0,low
6513631/IGWN-GWTC2p1-v2-GW190910_112807_PEDataRelease_mixed_nocosmo.h5,GWTC-2.1,C01:IMRPhenomXPHM,5.35009,1,159609,-0.00538,0.012072,2.9e-05,0.97586,0.99994,-0.02409,0.83814,1.0,near_zero
6513631/IGWN-GWTC2p1-v2-GW190915_235702_PEDataRelease_mixed_nocosmo.h5,GWTC-2.1,C01:IMRPhenomXPHM,5.33251,1,144305,-0.0297,0.016589,0.000882,0.96682,0.99824,-0.03141,0.84718,1.0,near_zero
6513631/IGWN-GWTC2p1-v2-GW190916_200658_PEDataRelease_mixed_nocosmo.h5,GWTC-2.1,C01:IMRPhenomXPHM,5.40277,1,107199,0.27255,0.109443,0.074282,0.78111,0.85144,-0.07032,1.03289,1.0,mid
6513631/IGWN-GWTC2p1-v2-GW190917_114630_PEDataRelease_mixed_nocosmo.h5,GWTC-2.1,C01:IMRPhenomXPHM,4.66025,0,20000,-0.07453,0.053231,0.005554,0.89354,0.98889,-0.09535,0.92046,1.0,low
6513631/IGWN-GWTC2p1-v2-GW190924_021846_PEDataRelease_mixed_nocosmo.h5,GWTC-2.1,C01:IMRPhenomXPHM,5.24254,1,46372,0.04632,0.019593,0.002146,0.96081,0.99571,-0.03489,0.85319,1.0,near_zero
6513631/IGWN-GWTC2p1-v2-GW190925_232845_PEDataRelease_mixed_nocosmo.h5,GWTC-2.1,C01:IMRPhenomXPHM,5.36467,1,164960,0.08292,0.01882,0.006876,0.96236,0.98625,-0.02389,0.85164,1.0,low
6513631/IGWN-GWTC2p1-v2-GW190926_050336_PEDataRelease_mixed_nocosmo.h5,GWTC-2.1,C01:IMRPhenomXPHM,5.26148,1,157760,-0.00762,0.032551,5.8e-05,0.9349,0.99988,-0.06499,0.8791,1.0,near_zero
6513631/IGWN-GWTC2p1-v2-GW190929_012149_PEDataRelease_mixed_nocosmo.h5,GWTC-2.1,C01:IMRPhenomXPHM,5.14432,1,153782,-0.02032,0.024737,0.000413,0.95053,0.99917,-0.04865,0.86347,1.0,near_zero
6513631/IGWN-GWTC2p1-v2-GW190930_133541_PEDataRelease_mixed_nocosmo.h5,GWTC-2.1,C01:IMRPhenomXPHM,5.34801,1,137344,0.14869,0.048,0.022108,0.904,0.95578,-0.05179,0.91,1.0,mid
8177023/IGWN-GWTC3p0-v2-GW191103_012549_PEDataRelease_mixed_nocosmo.h5,GWTC-3,C01:IMRPhenomXPHM,5.39454,1,167837,0.21747,0.061875,0.047295,0.87625,0.90541,-0.02916,0.93775,1.0,mid
8177023/IGWN-GWTC3p0-v2-GW191105_143521_PEDataRelease_mixed_nocosmo.h5,GWTC-3,C01:IMRPhenomXPHM,5.3138,1,142741,-0.01765,0.006971,0.000311,0.98606,0.99938,-0.01332,0.82794,1.0,near_zero
8177023/IGWN-GWTC3p0-v2-GW191109_010717_PEDataRelease_mixed_nocosmo.h5,GWTC-3,C01:IMRPhenomXPHM,5.22473,1,270070,-0.29381,0.136135,0.086322,0.72773,0.82736,-0.09963,1.08627,1.0,mid
8177023/IGWN-GWTC3p0-v2-GW191113_071753_PEDataRelease_mixed_nocosmo.h5,GWTC-3,C01:IMRPhenomXPHM,4.64229,0,129899,0.01005,0.032271,0.000101,0.93546,0.9998,-0.06434,0.87854,1.0,near_zero
8177023/IGWN-GWTC3p0-v2-GW191126_115259_PEDataRelease_mixed_nocosmo.h5,GWTC-3,C01:IMRPhenomXPHM,5.40293,1,158918,0.21218,0.054525,0.045019,0.89095,0.90996,-0.01901,0.92305,1.0,mid
8177023/IGWN-GWTC3p0-v2-GW191127_050227_PEDataRelease_mixed_nocosmo.h5,GWTC-3,C01:IMRPhenomXPHM,5.30971,1,185048,0.25876,0.104756,0.066959,0.79049,0.86608,-0.07559,1.02351,1.0,mid
8177023/IGWN-GWTC3p0-v2-GW191129_134029_PEDataRelease_mixed_nocosmo.h5,GWTC-3,C01:IMRPhenomXPHM,5.30884,1,135743,0.06575,0.013057,0.004323,0.97389,0.99135,-0.01747,0.84011,1.0,low
8177023/IGWN-GWTC3p0-v2-GW191204_110529_PEDataRelease_mixed_nocosmo.h5,GWTC-3,C01:IMRPhenomXPHM,5.34086,1,155223,0.04441,0.02794,0.001972,0.94412,0.99606,-0.05194,0.86988,1.0,near_zero
8177023/IGWN-GWTC3p0-v2-GW191204_171526_PEDataRelease_mixed_nocosmo.h5,GWTC-3,C01:IMRPhenomXPHM,5.38686,1,206292,0.15941,0.029363,0.025411,0.94127,0.94918,-0.0079,0.87273,1.0,mid
8177023/IGWN-GWTC3p0-v2-GW191215_223052_PEDataRelease_mixed_nocosmo.h5,GWTC-3,C01:IMRPhenomXPHM,5.31361,1,20000,-0.0423,0.015937,0.00179,0.96813,0.99642,-0.0283,0.84587,1.0,near_zero
8177023/IGWN-GWTC3p0-v2-GW191216_213338_PEDataRelease_mixed_nocosmo.h5,GWTC-3,C01:IMRPhenomXPHM,5.3247,1,315108,0.11733,0.028509,0.013767,0.94298,0.97247,-0.02948,0.87102,1.0,mid
8177023/IGWN-GWTC3p0-v2-GW191219_163120_PEDataRelease_mixed_nocosmo.h5,GWTC-3,C01:IMRPhenomXPHM:HighSpin,3.27267,0,20000,0.005,0.002319,2.5e-05,0.99536,0.99995,-0.00459,0.81864,1.0,near_zero
8177023/IGWN-GWTC3p0-v2-GW191222_033537_PEDataRelease_mixed_nocosmo.h5,GWTC-3,C01:IMRPhenomXPHM,5.3257,1,135537,-0.03986,0.020083,0.001588,0.95983,0.99682,-0.03699,0.85417,1.0,near_zero
8177023/IGWN-GWTC3p0-v2-GW191230_180458_PEDataRelease_mixed_nocosmo.h5,GWTC-3,C01:IMRPhenomXPHM,5.32517,1,139585,-0.03895,0.031227,0.001517,0.93755,0.99697,-0.05942,0.87645,1.0,near_zero
8177023/IGWN-GWTC3p0-v2-GW200105_162426_PEDataRelease_mixed_nocosmo.h5,GWTC-3,C01:IMRPhenomXPHM,4.68829,0,20000,0.00069,0.016364,0.0,0.96727,1.0,-0.03273,0.84673,1.0,near_zero
8177023/IGWN-GWTC3p0-v2-GW200112_155838_PEDataRelease_mixed_nocosmo.h5,GWTC-3,C01:IMRPhenomXPHM,5.3634,1,157304,0.04814,0.010248,0.002317,0.9795,0.99537,-0.01586,0.8345,1.0,near_zero
8177023/IGWN-GWTC3p0-v2-GW200115_042309_PEDataRelease_mixed_nocosmo.h5,GWTC-3,C01:IMRPhenomXPHM:HighSpin,4.74169,0,20000,-0.16874,0.074494,0.028473,0.85101,0.94305,-0.09204,0.96299,1.0,mid
8177023/IGWN-GWTC3p0-v2-GW200128_022011_PEDataRelease_mixed_nocosmo.h5,GWTC-3,C01:IMRPhenomXPHM,5.3861,1,150506,0.0915,0.026578,0.008372,0.94684,0.98326,-0.03641,0.86716,1.0,low
8177023/IGWN-GWTC3p0-v2-GW200129_065458_PEDataRelease_mixed_nocosmo.h5,GWTC-3,C01:IMRPhenomXPHM,5.38486,1,148072,0.10956,0.019607,0.012003,0.96079,0.97599,-0.01521,0.85321,1.0,mid
8177023/IGWN-GWTC3p0-v2-GW200202_154313_PEDataRelease_mixed_nocosmo.h5,GWTC-3,C01:IMRPhenomXPHM,5.34602,1,170115,0.03626,0.008126,0.001315,0.98375,0.99737,-0.01362,0.83025,1.0,near_zero
8177023/IGWN-GWTC3p0-v2-GW200208_130117_PEDataRelease_mixed_nocosmo.h5,GWTC-3,C01:IMRPhenomXPHM,5.30511,1,104414,-0.06466,0.028217,0.00418,0.94357,0.99164,-0.04807,0.87043,1.0,low
8177023/IGWN-GWTC3p0-v2-GW200208_222617_PEDataRelease_mixed_nocosmo.h5,GWTC-3,C01:IMRPhenomXPHM,5.04559,1,209178,0.66692,0.409085,0.444777,0.18183,0.11045,0.07138,1.63217,1.0,high
8177023/IGWN-GWTC3p0-v2-GW200209_085452_PEDataRelease_mixed_nocosmo.h5,GWTC-3,C01:IMRPhenomXPHM,5.30377,1,161419,-0.10655,0.04166,0.011354,0.91668,0.97729,-0.06061,0.89732,1.0,mid
8177023/IGWN-GWTC3p0-v2-GW200210_092254_PEDataRelease_mixed_nocosmo.h5,GWTC-3,C01:IMRPhenomXPHM,4.22785,0,141688,0.03108,0.024277,0.000966,0.95145,0.99807,-0.04662,0.86255,1.0,near_zero
8177023/IGWN-GWTC3p0-v2-GW200216_220804_PEDataRelease_mixed_nocosmo.h5,GWTC-3,C01:IMRPhenomXPHM,5.34859,1,145692,0.12547,0.055521,0.015742,0.88896,0.96852,-0.07956,0.92504,1.0,mid
8177023/IGWN-GWTC3p0-v2-GW200219_094415_PEDataRelease_mixed_nocosmo.h5,GWTC-3,C01:IMRPhenomXPHM,5.30588,1,154656,-0.0841,0.031461,0.007072,0.93708,0.98586,-0.04878,0.87692,1.0,low
8177023/IGWN-GWTC3p0-v2-GW200220_061928_PEDataRelease_mixed_nocosmo.h5,GWTC-3,C01:IMRPhenomXPHM,5.35991,1,123819,0.08048,0.060295,0.006477,0.87941,0.98705,-0.10764,0.93459,1.0,low
8177023/IGWN-GWTC3p0-v2-GW200220_124850_PEDataRelease_mixed_nocosmo.h5,GWTC-3,C01:IMRPhenomXPHM,5.31584,1,96667,-0.05354,0.034344,0.002866,0.93131,0.99427,-0.06295,0.88269,1.0,low
8177023/IGWN-GWTC3p0-v2-GW200224_222234_PEDataRelease_mixed_nocosmo.h5,GWTC-3,C01:IMRPhenomXPHM,5.39961,1,216261,0.10325,0.018346,0.01066,0.96331,0.97868,-0.01537,0.85069,1.0,mid
8177023/IGWN-GWTC3p0-v2-GW200225_060421_PEDataRelease_mixed_nocosmo.h5,GWTC-3,C01:IMRPhenomXPHM,5.2858,1,195767,-0.12709,0.039429,0.016151,0.92114,0.9677,-0.04656,0.89286,1.0,mid
8177023/IGWN-GWTC3p0-v2-GW200302_015811_PEDataRelease_mixed_nocosmo.h5,GWTC-3,C01:IMRPhenomXPHM,5.22511,1,104245,0.0131,0.023058,0.000172,0.95388,0.99966,-0.04577,0.86012,1.0,near_zero
8177023/IGWN-GWTC3p0-v2-GW200306_093714_PEDataRelease_mixed_nocosmo.h5,GWTC-3,C01:IMRPhenomXPHM,5.421,1,116436,0.35688,0.144436,0.127364,0.71113,0.74527,-0.03414,1.10287,1.0,high
8177023/IGWN-GWTC3p0-v2-GW200308_173609_PEDataRelease_mixed_nocosmo.h5,GWTC-3,C01:IMRPhenomXPHM,5.17086,1,132606,0.0576,0.102287,0.003318,0.79543,0.99336,-0.19794,1.01857,1.0,low
8177023/IGWN-GWTC3p0-v2-GW200311_115853_PEDataRelease_mixed_nocosmo.h5,GWTC-3,C01:IMRPhenomXPHM,5.33905,1,202628,-0.03254,0.013087,0.001059,0.97383,0.99788,-0.02406,0.84017,1.0,near_zero
8177023/IGWN-GWTC3p0-v2-GW200316_215756_PEDataRelease_mixed_nocosmo.h5,GWTC-3,C01:IMRPhenomXPHM,5.29347,1,134403,0.14885,0.048189,0.022157,0.90362,0.95569,-0.05206,0.91038,1.0,mid
8177023/IGWN-GWTC3p0-v2-GW200322_091133_PEDataRelease_mixed_nocosmo.h5,GWTC-3,C01:IMRPhenomXPHM,4.63211,0,137340,0.03725,0.102115,0.001388,0.79577,0.99722,-0.20146,1.01823,1.0,near_zero
IGWN-GWTC4p0-0f954158d_720-GW230518_125908-combined_PEDataRelease.hdf5,UNKNOWN,C00:IMRPhenomXPHM-SpinTaylor,4.55241,0,11711,-0.01241,0.004319,0.000154,0.99136,0.99969,-0.00833,0.82264,1.0,near_zero
IGWN-GWTC4p0-0f954158d_720-GW230529_181500-combined_PEDataRelease.hdf5,UNKNOWN,C00:IMRPhenomXPHM:HighSpin,5.06675,1,5489,-0.11246,0.022446,0.012646,0.95511,0.97471,-0.0196,0.85889,1.0,mid
IGWN-GWTC4p0-0f954158d_720-GW230601_224134-combined_PEDataRelease.hdf5,UNKNOWN,C00:IMRPhenomXPHM-SpinTaylor,5.30293,1,14438,-0.02015,0.029146,0.000406,0.94171,0.99919,-0.05748,0.87229,1.0,near_zero
IGWN-GWTC4p0-0f954158d_720-GW230605_065343-combined_PEDataRelease.hdf5,UNKNOWN,C00:IMRPhenomXPHM-SpinTaylor,5.3287,1,15769,0.06829,0.012117,0.004663,0.97577,0.99067,-0.01491,0.83823,1.0,low
IGWN-GWTC4p0-0f954158d_720-GW230606_004305-combined_PEDataRelease.hdf5,UNKNOWN,C00:IMRPhenomXPHM-SpinTaylor,5.2668,1,13904,-0.13613,0.047134,0.018531,0.90573,0.96294,-0.05721,0.90827,1.0,mid
IGWN-GWTC4p0-0f954158d_720-GW230608_205047-combined_PEDataRelease.hdf5,UNKNOWN,C00:IMRPhenomXPHM-SpinTaylor,5.32344,1,13528,0.04976,0.025179,0.002476,0.94964,0.99505,-0.04541,0.86436,1.0,near_zero
IGWN-GWTC4p0-0f954158d_720-GW230609_064958-combined_PEDataRelease.hdf5,UNKNOWN,C00:IMRPhenomXPHM-SpinTaylor,5.27794,1,13019,-0.14268,0.04407,0.020358,0.91186,0.95928,-0.04742,0.90214,1.0,mid
IGWN-GWTC4p0-0f954158d_720-GW230624_113103-combined_PEDataRelease.hdf5,UNKNOWN,C00:IMRPhenomXPHM-SpinTaylor,5.34441,1,15846,0.13669,0.040467,0.018685,0.91907,0.96263,-0.04357,0.89493,1.0,mid
IGWN-GWTC4p0-0f954158d_720-GW230627_015337-combined_PEDataRelease.hdf5,UNKNOWN,C00:IMRPhenomXPHM-SpinTaylor,5.33628,1,9688,0.02096,0.00246,0.000439,0.99508,0.99912,-0.00404,0.81892,1.0,near_zero
IGWN-GWTC4p0-0f954158d_720-GW230628_231200-combined_PEDataRelease.hdf5,UNKNOWN,C00:IMRPhenomXPHM-SpinTaylor,5.36124,1,15446,-0.00228,0.008476,5e-06,0.98305,0.99999,-0.01694,0.83095,1.0,near_zero
IGWN-GWTC4p0-0f954158d_720-GW230630_125806-combined_PEDataRelease.hdf5,UNKNOWN,C00:IMRPhenomXPHM-SpinTaylor,5.39305,1,16819,0.20262,0.074721,0.041057,0.85056,0.91789,-0.06733,0.96344,1.0,mid
IGWN-GWTC4p0-0f954158d_720-GW230630_234532-combined_PEDataRelease.hdf5,UNKNOWN,C00:IMRPhenomXPHM-SpinTaylor,5.30131,1,15135,-0.04014,0.005964,0.001611,0.98807,0.99678,-0.00871,0.82593,1.0,near_zero
IGWN-GWTC4p0-0f954158d_720-GW230702_185453-combined_PEDataRelease.hdf5,UNKNOWN,C00:IMRPhenomXPHM-SpinTaylor,5.13821,1,17288,0.05871,0.029262,0.003447,0.94148,0.99311,-0.05163,0.87252,1.0,low
IGWN-GWTC4p0-0f954158d_720-GW230704_021211-combined_PEDataRelease.hdf5,UNKNOWN,C00:IMRPhenomXPHM-SpinTaylor,5.28105,1,23018,-0.01389,0.016133,0.000193,0.96773,0.99961,-0.03188,0.84627,1.0,near_zero
IGWN-GWTC4p0-0f954158d_720-GW230704_212616-combined_PEDataRelease.hdf5,UNKNOWN,C00:IMRPhenomXPHM-SpinTaylor,5.38206,1,23006,0.37719,0.170918,0.142274,0.65816,0.71545,-0.05729,1.15584,1.0,high
IGWN-GWTC4p0-0f954158d_720-GW230706_104333-combined_PEDataRelease.hdf5,UNKNOWN,C00:IMRPhenomXPHM-SpinTaylor,5.40878,1,15235,0.19291,0.042923,0.037215,0.91415,0.92557,-0.01142,0.89985,1.0,mid
IGWN-GWTC4p0-0f954158d_720-GW230707_124047-combined_PEDataRelease.hdf5,UNKNOWN,C00:IMRPhenomXPHM-SpinTaylor,5.333,1,13678,-0.04347,0.027165,0.00189,0.94567,0.99622,-0.05055,0.86833,1.0,near_zero
IGWN-GWTC4p0-0f954158d_720-GW230708_053705-combined_PEDataRelease.hdf5,UNKNOWN,C00:IMRPhenomXPHM-SpinTaylor,5.38436,1,15934,0.07729,0.024566,0.005973,0.95087,0.98805,-0.03719,0.86313,1.0,low
IGWN-GWTC4p0-0f954158d_720-GW230708_230935-combined_PEDataRelease.hdf5,UNKNOWN,C00:IMRPhenomXPHM-SpinTaylor,5.29116,1,14977,0.02428,0.028352,0.000589,0.9433,0.99882,-0.05553,0.8707,1.0,near_zero
IGWN-GWTC4p0-0f954158d_720-GW230709_122727-combined_PEDataRelease.hdf5,UNKNOWN,C00:IMRPhenomXPHM-SpinTaylor,5.35381,1,12263,0.09451,0.041512,0.008933,0.91698,0.98213,-0.06516,0.89702,1.0,low
IGWN-GWTC4p0-0f954158d_720-GW230712_090405-combined_PEDataRelease.hdf5,UNKNOWN,C00:IMRPhenomXPHM-SpinTaylor,5.08814,1,26163,-0.04105,0.035241,0.001685,0.92952,0.99663,-0.06711,0.88448,1.0,near_zero
IGWN-GWTC4p0-0f954158d_720-GW230723_101834-combined_PEDataRelease.hdf5,UNKNOWN,C00:IMRPhenomXPHM-SpinTaylor,5.24801,1,15000,-0.15887,0.043988,0.02524,0.91202,0.94952,-0.0375,0.90198,1.0,mid
IGWN-GWTC4p0-0f954158d_720-GW230726_002940-combined_PEDataRelease.hdf5,UNKNOWN,C00:IMRPhenomXPHM-SpinTaylor,5.34321,1,13791,-0.01655,0.016669,0.000274,0.96666,0.99945,-0.03279,0.84734,1.0,near_zero
IGWN-GWTC4p0-0f954158d_720-GW230729_082317-combined_PEDataRelease.hdf5,UNKNOWN,C00:IMRPhenomXPHM-SpinTaylor,5.33515,1,12605,0.12476,0.0339,0.015564,0.9322,0.96887,-0.03667,0.8818,1.0,mid
IGWN-GWTC4p0-0f954158d_720-GW230731_215307-combined_PEDataRelease.hdf5,UNKNOWN,C00:IMRPhenomXPHM-SpinTaylor,5.32715,1,10904,-0.04788,0.00414,0.002293,0.99172,0.99541,-0.00369,0.82228,1.0,near_zero
IGWN-GWTC4p0-0f954158d_720-GW230803_033412-combined_PEDataRelease.hdf5,UNKNOWN,C00:IMRPhenomXPHM-SpinTaylor,5.33373,1,16784,0.09899,0.039639,0.009798,0.92072,0.9804,-0.05968,0.89328,1.0,low
IGWN-GWTC4p0-0f954158d_720-GW230805_034249-combined_PEDataRelease.hdf5,UNKNOWN,C00:IMRPhenomXPHM-SpinTaylor,5.33543,1,16941,0.08199,0.030235,0.006722,0.93953,0.98656,-0.04703,0.87447,1.0,low
IGWN-GWTC4p0-0f954158d_720-GW230806_204041-combined_PEDataRelease.hdf5,UNKNOWN,C00:IMRPhenomXPHM-SpinTaylor,5.36262,1,14235,0.09289,0.034113,0.008628,0.93177,0.98274,-0.05097,0.88223,1.0,low
IGWN-GWTC4p0-0f954158d_720-GW230811_032116-combined_PEDataRelease.hdf5,UNKNOWN,C00:IMRPhenomXPHM-SpinTaylor,5.30473,1,17874,0.01711,0.010668,0.000293,0.97866,0.99941,-0.02075,0.83534,1.0,near_zero
IGWN-GWTC4p0-0f954158d_720-GW230814_061920-combined_PEDataRelease.hdf5,UNKNOWN,C00:IMRPhenomXPHM-SpinTaylor,5.31596,1,13478,0.05286,0.024317,0.002794,0.95137,0.99441,-0.04305,0.86263,1.0,low
IGWN-GWTC4p0-0f954158d_720-GW230814_230901-combined_PEDataRelease.hdf5,UNKNOWN,C00:IMRPhenomXPHM-SpinTaylor,5.35945,1,13460,-0.01034,0.001464,0.000107,0.99707,0.99979,-0.00271,0.81693,1.0,near_zero
IGWN-GWTC4p0-0f954158d_720-GW230819_171910-combined_PEDataRelease.hdf5,UNKNOWN,C00:IMRPhenomXPHM-SpinTaylor,5.14527,1,15680,-0.02915,0.058953,0.000849,0.88209,0.9983,-0.11621,0.93191,1.0,near_zero
IGWN-GWTC4p0-0f954158d_720-GW230820_212515-combined_PEDataRelease.hdf5,UNKNOWN,C00:IMRPhenomXPHM-SpinTaylor,5.31583,1,15759,0.20929,0.076684,0.043801,0.84663,0.9124,-0.06577,0.96737,1.0,mid
IGWN-GWTC4p0-0f954158d_720-GW230824_033047-combined_PEDataRelease.hdf5,UNKNOWN,C00:IMRPhenomXPHM-SpinTaylor,5.32298,1,13206,0.00218,0.019497,5e-06,0.96101,0.99999,-0.03899,0.85299,1.0,near_zero
IGWN-GWTC4p0-0f954158d_720-GW230825_041334-combined_PEDataRelease.hdf5,UNKNOWN,C00:IMRPhenomXPHM-SpinTaylor,5.46935,1,13826,0.31738,0.118134,0.100729,0.76373,0.79854,-0.03481,1.05027,1.0,high
IGWN-GWTC4p0-0f954158d_720-GW230831_015414-combined_PEDataRelease.hdf5,UNKNOWN,C00:IMRPhenomXPHM-SpinTaylor,5.35369,1,14508,0.04275,0.02945,0.001828,0.9411,0.99634,-0.05524,0.8729,1.0,near_zero
IGWN-GWTC4p0-0f954158d_720-GW230904_051013-combined_PEDataRelease.hdf5,UNKNOWN,C00:IMRPhenomXPHM-SpinTaylor,5.33891,1,15560,0.05618,0.010255,0.003156,0.97949,0.99369,-0.0142,0.83451,1.0,low
IGWN-GWTC4p0-0f954158d_720-GW230911_195324-combined_PEDataRelease.hdf5,UNKNOWN,C00:IMRPhenomXPHM-SpinTaylor,5.25947,1,18595,-0.029,0.015676,0.000841,0.96865,0.99832,-0.02967,0.84535,1.0,near_zero
IGWN-GWTC4p0-0f954158d_720-GW230914_111401-combined_PEDataRelease.hdf5,UNKNOWN,C00:IMRPhenomXPHM-SpinTaylor,5.33799,1,18353,0.12752,0.029849,0.016262,0.9403,0.96748,-0.02717,0.8737,1.0,mid
IGWN-GWTC4p0-0f954158d_720-GW230919_215712-combined_PEDataRelease.hdf5,UNKNOWN,C00:IMRPhenomXPHM-SpinTaylor,5.42664,1,15670,0.18229,0.038588,0.03323,0.92282,0.93354,-0.01072,0.89118,1.0,mid
IGWN-GWTC4p0-0f954158d_720-GW230920_071124-combined_PEDataRelease.hdf5,UNKNOWN,C00:IMRPhenomXPHM-SpinTaylor,5.34031,1,15199,-0.00189,0.016115,4e-06,0.96777,0.99999,-0.03222,0.84623,1.0,near_zero
IGWN-GWTC4p0-0f954158d_720-GW230922_020344-combined_PEDataRelease.hdf5,UNKNOWN,C00:IMRPhenomXPHM-SpinTaylor,5.34382,1,19000,0.03535,0.014453,0.00125,0.97109,0.9975,-0.02641,0.84291,1.0,near_zero
IGWN-GWTC4p0-0f954158d_720-GW230922_040658-combined_PEDataRelease.hdf5,UNKNOWN,C00:IMRPhenomXPHM-SpinTaylor,5.4457,1,14201,0.33778,0.132894,0.114092,0.73421,0.77182,-0.0376,1.07979,1.0,high
IGWN-GWTC4p0-0f954158d_720-GW230924_124453-combined_PEDataRelease.hdf5,UNKNOWN,C00:IMRPhenomXPHM-SpinTaylor,5.36288,1,14630,0.01957,0.010037,0.000383,0.97993,0.99923,-0.01931,0.83407,1.0,near_zero
IGWN-GWTC4p0-0f954158d_720-GW230927_043729-combined_PEDataRelease.hdf5,UNKNOWN,C00:IMRPhenomXPHM-SpinTaylor,5.35326,1,13148,0.0071,0.014509,5e-05,0.97098,0.9999,-0.02892,0.84302,1.0,near_zero
IGWN-GWTC4p0-0f954158d_720-GW230927_153832-combined_PEDataRelease.hdf5,UNKNOWN,C00:IMRPhenomXPHM-SpinTaylor,5.35863,1,14161,0.04056,0.003613,0.001645,0.99277,0.99671,-0.00394,0.82123,1.0,near_zero
IGWN-GWTC4p0-0f954158d_720-GW230928_215827-combined_PEDataRelease.hdf5,UNKNOWN,C00:IMRPhenomXPHM-SpinTaylor,5.50068,1,19357,0.42045,0.182629,0.176775,0.63474,0.64645,-0.01171,1.17926,1.0,high
IGWN-GWTC4p0-0f954158d_720-GW230930_110730-combined_PEDataRelease.hdf5,UNKNOWN,C00:IMRPhenomXPHM-SpinTaylor,5.34389,1,11732,0.02766,0.024363,0.000765,0.95127,0.99847,-0.0472,0.86273,1.0,near_zero
IGWN-GWTC4p0-0f954158d_720-GW231001_140220-combined_PEDataRelease.hdf5,UNKNOWN,C00:IMRPhenomXPHM-SpinTaylor,5.20984,1,16041,-0.04788,0.039667,0.002293,0.92067,0.99541,-0.07475,0.89333,1.0,near_zero
IGWN-GWTC4p0-0f954158d_720-GW231004_232346-combined_PEDataRelease.hdf5,UNKNOWN,C00:IMRPhenomXPHM-SpinTaylor,5.20081,1,15804,-0.05118,0.042652,0.002619,0.9147,0.99476,-0.08007,0.8993,1.0,low
IGWN-GWTC4p0-0f954158d_720-GW231005_021030-combined_PEDataRelease.hdf5,UNKNOWN,C00:IMRPhenomXPHM-SpinTaylor,5.31847,1,13730,0.11233,0.059978,0.012618,0.88004,0.97476,-0.09472,0.93396,1.0,mid
IGWN-GWTC4p0-0f954158d_720-GW231005_091549-combined_PEDataRelease.hdf5,UNKNOWN,C00:IMRPhenomXPHM-SpinTaylor,5.32519,1,12902,-0.03843,0.023047,0.001477,0.95391,0.99705,-0.04314,0.86009,1.0,near_zero
IGWN-GWTC4p0-0f954158d_720-GW231008_142521-combined_PEDataRelease.hdf5,UNKNOWN,C00:IMRPhenomXPHM-SpinTaylor,5.25411,1,16800,-0.02524,0.022363,0.000637,0.95527,0.99873,-0.04345,0.85873,1.0,near_zero
IGWN-GWTC4p0-0f954158d_720-GW231014_040532-combined_PEDataRelease.hdf5,UNKNOWN,C00:IMRPhenomXPHM-SpinTaylor,5.39742,1,16903,0.18128,0.05586,0.032862,0.88828,0.93428,-0.046,0.92572,1.0,mid
IGWN-GWTC4p0-0f954158d_720-GW231018_233037-combined_PEDataRelease.hdf5,UNKNOWN,C00:IMRPhenomXPHM-SpinTaylor,5.29969,1,15611,0.01478,0.009188,0.000218,0.98162,0.99956,-0.01794,0.83238,1.0,near_zero
IGWN-GWTC4p0-0f954158d_720-GW231020_142947-combined_PEDataRelease.hdf5,UNKNOWN,C00:IMRPhenomXPHM-SpinTaylor,5.34416,1,14942,0.15116,0.043661,0.022849,0.91268,0.9543,-0.04162,0.90132,1.0,mid
IGWN-GWTC4p0-0f954158d_720-GW231028_153006-combined_PEDataRelease.hdf5,UNKNOWN,C00:IMRPhenomXPHM-SpinTaylor,5.58597,1,15128,0.49569,0.250419,0.245709,0.49916,0.50858,-0.00942,1.31484,1.0,high
IGWN-GWTC4p0-0f954158d_720-GW231029_111508-combined_PEDataRelease.hdf5,UNKNOWN,C00:IMRPhenomXPHM-SpinTaylor,5.35636,1,13488,0.14528,0.041772,0.021108,0.91646,0.95778,-0.04133,0.89754,1.0,mid
IGWN-GWTC4p0-0f954158d_720-GW231102_071736-combined_PEDataRelease.hdf5,UNKNOWN,C00:IMRPhenomXPHM-SpinTaylor,5.36361,1,15330,0.07405,0.019582,0.005483,0.96084,0.98903,-0.0282,0.85316,1.0,low
IGWN-GWTC4p0-0f954158d_720-GW231104_133418-combined_PEDataRelease.hdf5,UNKNOWN,C00:IMRPhenomXPHM-SpinTaylor,5.3873,1,13042,0.14553,0.026367,0.021178,0.94727,0.95764,-0.01038,0.86673,1.0,mid
IGWN-GWTC4p0-0f954158d_720-GW231108_125142-combined_PEDataRelease.hdf5,UNKNOWN,C00:IMRPhenomXPHM-SpinTaylor,5.31141,1,16031,-0.07625,0.012383,0.005815,0.97523,0.98837,-0.01314,0.83877,1.0,low
IGWN-GWTC4p0-0f954158d_720-GW231110_040320-combined_PEDataRelease.hdf5,UNKNOWN,C00:IMRPhenomXPHM-SpinTaylor,5.37099,1,16586,0.17464,0.036001,0.030498,0.928,0.939,-0.01101,0.886,1.0,mid
IGWN-GWTC4p0-0f954158d_720-GW231113_122623-combined_PEDataRelease.hdf5,UNKNOWN,C00:IMRPhenomXPHM-SpinTaylor,5.49228,1,17278,0.36482,0.148738,0.133094,0.70252,0.73381,-0.03129,1.11148,1.0,high
IGWN-GWTC4p0-0f954158d_720-GW231113_200417-combined_PEDataRelease.hdf5,UNKNOWN,C00:IMRPhenomXPHM-SpinTaylor,5.36428,1,13984,0.12531,0.022627,0.015702,0.95475,0.9686,-0.01385,0.85925,1.0,mid
IGWN-GWTC4p0-0f954158d_720-GW231114_043211-combined_PEDataRelease.hdf5,UNKNOWN,C00:IMRPhenomXPHM-SpinTaylor,5.07038,1,17986,0.09097,0.021987,0.008275,0.95603,0.98345,-0.02742,0.85797,1.0,low
IGWN-GWTC4p0-0f954158d_720-GW231118_005626-combined_PEDataRelease.hdf5,UNKNOWN,C00:IMRPhenomXPHM-SpinTaylor,5.41535,1,17887,0.39286,0.157454,0.154336,0.68509,0.69133,-0.00624,1.12891,1.0,high
IGWN-GWTC4p0-0f954158d_720-GW231118_071402-combined_PEDataRelease.hdf5,UNKNOWN,C00:IMRPhenomXPHM-SpinTaylor,5.38122,1,15567,0.12777,0.044648,0.016325,0.9107,0.96735,-0.05665,0.9033,1.0,mid
IGWN-GWTC4p0-0f954158d_720-GW231118_090602-combined_PEDataRelease.hdf5,UNKNOWN,C00:IMRPhenomXPHM-SpinTaylor,5.25852,1,17286,0.11951,0.060212,0.014283,0.87958,0.97143,-0.09186,0.93442,1.0,mid
IGWN-GWTC4p0-0f954158d_720-GW231119_075248-combined_PEDataRelease.hdf5,UNKNOWN,C00:IMRPhenomXPHM-SpinTaylor,5.32686,1,14216,-0.00049,0.027941,0.0,0.94412,1.0,-0.05588,0.86988,1.0,near_zero
IGWN-GWTC4p0-0f954158d_720-GW231123_135430-combined_PEDataRelease.hdf5,UNKNOWN,C00:IMRPhenomXPHM-SpinTaylor,5.2957,1,19980,0.03907,0.013708,0.001526,0.97258,0.99695,-0.02436,0.84142,1.0,near_zero
IGWN-GWTC4p0-0f954158d_720-GW231127_165300-combined_PEDataRelease.hdf5,UNKNOWN,C00:IMRPhenomXPHM-SpinTaylor,5.306,1,14592,0.04064,0.036807,0.001651,0.92639,0.9967,-0.07031,0.88761,1.0,near_zero
IGWN-GWTC4p0-0f954158d_720-GW231129_081745-combined_PEDataRelease.hdf5,UNKNOWN,C00:IMRPhenomXPHM-SpinTaylor,5.26245,1,14785,0.0274,0.02336,0.000751,0.95328,0.9985,-0.04522,0.86072,1.0,near_zero
IGWN-GWTC4p0-0f954158d_720-GW231206_233134-combined_PEDataRelease.hdf5,UNKNOWN,C00:IMRPhenomXPHM-SpinTaylor,5.31785,1,13230,-0.09006,0.027235,0.008112,0.94553,0.98378,-0.03825,0.86847,1.0,low
IGWN-GWTC4p0-0f954158d_720-GW231206_233901-combined_PEDataRelease.hdf5,UNKNOWN,C00:IMRPhenomXPHM-SpinTaylor,5.33583,1,15034,-0.02925,0.00748,0.000856,0.98504,0.99829,-0.01325,0.82896,1.0,near_zero
IGWN-GWTC4p0-0f954158d_720-GW231213_111417-combined_PEDataRelease.hdf5,UNKNOWN,C00:IMRPhenomXPHM-SpinTaylor,5.38029,1,14380,0.0767,0.024746,0.005883,0.95051,0.98823,-0.03773,0.86349,1.0,low
IGWN-GWTC4p0-0f954158d_720-GW231221_135041-combined_PEDataRelease.hdf5,UNKNOWN,C00:IMRPhenomXPHM-SpinTaylor,5.29813,1,16198,0.03933,0.057907,0.001547,0.88419,0.99691,-0.11272,0.92981,1.0,near_zero
IGWN-GWTC4p0-0f954158d_720-GW231223_032836-combined_PEDataRelease.hdf5,UNKNOWN,C00:IMRPhenomXPHM-SpinTaylor,5.23927,1,15011,-0.16159,0.074438,0.026112,0.85112,0.94778,-0.09665,0.96288,1.0,mid
IGWN-GWTC4p0-0f954158d_720-GW231223_075055-combined_PEDataRelease.hdf5,UNKNOWN,C00:IMRPhenomXPHM-SpinTaylor,5.2897,1,18392,0.07208,0.018654,0.005196,0.96269,0.98961,-0.02692,0.85131,1.0,low
IGWN-GWTC4p0-0f954158d_720-GW231223_202619-combined_PEDataRelease.hdf5,UNKNOWN,C00:IMRPhenomXPHM-SpinTaylor,5.37843,1,13892,0.10497,0.017811,0.011019,0.96438,0.97796,-0.01359,0.84962,1.0,mid
IGWN-GWTC4p0-0f954158d_720-GW231224_024321-combined_PEDataRelease.hdf5,UNKNOWN,C00:IMRPhenomXPHM-SpinTaylor,5.34842,1,16775,-0.00516,0.001586,2.7e-05,0.99683,0.99995,-0.00312,0.81717,1.0,near_zero
IGWN-GWTC4p0-0f954158d_720-GW231226_101520-combined_PEDataRelease.hdf5,UNKNOWN,C00:IMRPhenomXPHM-SpinTaylor,5.33863,1,15030,-0.0738,0.007762,0.005447,0.98448,0.98911,-0.00463,0.82952,1.0,low
IGWN-GWTC4p0-0f954158d_720-GW231230_170116-combined_PEDataRelease.hdf5,UNKNOWN,C00:IMRPhenomXPHM-SpinTaylor,5.22859,1,15694,-0.21668,0.088637,0.046949,0.82273,0.9061,-0.08338,0.99127,1.0,mid
IGWN-GWTC4p0-0f954158d_720-GW231231_154016-combined_PEDataRelease.hdf5,UNKNOWN,C00:IMRPhenomXPHM-SpinTaylor,5.33311,1,13245,-0.02865,0.005346,0.000821,0.98931,0.99836,-0.00905,0.82469,1.0,near_zero
IGWN-GWTC4p0-0f954158d_720-GW240104_164932-combined_PEDataRelease.hdf5,UNKNOWN,C00:IMRPhenomXPHM-SpinTaylor,5.39889,1,14325,0.12554,0.027053,0.015761,0.94589,0.96848,-0.02258,0.86811,1.0,mid
IGWN-GWTC4p0-0f954158d_720-GW240107_013215-combined_PEDataRelease.hdf5,UNKNOWN,C00:IMRPhenomXPHM-SpinTaylor,5.36989,1,18048,0.33875,0.143914,0.11475,0.71217,0.7705,-0.05833,1.10183,1.0,high
IGWN-GWTC4p0-0f954158d_720-GW240109_050431-combined_PEDataRelease.hdf5,UNKNOWN,C00:IMRPhenomXPHM-SpinTaylor,5.25834,1,15285,-0.07599,0.021558,0.005774,0.95688,0.98845,-0.03157,0.85712,1.0,low
