event_file,catalog,event_type,waveform_key,n_samples,median_n,mean_n,std_n,p5_n,p95_n,ci90_width,cv_pct,dev_from_pred,in_bbh_band,sub_floor,median_chi_eff,median_q
6513631/IGWN-GWTC2p1-v2-GW150914_095045_PEDataRelease_mixed_cosmo.h5,GWTC-2.1,BBH,C01:IMRPhenomXPHM,147634,5.34024,5.33281,0.04614,5.24704,5.39236,0.14532,0.8651,0.02624,1,0,-0.05572,0.8463
6513631/IGWN-GWTC2p1-v2-GW150914_095045_PEDataRelease_mixed_nocosmo.h5,GWTC-2.1,BBH,C01:IMRPhenomXPHM,199766,5.34051,5.3331,0.04596,5.24744,5.39254,0.1451,0.8617,0.02651,1,0,-0.05474,0.84545
6513631/IGWN-GWTC2p1-v2-GW151012_095443_PEDataRelease_mixed_cosmo.h5,GWTC-2.1,BBH,C01:IMRPhenomXPHM,68167,5.28378,5.231,0.20879,4.81611,5.4746,0.65849,3.9914,0.03022,1,0,0.11099,0.53797
6513631/IGWN-GWTC2p1-v2-GW151012_095443_PEDataRelease_mixed_nocosmo.h5,GWTC-2.1,BBH,C01:IMRPhenomXPHM,137933,5.29529,5.24436,0.20384,4.83629,5.4832,0.64691,3.8869,0.01871,1,0,0.11781,0.55133
6513631/IGWN-GWTC2p1-v2-GW151226_033853_PEDataRelease_mixed_cosmo.h5,GWTC-2.1,BBH,C01:IMRPhenomXPHM,133885,5.33404,5.26747,0.18979,4.86909,5.43948,0.57039,3.6031,0.02004,1,0,0.20154,0.52761
6513631/IGWN-GWTC2p1-v2-GW151226_033853_PEDataRelease_mixed_nocosmo.h5,GWTC-2.1,BBH,C01:IMRPhenomXPHM,188541,5.33179,5.26595,0.18991,4.86932,5.43944,0.57011,3.6064,0.01779,1,0,0.20309,0.52353
6513631/IGWN-GWTC2p1-v2-GW170104_101158_PEDataRelease_mixed_cosmo.h5,GWTC-2.1,BBH,C01:IMRPhenomXPHM,80854,5.3096,5.29264,0.0876,5.13655,5.39792,0.26136,1.6551,0.0044,1,0,-0.04215,0.7085
6513631/IGWN-GWTC2p1-v2-GW170104_101158_PEDataRelease_mixed_nocosmo.h5,GWTC-2.1,BBH,C01:IMRPhenomXPHM,169007,5.31072,5.29459,0.08524,5.14132,5.39859,0.25727,1.6099,0.00328,1,0,-0.03911,0.70758
6513631/IGWN-GWTC2p1-v2-GW170608_020116_PEDataRelease_mixed_cosmo.h5,GWTC-2.1,BBH,C01:IMRPhenomXPHM,219080,5.35119,5.31916,0.08813,5.14395,5.38768,0.24373,1.6568,0.03719,1,0,0.04339,0.71358
6513631/IGWN-GWTC2p1-v2-GW170608_020116_PEDataRelease_mixed_nocosmo.h5,GWTC-2.1,BBH,C01:IMRPhenomXPHM,285112,5.3509,5.31858,0.08871,5.14189,5.38761,0.24572,1.668,0.0369,1,0,0.0436,0.71221
6513631/IGWN-GWTC2p1-v2-GW170729_185629_PEDataRelease_mixed_cosmo.h5,GWTC-2.1,BBH,C01:IMRPhenomXPHM,37428,5.39353,5.3519,0.19962,4.96354,5.59747,0.63393,3.7299,0.07953,1,0,0.2572,0.55139
6513631/IGWN-GWTC2p1-v2-GW170729_185629_PEDataRelease_mixed_nocosmo.h5,GWTC-2.1,BBH,C01:IMRPhenomXPHM,173308,5.44022,5.39884,0.1788,5.05122,5.61321,0.562,3.3119,0.12622,1,0,0.30642,0.58447
6513631/IGWN-GWTC2p1-v2-GW170809_082821_PEDataRelease_mixed_cosmo.h5,GWTC-2.1,BBH,C01:IMRPhenomXPHM,89622,5.36144,5.3459,0.08798,5.17871,5.46238,0.28367,1.6458,0.04744,1,0,0.07947,0.70636
6513631/IGWN-GWTC2p1-v2-GW170809_082821_PEDataRelease_mixed_nocosmo.h5,GWTC-2.1,BBH,C01:IMRPhenomXPHM,177783,5.36348,5.34835,0.08655,5.18329,5.46316,0.27987,1.6183,0.04948,1,0,0.08327,0.70721
6513631/IGWN-GWTC2p1-v2-GW170814_103043_PEDataRelease_mixed_cosmo.h5,GWTC-2.1,BBH,C01:IMRPhenomXPHM,139163,5.37873,5.37464,0.0464,5.29225,5.44272,0.15047,0.8633,0.06473,1,0,0.06055,0.8063
6513631/IGWN-GWTC2p1-v2-GW170814_103043_PEDataRelease_mixed_nocosmo.h5,GWTC-2.1,BBH,C01:IMRPhenomXPHM,197034,5.37934,5.37526,0.04614,5.29314,5.44297,0.14984,0.8583,0.06534,1,0,0.06135,0.80795
6513631/IGWN-GWTC2p1-v2-GW170818_022509_PEDataRelease_mixed_cosmo.h5,GWTC-2.1,BBH,C01:IMRPhenomXPHM,84033,5.33416,5.32649,0.06671,5.2074,5.42051,0.21311,1.2525,0.02016,1,0,-0.04234,0.79677
6513631/IGWN-GWTC2p1-v2-GW170818_022509_PEDataRelease_mixed_nocosmo.h5,GWTC-2.1,BBH,C01:IMRPhenomXPHM,160046,5.33763,5.33012,0.06602,5.21133,5.4236,0.21228,1.2387,0.02363,1,0,-0.03465,0.79837
6513631/IGWN-GWTC2p1-v2-GW170823_131358_PEDataRelease_mixed_cosmo.h5,GWTC-2.1,BBH,C01:IMRPhenomXPHM,42612,5.364,5.34469,0.1035,5.15274,5.47027,0.31753,1.9365,0.05,1,0,0.05306,0.76426
6513631/IGWN-GWTC2p1-v2-GW170823_131358_PEDataRelease_mixed_nocosmo.h5,GWTC-2.1,BBH,C01:IMRPhenomXPHM,136399,5.36976,5.35321,0.09842,5.17119,5.47616,0.30496,1.8385,0.05576,1,0,0.06507,0.76667
6513631/IGWN-GWTC2p1-v2-GW190403_051519_PEDataRelease_mixed_cosmo.h5,GWTC-2.1,BBH,C01:IMRPhenomXPHM,11138,5.21415,5.18185,0.3438,4.56072,5.68968,1.12896,6.6348,0.09985,1,0,0.67861,0.20253
6513631/IGWN-GWTC2p1-v2-GW190403_051519_PEDataRelease_mixed_nocosmo.h5,GWTC-2.1,BBH,C01:IMRPhenomXPHM,178895,5.40018,5.35747,0.29268,4.81506,5.75912,0.94406,5.4631,0.08618,1,0,0.69593,0.27631
6513631/IGWN-GWTC2p1-v2-GW190408_181802_PEDataRelease_mixed_cosmo.h5,GWTC-2.1,BBH,C01:IMRPhenomXPHM,53971,5.32163,5.30754,0.07486,5.17734,5.39565,0.21831,1.4104,0.00763,1,0,-0.03011,0.7383
6513631/IGWN-GWTC2p1-v2-GW190408_181802_PEDataRelease_mixed_nocosmo.h5,GWTC-2.1,BBH,C01:IMRPhenomXPHM,127008,5.32146,5.30801,0.07264,5.18038,5.39514,0.21475,1.3684,0.00746,1,0,-0.02912,0.73497
6513631/IGWN-GWTC2p1-v2-GW190412_053044_PEDataRelease_mixed_cosmo.h5,GWTC-2.1,BBH,C01:IMRPhenomXPHM,182052,5.02225,5.01997,0.07857,4.88634,5.1452,0.25886,1.5652,0.29175,1,0,0.24698,0.28212
6513631/IGWN-GWTC2p1-v2-GW190412_053044_PEDataRelease_mixed_nocosmo.h5,GWTC-2.1,BBH,C01:IMRPhenomXPHM,264789,5.02076,5.01837,0.0788,4.8843,5.14368,0.25938,1.5703,0.29324,1,0,0.24789,0.28123
6513631/IGWN-GWTC2p1-v2-GW190413_052954_PEDataRelease_mixed_cosmo.h5,GWTC-2.1,BBH,C01:IMRPhenomXPHM,27757,5.31305,5.29577,0.11503,5.08256,5.44888,0.36632,2.1721,0.00095,1,0,-0.0353,0.72961
6513631/IGWN-GWTC2p1-v2-GW190413_052954_PEDataRelease_mixed_nocosmo.h5,GWTC-2.1,BBH,C01:IMRPhenomXPHM,144722,5.32943,5.31507,0.1112,5.11288,5.46921,0.35633,2.0921,0.01543,1,0,-0.00355,0.73725
6513631/IGWN-GWTC2p1-v2-GW190413_134308_PEDataRelease_mixed_cosmo.h5,GWTC-2.1,BBH,C01:IMRPhenomXPHM,23815,5.27382,5.22361,0.20385,4.83128,5.45135,0.62008,3.9025,0.04018,1,0,-0.00849,0.59874
6513631/IGWN-GWTC2p1-v2-GW190413_134308_PEDataRelease_mixed_nocosmo.h5,GWTC-2.1,BBH,C01:IMRPhenomXPHM,155335,5.31107,5.27361,0.1697,4.95633,5.47084,0.51452,3.2179,0.00293,1,0,0.02107,0.65431
6513631/IGWN-GWTC2p1-v2-GW190421_213856_PEDataRelease_mixed_cosmo.h5,GWTC-2.1,BBH,C01:IMRPhenomXPHM,30882,5.30532,5.28619,0.10296,5.09639,5.40687,0.31048,1.9478,0.00868,1,0,-0.09595,0.78266
6513631/IGWN-GWTC2p1-v2-GW190421_213856_PEDataRelease_mixed_nocosmo.h5,GWTC-2.1,BBH,C01:IMRPhenomXPHM,147856,5.31039,5.29278,0.09766,5.11351,5.41091,0.2974,1.8452,0.00361,1,0,-0.08395,0.78228
6513631/IGWN-GWTC2p1-v2-GW190426_190642_PEDataRelease_mixed_cosmo.h5,GWTC-2.1,BBH,C01:IMRPhenomXPHM,16736,5.41824,5.4002,0.18383,5.08033,5.64427,0.56394,3.404,0.10424,1,0,0.22608,0.76157
6513631/IGWN-GWTC2p1-v2-GW190426_190642_PEDataRelease_mixed_nocosmo.h5,GWTC-2.1,BBH,C01:IMRPhenomXPHM,155608,5.44931,5.43702,0.16698,5.15419,5.67463,0.52044,3.0711,0.13531,1,0,0.29754,0.7383
6513631/IGWN-GWTC2p1-v2-GW190503_185404_PEDataRelease_mixed_cosmo.h5,GWTC-2.1,BBH,C01:IMRPhenomXPHM,63867,5.28929,5.25467,0.14028,4.96908,5.41488,0.44581,2.6697,0.02471,1,0,-0.05748,0.67043
6513631/IGWN-GWTC2p1-v2-GW190503_185404_PEDataRelease_mixed_nocosmo.h5,GWTC-2.1,BBH,C01:IMRPhenomXPHM,166116,5.29839,5.26749,0.13215,5.00264,5.42142,0.41878,2.5088,0.01561,1,0,-0.04251,0.68117
6513631/IGWN-GWTC2p1-v2-GW190512_180714_PEDataRelease_mixed_cosmo.h5,GWTC-2.1,BBH,C01:IMRPhenomXPHM,74777,5.23571,5.22382,0.10888,5.02766,5.37017,0.34251,2.0843,0.07829,1,0,0.02795,0.51248
6513631/IGWN-GWTC2p1-v2-GW190512_180714_PEDataRelease_mixed_nocosmo.h5,GWTC-2.1,BBH,C01:IMRPhenomXPHM,181271,5.238,5.22596,0.10916,5.02976,5.37273,0.34297,2.0888,0.076,1,0,0.02944,0.5143
6513631/IGWN-GWTC2p1-v2-GW190513_205428_PEDataRelease_mixed_cosmo.h5,GWTC-2.1,BBH,C01:IMRPhenomXPHM,48052,5.26511,5.25303,0.16394,4.97538,5.49651,0.52113,3.1208,0.04889,1,0,0.13455,0.47553
6513631/IGWN-GWTC2p1-v2-GW190513_205428_PEDataRelease_mixed_nocosmo.h5,GWTC-2.1,BBH,C01:IMRPhenomXPHM,180002,5.28214,5.26773,0.1623,4.99056,5.50861,0.51805,3.0809,0.03186,1,0,0.15022,0.48519
6513631/IGWN-GWTC2p1-v2-GW190514_065416_PEDataRelease_mixed_cosmo.h5,GWTC-2.1,BBH,C01:IMRPhenomXPHM,15629,5.28265,5.25604,0.14492,4.99395,5.4237,0.42975,2.7572,0.03135,1,0,-0.09108,0.71754
6513631/IGWN-GWTC2p1-v2-GW190514_065416_PEDataRelease_mixed_nocosmo.h5,GWTC-2.1,BBH,C01:IMRPhenomXPHM,123633,5.29992,5.27932,0.12757,5.05354,5.43602,0.38248,2.4165,0.01408,1,0,-0.06762,0.73862
6513631/IGWN-GWTC2p1-v2-GW190517_055101_PEDataRelease_mixed_cosmo.h5,GWTC-2.1,BBH,C01:IMRPhenomXPHM,61249,5.52231,5.46154,0.213,5.03403,5.69623,0.6622,3.9,0.20831,1,0,0.44169,0.56565
6513631/IGWN-GWTC2p1-v2-GW190517_055101_PEDataRelease_mixed_nocosmo.h5,GWTC-2.1,BBH,C01:IMRPhenomXPHM,161299,5.55257,5.49895,0.19653,5.10466,5.71262,0.60796,3.574,0.23857,1,0,0.47323,0.59388
6513631/IGWN-GWTC2p1-v2-GW190519_153544_PEDataRelease_mixed_cosmo.h5,GWTC-2.1,BBH,C01:IMRPhenomXPHM,42168,5.4386,5.42179,0.12678,5.18863,5.59506,0.40643,2.3383,0.1246,1,0,0.31529,0.62843
6513631/IGWN-GWTC2p1-v2-GW190519_153544_PEDataRelease_mixed_nocosmo.h5,GWTC-2.1,BBH,C01:IMRPhenomXPHM,150207,5.45327,5.4374,0.12437,5.20939,5.60875,0.39936,2.2873,0.13927,1,0,0.33665,0.62873
6513631/IGWN-GWTC2p1-v2-GW190521_030229_PEDataRelease_mixed_cosmo.h5,GWTC-2.1,BBH,C01:IMRPhenomXPHM,24545,5.20658,5.16802,0.27314,4.46193,5.51667,1.05474,5.2852,0.10742,1,0,-0.13979,0.58714
6513631/IGWN-GWTC2p1-v2-GW190521_030229_PEDataRelease_mixed_nocosmo.h5,GWTC-2.1,BBH,C01:IMRPhenomXPHM,148527,5.306,5.26186,0.21986,4.92837,5.52332,0.59495,4.1783,0.008,1,0,0.00147,0.64994
6513631/IGWN-GWTC2p1-v2-GW190521_074359_PEDataRelease_mixed_cosmo.h5,GWTC-2.1,BBH,C01:IMRPhenomXPHM,104558,5.37623,5.3711,0.04943,5.28309,5.43931,0.15622,0.9202,0.06223,1,0,0.07394,0.76416
6513631/IGWN-GWTC2p1-v2-GW190521_074359_PEDataRelease_mixed_nocosmo.h5,GWTC-2.1,BBH,C01:IMRPhenomXPHM,210737,5.3748,5.369,0.05056,5.27755,5.43839,0.16084,0.9417,0.0608,1,0,0.07258,0.75974
6513631/IGWN-GWTC2p1-v2-GW190527_092055_PEDataRelease_mixed_cosmo.h5,GWTC-2.1,BBH,C01:IMRPhenomXPHM,28052,5.3126,5.23244,0.26509,4.68009,5.50877,0.82868,5.0663,0.0014,1,0,0.08308,0.59103
6513631/IGWN-GWTC2p1-v2-GW190527_092055_PEDataRelease_mixed_nocosmo.h5,GWTC-2.1,BBH,C01:IMRPhenomXPHM,141653,5.34275,5.28119,0.23314,4.8039,5.53408,0.73018,4.4146,0.02875,1,0,0.12064,0.6201
6513631/IGWN-GWTC2p1-v2-GW190602_175927_PEDataRelease_mixed_cosmo.h5,GWTC-2.1,BBH,C01:IMRPhenomXPHM,34581,5.34092,5.29909,0.18118,4.94079,5.51011,0.56933,3.419,0.02692,1,0,0.11594,0.63204
6513631/IGWN-GWTC2p1-v2-GW190602_175927_PEDataRelease_mixed_nocosmo.h5,GWTC-2.1,BBH,C01:IMRPhenomXPHM,155451,5.36732,5.33166,0.16595,5.00596,5.52899,0.52303,3.1126,0.05332,1,0,0.15214,0.65477
6513631/IGWN-GWTC2p1-v2-GW190620_030421_PEDataRelease_mixed_cosmo.h5,GWTC-2.1,BBH,C01:IMRPhenomXPHM,32655,5.40508,5.3315,0.25547,4.78938,5.60342,0.81404,4.7916,0.09108,1,0,0.30651,0.54438
6513631/IGWN-GWTC2p1-v2-GW190620_030421_PEDataRelease_mixed_nocosmo.h5,GWTC-2.1,BBH,C01:IMRPhenomXPHM,152410,5.43967,5.38189,0.21496,4.94371,5.61427,0.67055,3.9942,0.12567,1,0,0.33267,0.5781
6513631/IGWN-GWTC2p1-v2-GW190630_185205_PEDataRelease_mixed_cosmo.h5,GWTC-2.1,BBH,C01:IMRPhenomXPHM,87638,5.36847,5.3516,0.08126,5.19156,5.45554,0.26398,1.5184,0.05447,1,0,0.09184,0.72197
6513631/IGWN-GWTC2p1-v2-GW190630_185205_PEDataRelease_mixed_nocosmo.h5,GWTC-2.1,BBH,C01:IMRPhenomXPHM,171387,5.36557,5.34862,0.08254,5.18763,5.45593,0.2683,1.5432,0.05157,1,0,0.09412,0.70698
6513631/IGWN-GWTC2p1-v2-GW190701_203306_PEDataRelease_mixed_cosmo.h5,GWTC-2.1,BBH,C01:IMRPhenomXPHM,54580,5.29595,5.27647,0.10662,5.07202,5.40878,0.33676,2.0208,0.01805,1,0,-0.09697,0.75429
6513631/IGWN-GWTC2p1-v2-GW190701_203306_PEDataRelease_mixed_nocosmo.h5,GWTC-2.1,BBH,C01:IMRPhenomXPHM,160160,5.30224,5.28585,0.10102,5.09667,5.41397,0.3173,1.9112,0.01176,1,0,-0.08496,0.762
6513631/IGWN-GWTC2p1-v2-GW190706_222641_PEDataRelease_mixed_cosmo.h5,GWTC-2.1,BBH,C01:IMRPhenomXPHM,23977,5.36767,5.32596,0.21675,4.90735,5.59755,0.69021,4.0698,0.05367,1,0,0.28452,0.51509
6513631/IGWN-GWTC2p1-v2-GW190706_222641_PEDataRelease_mixed_nocosmo.h5,GWTC-2.1,BBH,C01:IMRPhenomXPHM,159868,5.40953,5.37388,0.19251,5.01343,5.61844,0.60501,3.5823,0.09553,1,0,0.322,0.54102
6513631/IGWN-GWTC2p1-v2-GW190707_093326_PEDataRelease_mixed_cosmo.h5,GWTC-2.1,BBH,C01:IMRPhenomXPHM,203490,5.31092,5.29596,0.06005,5.19805,5.35129,0.15324,1.1339,0.00308,1,0,-0.06406,0.72532
6513631/IGWN-GWTC2p1-v2-GW190707_093326_PEDataRelease_mixed_nocosmo.h5,GWTC-2.1,BBH,C01:IMRPhenomXPHM,367463,5.31066,5.2953,0.06179,5.19572,5.35143,0.15572,1.1669,0.00334,1,0,-0.06341,0.7239
6513631/IGWN-GWTC2p1-v2-GW190708_232457_PEDataRelease_mixed_cosmo.h5,GWTC-2.1,BBH,C01:IMRPhenomXPHM,51021,5.34188,5.32081,0.06638,5.18284,5.38787,0.20503,1.2476,0.02788,1,0,0.01851,0.73101
6513631/IGWN-GWTC2p1-v2-GW190708_232457_PEDataRelease_mixed_nocosmo.h5,GWTC-2.1,BBH,C01:IMRPhenomXPHM,94772,5.34133,5.32009,0.06695,5.17987,5.38813,0.20826,1.2585,0.02733,1,0,0.01964,0.72793
6513631/IGWN-GWTC2p1-v2-GW190719_215514_PEDataRelease_mixed_cosmo.h5,GWTC-2.1,BBH,C01:IMRPhenomXPHM,20708,5.36463,5.28481,0.2918,4.64103,5.58604,0.945,5.5215,0.05063,1,0,0.25003,0.55577
6513631/IGWN-GWTC2p1-v2-GW190719_215514_PEDataRelease_mixed_nocosmo.h5,GWTC-2.1,BBH,C01:IMRPhenomXPHM,153538,5.39785,5.33687,0.25831,4.80751,5.62219,0.81468,4.8402,0.08385,1,0,0.30411,0.56183
6513631/IGWN-GWTC2p1-v2-GW190720_000836_PEDataRelease_mixed_cosmo.h5,GWTC-2.1,BBH,C01:IMRPhenomXPHM,86699,5.32902,5.29222,0.1265,5.03736,5.42355,0.38619,2.3903,0.01502,1,0,0.174,0.55441
6513631/IGWN-GWTC2p1-v2-GW190720_000836_PEDataRelease_mixed_nocosmo.h5,GWTC-2.1,BBH,C01:IMRPhenomXPHM,131644,5.32849,5.29174,0.1271,5.03672,5.42381,0.38708,2.4019,0.01449,1,0,0.17495,0.553
6513631/IGWN-GWTC2p1-v2-GW190725_174728_PEDataRelease_mixed_cosmo.h5,GWTC-2.1,BBH,C01:IMRPhenomXPHM,79206,5.22388,5.15379,0.22292,4.69978,5.33532,0.63554,4.3254,0.09012,1,0,-0.03894,0.53317
6513631/IGWN-GWTC2p1-v2-GW190725_174728_PEDataRelease_mixed_nocosmo.h5,GWTC-2.1,BBH,C01:IMRPhenomXPHM,170198,5.22206,5.15253,0.22348,4.69471,5.33643,0.64172,4.3372,0.09194,1,0,-0.03561,0.52924
6513631/IGWN-GWTC2p1-v2-GW190727_060333_PEDataRelease_mixed_cosmo.h5,GWTC-2.1,BBH,C01:IMRPhenomXPHM,38894,5.38128,5.36563,0.11037,5.17734,5.50217,0.32482,2.0569,0.06728,1,0,0.08388,0.78578
6513631/IGWN-GWTC2p1-v2-GW190727_060333_PEDataRelease_mixed_nocosmo.h5,GWTC-2.1,BBH,C01:IMRPhenomXPHM,162922,5.38788,5.37597,0.10183,5.20059,5.51021,0.30963,1.8942,0.07388,1,0,0.09895,0.78823
6513631/IGWN-GWTC2p1-v2-GW190728_064510_PEDataRelease_mixed_cosmo.h5,GWTC-2.1,BBH,C01:IMRPhenomXPHM,11485,5.34308,5.2839,0.17298,4.97246,5.41516,0.4427,3.2738,0.02908,1,0,0.14024,0.60156
6513631/IGWN-GWTC2p1-v2-GW190728_064510_PEDataRelease_mixed_nocosmo.h5,GWTC-2.1,BBH,C01:IMRPhenomXPHM,20000,5.34415,5.28273,0.17611,4.96957,5.41546,0.4459,3.3336,0.03015,1,0,0.13951,0.60462
6513631/IGWN-GWTC2p1-v2-GW190731_140936_PEDataRelease_mixed_cosmo.h5,GWTC-2.1,BBH,C01:IMRPhenomXPHM,21267,5.3481,5.3216,0.13255,5.06501,5.4866,0.42159,2.4908,0.0341,1,0,0.0525,0.70771
6513631/IGWN-GWTC2p1-v2-GW190731_140936_PEDataRelease_mixed_nocosmo.h5,GWTC-2.1,BBH,C01:IMRPhenomXPHM,126255,5.36527,5.34368,0.12301,5.11017,5.50079,0.39061,2.302,0.05127,1,0,0.07869,0.72917
6513631/IGWN-GWTC2p1-v2-GW190803_022701_PEDataRelease_mixed_cosmo.h5,GWTC-2.1,BBH,C01:IMRPhenomXPHM,20574,5.33121,5.30931,0.11324,5.09816,5.44667,0.34851,2.1328,0.01721,1,0,-0.01465,0.75021
6513631/IGWN-GWTC2p1-v2-GW190803_022701_PEDataRelease_mixed_nocosmo.h5,GWTC-2.1,BBH,C01:IMRPhenomXPHM,101656,5.34082,5.32265,0.10503,5.12904,5.45594,0.3269,1.9733,0.02682,1,0,0.00276,0.7581
6513631/IGWN-GWTC2p1-v2-GW190805_211137_PEDataRelease_mixed_cosmo.h5,GWTC-2.1,BBH,C01:IMRPhenomXPHM,11786,5.49991,5.47204,0.17726,5.15253,5.69467,0.54215,3.2393,0.18591,1,0,0.38683,0.68354
6513631/IGWN-GWTC2p1-v2-GW190805_211137_PEDataRelease_mixed_nocosmo.h5,GWTC-2.1,BBH,C01:IMRPhenomXPHM,169040,5.52385,5.50482,0.15301,5.23393,5.71167,0.47774,2.7797,0.20985,1,0,0.42437,0.69155
6513631/IGWN-GWTC2p1-v2-GW190814_211039_PEDataRelease_mixed_cosmo.h5,GWTC-2.1,BBH,C01:IMRPhenomXPHM,78254,4.18887,4.18911,0.04004,4.13267,4.24346,0.11079,0.9557,1.12513,0,0,0.00372,0.11119
6513631/IGWN-GWTC2p1-v2-GW190814_211039_PEDataRelease_mixed_nocosmo.h5,GWTC-2.1,BBH,C01:IMRPhenomXPHM,89500,4.18876,4.1889,0.04005,4.13224,4.24308,0.11084,0.956,1.12524,0,0,0.0038,0.11118
6513631/IGWN-GWTC2p1-v2-GW190828_063405_PEDataRelease_mixed_cosmo.h5,GWTC-2.1,BBH,C01:IMRPhenomXPHM,42966,5.42344,5.41767,0.06053,5.31089,5.50391,0.19302,1.1172,0.10944,1,0,0.154,0.82344
6513631/IGWN-GWTC2p1-v2-GW190828_063405_PEDataRelease_mixed_nocosmo.h5,GWTC-2.1,BBH,C01:IMRPhenomXPHM,128000,5.42545,5.41957,0.06034,5.31172,5.50564,0.19392,1.1134,0.11145,1,0,0.16038,0.8197
6513631/IGWN-GWTC2p1-v2-GW190828_065509_PEDataRelease_mixed_cosmo.h5,GWTC-2.1,BBH,C01:IMRPhenomXPHM,71723,5.17685,5.16816,0.12794,4.95261,5.35336,0.40075,2.4755,0.13715,1,0,0.05386,0.44136
6513631/IGWN-GWTC2p1-v2-GW190828_065509_PEDataRelease_mixed_nocosmo.h5,GWTC-2.1,BBH,C01:IMRPhenomXPHM,181548,5.17838,5.16969,0.12783,4.95541,5.35471,0.3993,2.4727,0.13562,1,0,0.05534,0.44192
6513631/IGWN-GWTC2p1-v2-GW190910_112807_PEDataRelease_mixed_cosmo.h5,GWTC-2.1,BBH,C01:IMRPhenomXPHM,54830,5.34674,5.33668,0.06876,5.21062,5.42961,0.219,1.2884,0.03274,1,0,-0.01124,0.78205
6513631/IGWN-GWTC2p1-v2-GW190910_112807_PEDataRelease_mixed_nocosmo.h5,GWTC-2.1,BBH,C01:IMRPhenomXPHM,159609,5.35009,5.34037,0.06816,5.21589,5.43309,0.21721,1.2762,0.03609,1,0,-0.00538,0.78684
6513631/IGWN-GWTC2p1-v2-GW190915_235702_PEDataRelease_mixed_cosmo.h5,GWTC-2.1,BBH,C01:IMRPhenomXPHM,50133,5.32849,5.31419,0.08406,5.16293,5.42002,0.25709,1.5818,0.01449,1,0,-0.03877,0.76855
6513631/IGWN-GWTC2p1-v2-GW190915_235702_PEDataRelease_mixed_nocosmo.h5,GWTC-2.1,BBH,C01:IMRPhenomXPHM,144305,5.33251,5.31941,0.08149,5.17177,5.42426,0.25248,1.5319,0.01851,1,0,-0.0297,0.7714
6513631/IGWN-GWTC2p1-v2-GW190916_200658_PEDataRelease_mixed_cosmo.h5,GWTC-2.1,BBH,C01:IMRPhenomXPHM,13058,5.34532,5.27534,0.26267,4.74461,5.58304,0.83843,4.9793,0.03132,1,0,0.19233,0.55694
6513631/IGWN-GWTC2p1-v2-GW190916_200658_PEDataRelease_mixed_nocosmo.h5,GWTC-2.1,BBH,C01:IMRPhenomXPHM,107199,5.40277,5.3546,0.22256,4.91239,5.62648,0.71408,4.1564,0.08877,1,0,0.27255,0.59361
6513631/IGWN-GWTC2p1-v2-GW190917_114630_PEDataRelease_mixed_cosmo.h5,GWTC-2.1,BBH,C01:IMRPhenomXPHM,12312,4.66196,4.68217,0.21511,4.33821,5.0504,0.71219,4.5942,0.65204,0,0,-0.07597,0.21061
6513631/IGWN-GWTC2p1-v2-GW190917_114630_PEDataRelease_mixed_nocosmo.h5,GWTC-2.1,BBH,C01:IMRPhenomXPHM,20000,4.66025,4.68165,0.21288,4.34196,5.04704,0.70507,4.5471,0.65375,0,0,-0.07453,0.21014
6513631/IGWN-GWTC2p1-v2-GW190924_021846_PEDataRelease_mixed_cosmo.h5,GWTC-2.1,BBH,C01:IMRPhenomXPHM,32797,5.24278,5.19678,0.1667,4.85628,5.35338,0.4971,3.2077,0.07122,1,0,0.04571,0.5094
6513631/IGWN-GWTC2p1-v2-GW190924_021846_PEDataRelease_mixed_nocosmo.h5,GWTC-2.1,BBH,C01:IMRPhenomXPHM,46372,5.24254,5.19541,0.16867,4.85108,5.35371,0.50263,3.2465,0.07146,1,0,0.04632,0.50895
6513631/IGWN-GWTC2p1-v2-GW190925_232845_PEDataRelease_mixed_cosmo.h5,GWTC-2.1,BBH,C01:IMRPhenomXPHM,87963,5.36411,5.34576,0.09103,5.19028,5.44522,0.25494,1.7028,0.05011,1,0,0.08113,0.74128
6513631/IGWN-GWTC2p1-v2-GW190925_232845_PEDataRelease_mixed_nocosmo.h5,GWTC-2.1,BBH,C01:IMRPhenomXPHM,164960,5.36467,5.34621,0.09148,5.18923,5.44585,0.25661,1.7112,0.05067,1,0,0.08292,0.74145
6513631/IGWN-GWTC2p1-v2-GW190926_050336_PEDataRelease_mixed_cosmo.h5,GWTC-2.1,BBH,C01:IMRPhenomXPHM,20327,5.20404,5.15146,0.22349,4.71915,5.41932,0.70017,4.3383,0.10996,1,0,-0.02025,0.49845
6513631/IGWN-GWTC2p1-v2-GW190926_050336_PEDataRelease_mixed_nocosmo.h5,GWTC-2.1,BBH,C01:IMRPhenomXPHM,157760,5.26148,5.2129,0.19774,4.81925,5.44529,0.62605,3.7932,0.05252,1,0,-0.00762,0.57984
6513631/IGWN-GWTC2p1-v2-GW190929_012149_PEDataRelease_mixed_cosmo.h5,GWTC-2.1,BBH,C01:IMRPhenomXPHM,30749,5.09587,5.05749,0.23823,4.60858,5.36662,0.75804,4.7105,0.21813,1,0,-0.03058,0.40336
6513631/IGWN-GWTC2p1-v2-GW190929_012149_PEDataRelease_mixed_nocosmo.h5,GWTC-2.1,BBH,C01:IMRPhenomXPHM,153782,5.14432,5.1064,0.2187,4.69673,5.38783,0.6911,4.2829,0.16968,1,0,-0.02032,0.43781
6513631/IGWN-GWTC2p1-v2-GW190930_133541_PEDataRelease_mixed_cosmo.h5,GWTC-2.1,BBH,C01:IMRPhenomXPHM,80472,5.34836,5.28839,0.17158,4.90986,5.43293,0.52307,3.2445,0.03436,1,0,0.14723,0.62744
6513631/IGWN-GWTC2p1-v2-GW190930_133541_PEDataRelease_mixed_nocosmo.h5,GWTC-2.1,BBH,C01:IMRPhenomXPHM,137344,5.34801,5.2861,0.17477,4.901,5.43323,0.53223,3.3062,0.03401,1,0,0.14869,0.62485
8177023/IGWN-GWTC3p0-v2-GW191103_012549_PEDataRelease_mixed_cosmo.h5,GWTC-3,BBH,C01:IMRPhenomXPHM,9914,5.39698,5.3531,0.12688,5.10835,5.46929,0.36094,2.3701,0.08298,1,0,0.21565,0.65161
8177023/IGWN-GWTC3p0-v2-GW191103_012549_PEDataRelease_mixed_nocosmo.h5,GWTC-3,BBH,C01:IMRPhenomXPHM,167837,5.39454,5.35109,0.13019,5.09685,5.47036,0.37351,2.433,0.08054,1,0,0.21747,0.64542
8177023/IGWN-GWTC3p0-v2-GW191105_143521_PEDataRelease_mixed_cosmo.h5,GWTC-3,BBH,C01:IMRPhenomXPHM,65529,5.31464,5.28689,0.08891,5.12067,5.36817,0.24751,1.6816,0.00064,1,0,-0.01842,0.6935
8177023/IGWN-GWTC3p0-v2-GW191105_143521_PEDataRelease_mixed_nocosmo.h5,GWTC-3,BBH,C01:IMRPhenomXPHM,142741,5.3138,5.28557,0.08988,5.11695,5.36805,0.2511,1.7005,0.0002,1,0,-0.01765,0.69057
8177023/IGWN-GWTC3p0-v2-GW191109_010717_PEDataRelease_mixed_cosmo.h5,GWTC-3,BBH,C01:IMRPhenomXPHM,109061,5.21662,5.22006,0.13503,5.00504,5.45839,0.45335,2.5867,0.09738,1,0,-0.31121,0.73154
8177023/IGWN-GWTC3p0-v2-GW191109_010717_PEDataRelease_mixed_nocosmo.h5,GWTC-3,BBH,C01:IMRPhenomXPHM,270070,5.22473,5.22376,0.13003,5.01104,5.45089,0.43985,2.4892,0.08927,1,0,-0.29381,0.73801
8177023/IGWN-GWTC3p0-v2-GW191113_071753_PEDataRelease_mixed_cosmo.h5,GWTC-3,BBH,C01:IMRPhenomXPHM,52362,4.60658,4.68891,0.29456,4.34109,5.30654,0.96545,6.2821,0.70742,0,0,0.00325,0.19039
8177023/IGWN-GWTC3p0-v2-GW191113_071753_PEDataRelease_mixed_nocosmo.h5,GWTC-3,BBH,C01:IMRPhenomXPHM,129899,4.64229,4.74025,0.32157,4.35633,5.34977,0.99345,6.7839,0.67171,0,0,0.01005,0.19933
8177023/IGWN-GWTC3p0-v2-GW191126_115259_PEDataRelease_mixed_cosmo.h5,GWTC-3,BBH,C01:IMRPhenomXPHM,55315,5.40362,5.3759,0.10175,5.17975,5.4788,0.29906,1.8926,0.08962,1,0,0.21004,0.68233
8177023/IGWN-GWTC3p0-v2-GW191126_115259_PEDataRelease_mixed_nocosmo.h5,GWTC-3,BBH,C01:IMRPhenomXPHM,158918,5.40293,5.37447,0.10477,5.17485,5.47888,0.30403,1.9493,0.08893,1,0,0.21218,0.6767
8177023/IGWN-GWTC3p0-v2-GW191127_050227_PEDataRelease_mixed_cosmo.h5,GWTC-3,BBH,C01:IMRPhenomXPHM,27156,5.13709,5.00408,0.46659,4.07573,5.55181,1.47608,9.3241,0.17691,1,0,0.17683,0.3486
8177023/IGWN-GWTC3p0-v2-GW191127_050227_PEDataRelease_mixed_nocosmo.h5,GWTC-3,BBH,C01:IMRPhenomXPHM,185048,5.30971,5.19458,0.37063,4.39753,5.59768,1.20015,7.1349,0.00429,1,0,0.25876,0.46992
8177023/IGWN-GWTC3p0-v2-GW191129_134029_PEDataRelease_mixed_cosmo.h5,GWTC-3,BBH,C01:IMRPhenomXPHM,77231,5.30982,5.28414,0.0912,5.10523,5.38099,0.27576,1.7259,0.00418,1,0,0.06483,0.59898
8177023/IGWN-GWTC3p0-v2-GW191129_134029_PEDataRelease_mixed_nocosmo.h5,GWTC-3,BBH,C01:IMRPhenomXPHM,135743,5.30884,5.28328,0.0916,5.10401,5.38091,0.27689,1.7339,0.00516,1,0,0.06575,0.5962
8177023/IGWN-GWTC3p0-v2-GW191204_110529_PEDataRelease_mixed_cosmo.h5,GWTC-3,BBH,C01:IMRPhenomXPHM,41745,5.33959,5.31196,0.14171,5.07924,5.46093,0.3817,2.6678,0.02559,1,0,0.03726,0.72456
8177023/IGWN-GWTC3p0-v2-GW191204_110529_PEDataRelease_mixed_nocosmo.h5,GWTC-3,BBH,C01:IMRPhenomXPHM,155223,5.34086,5.3131,0.14486,5.07883,5.46496,0.38613,2.7265,0.02686,1,0,0.04441,0.72016
8177023/IGWN-GWTC3p0-v2-GW191204_171526_PEDataRelease_mixed_cosmo.h5,GWTC-3,BBH,C01:IMRPhenomXPHM,128624,5.38723,5.36789,0.0632,5.23788,5.43419,0.19631,1.1773,0.07323,1,0,0.15916,0.6593
8177023/IGWN-GWTC3p0-v2-GW191204_171526_PEDataRelease_mixed_nocosmo.h5,GWTC-3,BBH,C01:IMRPhenomXPHM,206292,5.38686,5.36741,0.06349,5.23717,5.4341,0.19693,1.1829,0.07286,1,0,0.15941,0.65795
8177023/IGWN-GWTC3p0-v2-GW191215_223052_PEDataRelease_mixed_cosmo.h5,GWTC-3,BBH,C01:IMRPhenomXPHM,6913,5.30972,5.29668,0.07814,5.15172,5.39547,0.24374,1.4752,0.00428,1,0,-0.05359,0.74471
8177023/IGWN-GWTC3p0-v2-GW191215_223052_PEDataRelease_mixed_nocosmo.h5,GWTC-3,BBH,C01:IMRPhenomXPHM,20000,5.31361,5.3004,0.07863,5.15594,5.40043,0.24449,1.4835,0.00039,1,0,-0.0423,0.73979
8177023/IGWN-GWTC3p0-v2-GW191216_213338_PEDataRelease_mixed_cosmo.h5,GWTC-3,BBH,C01:IMRPhenomXPHM,249520,5.32471,5.2882,0.14014,5.05311,5.40164,0.34853,2.65,0.01071,1,0,0.11736,0.58075
8177023/IGWN-GWTC3p0-v2-GW191216_213338_PEDataRelease_mixed_nocosmo.h5,GWTC-3,BBH,C01:IMRPhenomXPHM,315108,5.3247,5.28725,0.14214,5.04695,5.40169,0.35474,2.6883,0.0107,1,0,0.11733,0.5808
8177023/IGWN-GWTC3p0-v2-GW191219_163120_PEDataRelease_mixed_cosmo.h5,GWTC-3,BBH,C01:IMRPhenomXPHM:HighSpin,14965,3.27212,3.27669,0.04671,3.22976,3.33737,0.10761,1.4255,2.04188,0,1,0.00477,0.03695
8177023/IGWN-GWTC3p0-v2-GW191219_163120_PEDataRelease_mixed_nocosmo.h5,GWTC-3,BBH,C01:IMRPhenomXPHM:HighSpin,20000,3.27267,3.27828,0.06026,3.22947,3.33935,0.10988,1.8382,2.04133,0,1,0.005,0.03697
8177023/IGWN-GWTC3p0-v2-GW191222_033537_PEDataRelease_mixed_cosmo.h5,GWTC-3,BBH,C01:IMRPhenomXPHM,26560,5.32091,5.30266,0.09516,5.12377,5.41523,0.29146,1.7947,0.00691,1,0,-0.05429,0.784
8177023/IGWN-GWTC3p0-v2-GW191222_033537_PEDataRelease_mixed_nocosmo.h5,GWTC-3,BBH,C01:IMRPhenomXPHM,135537,5.3257,5.30791,0.09348,5.13207,5.42105,0.28898,1.7611,0.0117,1,0,-0.03986,0.77525
8177023/IGWN-GWTC3p0-v2-GW191230_180458_PEDataRelease_mixed_cosmo.h5,GWTC-3,BBH,C01:IMRPhenomXPHM,21752,5.31554,5.2936,0.12508,5.0803,5.43965,0.35934,2.3629,0.00154,1,0,-0.05857,0.76709
8177023/IGWN-GWTC3p0-v2-GW191230_180458_PEDataRelease_mixed_nocosmo.h5,GWTC-3,BBH,C01:IMRPhenomXPHM,139585,5.32517,5.30791,0.11144,5.1151,5.44576,0.33066,2.0995,0.01117,1,0,-0.03895,0.7748
8177023/IGWN-GWTC3p0-v2-GW200105_162426_PEDataRelease_mixed_cosmo.h5,GWTC-3,BBH,C01:IMRPhenomXPHM:HighSpin,20000,4.68829,4.68995,0.13669,4.47486,4.91013,0.43527,2.9146,0.62571,0,0,0.00069,0.21063
8177023/IGWN-GWTC3p0-v2-GW200105_162426_PEDataRelease_mixed_nocosmo.h5,GWTC-3,BBH,C01:IMRPhenomXPHM,20000,4.68829,4.68995,0.13669,4.47486,4.91013,0.43527,2.9146,0.62571,0,0,0.00069,0.21063
8177023/IGWN-GWTC3p0-v2-GW200112_155838_PEDataRelease_mixed_cosmo.h5,GWTC-3,BBH,C01:IMRPhenomXPHM,68706,5.36123,5.35009,0.06623,5.22402,5.43913,0.21511,1.2379,0.04723,1,0,0.044,0.75773
8177023/IGWN-GWTC3p0-v2-GW200112_155838_PEDataRelease_mixed_nocosmo.h5,GWTC-3,BBH,C01:IMRPhenomXPHM,157304,5.3634,5.35271,0.06569,5.2274,5.44191,0.21451,1.2273,0.0494,1,0,0.04814,0.75936
8177023/IGWN-GWTC3p0-v2-GW200115_042309_PEDataRelease_mixed_cosmo.h5,GWTC-3,BBH,C01:IMRPhenomXPHM:HighSpin,16089,4.7412,4.74799,0.21086,4.39971,5.10837,0.70865,4.441,0.5728,0,0,-0.16812,0.24992
8177023/IGWN-GWTC3p0-v2-GW200115_042309_PEDataRelease_mixed_nocosmo.h5,GWTC-3,BBH,C01:IMRPhenomXPHM:HighSpin,20000,4.74169,4.74827,0.21101,4.39841,5.10862,0.71021,4.4439,0.57231,0,0,-0.16874,0.25013
8177023/IGWN-GWTC3p0-v2-GW200128_022011_PEDataRelease_mixed_cosmo.h5,GWTC-3,BBH,C01:IMRPhenomXPHM,26969,5.38214,5.37021,0.09514,5.20357,5.49487,0.2913,1.7716,0.06814,1,0,0.07971,0.79146
8177023/IGWN-GWTC3p0-v2-GW200128_022011_PEDataRelease_mixed_nocosmo.h5,GWTC-3,BBH,C01:IMRPhenomXPHM,150506,5.3861,5.37575,0.09111,5.21443,5.49851,0.28408,1.6949,0.0721,1,0,0.0915,0.78723
8177023/IGWN-GWTC3p0-v2-GW200129_065458_PEDataRelease_mixed_cosmo.h5,GWTC-3,BBH,C01:IMRPhenomXPHM,87429,5.38488,5.34722,0.10739,5.13131,5.46635,0.33504,2.0084,0.07088,1,0,0.10751,0.72507
8177023/IGWN-GWTC3p0-v2-GW200129_065458_PEDataRelease_mixed_nocosmo.h5,GWTC-3,BBH,C01:IMRPhenomXPHM,148072,5.38486,5.34851,0.10561,5.136,5.46639,0.33039,1.9745,0.07086,1,0,0.10956,0.71665
8177023/IGWN-GWTC3p0-v2-GW200202_154313_PEDataRelease_mixed_cosmo.h5,GWTC-3,BBH,C01:IMRPhenomXPHM,126430,5.34633,5.3165,0.08693,5.15856,5.38471,0.22615,1.6351,0.03233,1,0,0.03609,0.71302
8177023/IGWN-GWTC3p0-v2-GW200202_154313_PEDataRelease_mixed_nocosmo.h5,GWTC-3,BBH,C01:IMRPhenomXPHM,170115,5.34602,5.31613,0.08729,5.15705,5.38473,0.22768,1.642,0.03202,1,0,0.03626,0.71178
8177023/IGWN-GWTC3p0-v2-GW200208_130117_PEDataRelease_mixed_cosmo.h5,GWTC-3,BBH,C01:IMRPhenomXPHM,38722,5.29367,5.27382,0.10773,5.06574,5.40835,0.34261,2.0427,0.02033,1,0,-0.08538,0.7253
8177023/IGWN-GWTC3p0-v2-GW200208_130117_PEDataRelease_mixed_nocosmo.h5,GWTC-3,BBH,C01:IMRPhenomXPHM,104414,5.30511,5.28622,0.10359,5.08804,5.41682,0.32878,1.9596,0.00889,1,0,-0.06466,0.73449
8177023/IGWN-GWTC3p0-v2-GW200208_222617_PEDataRelease_mixed_cosmo.h5,GWTC-3,BBH,C01:IMRPhenomXPHM,24495,4.89226,4.86894,0.4282,4.1673,5.50428,1.33697,8.7946,0.42174,1,0,0.62366,0.1432
8177023/IGWN-GWTC3p0-v2-GW200208_222617_PEDataRelease_mixed_nocosmo.h5,GWTC-3,BBH,C01:IMRPhenomXPHM,209178,5.04559,4.99548,0.39244,4.33849,5.55401,1.21552,7.8559,0.26841,1,0,0.66692,0.15946
8177023/IGWN-GWTC3p0-v2-GW200209_085452_PEDataRelease_mixed_cosmo.h5,GWTC-3,BBH,C01:IMRPhenomXPHM,30588,5.29459,5.2793,0.10164,5.09731,5.40696,0.30965,1.9253,0.01941,1,0,-0.1248,0.78075
8177023/IGWN-GWTC3p0-v2-GW200209_085452_PEDataRelease_mixed_nocosmo.h5,GWTC-3,BBH,C01:IMRPhenomXPHM,161419,5.30377,5.29109,0.09325,5.1274,5.41301,0.28561,1.7624,0.01023,1,0,-0.10655,0.78983
8177023/IGWN-GWTC3p0-v2-GW200210_092254_PEDataRelease_mixed_cosmo.h5,GWTC-3,BBH,C01:IMRPhenomXPHM,78491,4.22393,4.20895,0.14627,3.96043,4.43057,0.47015,3.4751,1.09007,0,0,0.03461,0.11401
8177023/IGWN-GWTC3p0-v2-GW200210_092254_PEDataRelease_mixed_nocosmo.h5,GWTC-3,BBH,C01:IMRPhenomXPHM,141688,4.22785,4.21303,0.15017,3.96183,4.43311,0.47128,3.5644,1.08615,0,0,0.03108,0.11488
8177023/IGWN-GWTC3p0-v2-GW200216_220804_PEDataRelease_mixed_cosmo.h5,GWTC-3,BBH,C01:IMRPhenomXPHM,17943,5.29999,5.21274,0.28015,4.62782,5.52087,0.89305,5.3742,0.01401,1,0,0.08052,0.58714
8177023/IGWN-GWTC3p0-v2-GW200216_220804_PEDataRelease_mixed_nocosmo.h5,GWTC-3,BBH,C01:IMRPhenomXPHM,145692,5.34859,5.29508,0.22306,4.83752,5.54795,0.71043,4.2126,0.03459,1,0,0.12547,0.65408
8177023/IGWN-GWTC3p0-v2-GW200219_094415_PEDataRelease_mixed_cosmo.h5,GWTC-3,BBH,C01:IMRPhenomXPHM,28386,5.29721,5.27748,0.10675,5.08166,5.40383,0.32217,2.0227,0.01679,1,0,-0.09682,0.75916
8177023/IGWN-GWTC3p0-v2-GW200219_094415_PEDataRelease_mixed_nocosmo.h5,GWTC-3,BBH,C01:IMRPhenomXPHM,154656,5.30588,5.28867,0.09839,5.10908,5.40867,0.29959,1.8605,0.00812,1,0,-0.0841,0.76732
8177023/IGWN-GWTC3p0-v2-GW200220_061928_PEDataRelease_mixed_cosmo.h5,GWTC-3,BBH,C01:IMRPhenomXPHM,7327,5.33283,5.28426,0.23488,4.86706,5.53049,0.66343,4.4448,0.01883,1,0,0.03726,0.7214
8177023/IGWN-GWTC3p0-v2-GW200220_061928_PEDataRelease_mixed_nocosmo.h5,GWTC-3,BBH,C01:IMRPhenomXPHM,123819,5.35991,5.34305,0.16681,5.07068,5.56257,0.49188,3.1219,0.04591,1,0,0.08048,0.73644
8177023/IGWN-GWTC3p0-v2-GW200220_124850_PEDataRelease_mixed_cosmo.h5,GWTC-3,BBH,C01:IMRPhenomXPHM,13497,5.30265,5.28453,0.11766,5.07549,5.43286,0.35737,2.2265,0.01135,1,0,-0.07409,0.74494
8177023/IGWN-GWTC3p0-v2-GW200220_124850_PEDataRelease_mixed_nocosmo.h5,GWTC-3,BBH,C01:IMRPhenomXPHM,96667,5.31584,5.30189,0.10604,5.11438,5.4438,0.32942,2.0,0.00184,1,0,-0.05354,0.76008
8177023/IGWN-GWTC3p0-v2-GW200224_222234_PEDataRelease_mixed_cosmo.h5,GWTC-3,BBH,C01:IMRPhenomXPHM,88200,5.39807,5.38504,0.07635,5.25215,5.47396,0.22182,1.4179,0.08407,1,0,0.1001,0.80287
8177023/IGWN-GWTC3p0-v2-GW200224_222234_PEDataRelease_mixed_nocosmo.h5,GWTC-3,BBH,C01:IMRPhenomXPHM,216261,5.39961,5.38728,0.0731,5.25941,5.47362,0.2142,1.3568,0.08561,1,0,0.10325,0.8039
8177023/IGWN-GWTC3p0-v2-GW200225_060421_PEDataRelease_mixed_cosmo.h5,GWTC-3,BBH,C01:IMRPhenomXPHM,88167,5.28045,5.25746,0.09485,5.07332,5.37176,0.29844,1.804,0.03355,1,0,-0.13808,0.72805
8177023/IGWN-GWTC3p0-v2-GW200225_060421_PEDataRelease_mixed_nocosmo.h5,GWTC-3,BBH,C01:IMRPhenomXPHM,195767,5.2858,5.26269,0.09283,5.08028,5.37323,0.29295,1.764,0.0282,1,0,-0.12709,0.73332
8177023/IGWN-GWTC3p0-v2-GW200302_015811_PEDataRelease_mixed_cosmo.h5,GWTC-3,BBH,C01:IMRPhenomXPHM,39475,5.20193,5.18922,0.1637,4.90049,5.42401,0.52352,3.1546,0.11207,1,0,-0.00115,0.48961
8177023/IGWN-GWTC3p0-v2-GW200302_015811_PEDataRelease_mixed_nocosmo.h5,GWTC-3,BBH,C01:IMRPhenomXPHM,104245,5.22511,5.21011,0.16147,4.92427,5.43747,0.5132,3.0991,0.08889,1,0,0.0131,0.507
8177023/IGWN-GWTC3p0-v2-GW200306_093714_PEDataRelease_mixed_cosmo.h5,GWTC-3,BBH,C01:IMRPhenomXPHM,29333,5.37645,5.30927,0.28672,4.75267,5.6321,0.87943,5.4004,0.06245,1,0,0.31023,0.53709
8177023/IGWN-GWTC3p0-v2-GW200306_093714_PEDataRelease_mixed_nocosmo.h5,GWTC-3,BBH,C01:IMRPhenomXPHM,116436,5.421,5.35411,0.26437,4.84352,5.64658,0.80306,4.9377,0.107,1,0,0.35688,0.55894
8177023/IGWN-GWTC3p0-v2-GW200308_173609_PEDataRelease_mixed_cosmo.h5,GWTC-3,BBH,C01:IMRPhenomXPHM,3341,5.18551,5.02252,0.53315,3.92404,5.68141,1.75737,10.6151,0.12849,1,0,0.127,0.34911
8177023/IGWN-GWTC3p0-v2-GW200308_173609_PEDataRelease_mixed_nocosmo.h5,GWTC-3,BBH,C01:IMRPhenomXPHM,132606,5.17086,4.97325,0.53186,3.86066,5.56754,1.70689,10.6943,0.14314,1,0,0.0576,0.39257
8177023/IGWN-GWTC3p0-v2-GW200311_115853_PEDataRelease_mixed_cosmo.h5,GWTC-3,BBH,C01:IMRPhenomXPHM,109150,5.33818,5.32296,0.07607,5.17646,5.41461,0.23814,1.4292,0.02418,1,0,-0.03566,0.79821
8177023/IGWN-GWTC3p0-v2-GW200311_115853_PEDataRelease_mixed_nocosmo.h5,GWTC-3,BBH,C01:IMRPhenomXPHM,202628,5.33905,5.32466,0.07449,5.18214,5.41585,0.23371,1.3989,0.02505,1,0,-0.03254,0.7965
8177023/IGWN-GWTC3p0-v2-GW200316_215756_PEDataRelease_mixed_cosmo.h5,GWTC-3,BBH,C01:IMRPhenomXPHM,67196,5.29163,5.2329,0.17553,4.84595,5.40293,0.55698,3.3544,0.02237,1,0,0.15073,0.51948
8177023/IGWN-GWTC3p0-v2-GW200316_215756_PEDataRelease_mixed_nocosmo.h5,GWTC-3,BBH,C01:IMRPhenomXPHM,134403,5.29347,5.23358,0.17645,4.8437,5.40327,0.55957,3.3715,0.02053,1,0,0.14885,0.52251
8177023/IGWN-GWTC3p0-v2-GW200322_091133_PEDataRelease_mixed_cosmo.h5,GWTC-3,BBH,C01:IMRPhenomXPHM,4140,5.02623,4.71668,0.78426,3.13001,5.5739,2.44389,16.6274,0.28777,1,0,0.10082,0.29863
8177023/IGWN-GWTC3p0-v2-GW200322_091133_PEDataRelease_mixed_nocosmo.h5,GWTC-3,BBH,C01:IMRPhenomXPHM,137340,4.63211,4.46118,0.8829,2.9548,5.54835,2.59354,19.7906,0.68189,0,0,0.03725,0.18575
IGWN-GWTC4p0-0f954158d_720-GW230518_125908-combined_PEDataRelease.hdf5,GWTC-4,BBH,C00:IMRPhenomXPHM-SpinTaylor,11711,4.55241,4.55647,0.06338,4.45848,4.66334,0.20486,1.391,0.76159,0,0,-0.01241,0.17666
IGWN-GWTC4p0-0f954158d_720-GW230529_181500-combined_PEDataRelease.hdf5,GWTC-4,BBH,C00:IMRPhenomXPHM:HighSpin,5489,5.06675,5.07285,0.11441,4.88413,5.26345,0.37932,2.2553,0.24725,1,0,-0.11246,0.40954
IGWN-GWTC4p0-0f954158d_720-GW230601_224134-combined_PEDataRelease.hdf5,GWTC-4,BBH,C00:IMRPhenomXPHM-SpinTaylor,14438,5.30293,5.28731,0.11634,5.07655,5.44557,0.36901,2.2004,0.01107,1,0,-0.02015,0.67657
IGWN-GWTC4p0-0f954158d_720-GW230605_065343-combined_PEDataRelease.hdf5,GWTC-4,BBH,C00:IMRPhenomXPHM-SpinTaylor,15769,5.3287,5.30639,0.08123,5.1465,5.39665,0.25014,1.5307,0.0147,1,0,0.06829,0.64059
IGWN-GWTC4p0-0f954158d_720-GW230606_004305-combined_PEDataRelease.hdf5,GWTC-4,BBH,C00:IMRPhenomXPHM-SpinTaylor,13904,5.2668,5.24302,0.12462,5.00833,5.39151,0.38318,2.3768,0.0472,1,0,-0.13613,0.71261
IGWN-GWTC4p0-0f954158d_720-GW230608_205047-combined_PEDataRelease.hdf5,GWTC-4,BBH,C00:IMRPhenomXPHM-SpinTaylor,13528,5.32344,5.2922,0.15037,5.00462,5.47986,0.47524,2.8414,0.00944,1,0,0.04976,0.63526
IGWN-GWTC4p0-0f954158d_720-GW230609_064958-combined_PEDataRelease.hdf5,GWTC-4,BBH,C00:IMRPhenomXPHM-SpinTaylor,13019,5.27794,5.25686,0.10504,5.05845,5.38235,0.3239,1.9981,0.03606,1,0,-0.14268,0.73367
IGWN-GWTC4p0-0f954158d_720-GW230624_113103-combined_PEDataRelease.hdf5,GWTC-4,BBH,C00:IMRPhenomXPHM-SpinTaylor,15846,5.34441,5.32296,0.13217,5.09405,5.48538,0.39134,2.483,0.03041,1,0,0.13669,0.62524
IGWN-GWTC4p0-0f954158d_720-GW230627_015337-combined_PEDataRelease.hdf5,GWTC-4,BBH,C00:IMRPhenomXPHM-SpinTaylor,9688,5.33628,5.32492,0.04277,5.23885,5.37159,0.13275,0.8032,0.02228,1,0,0.02096,0.69043
IGWN-GWTC4p0-0f954158d_720-GW230628_231200-combined_PEDataRelease.hdf5,GWTC-4,BBH,C00:IMRPhenomXPHM-SpinTaylor,15446,5.36124,5.35672,0.05125,5.26829,5.43016,0.16187,0.9568,0.04724,1,0,-0.00228,0.84659
IGWN-GWTC4p0-0f954158d_720-GW230630_125806-combined_PEDataRelease.hdf5,GWTC-4,BBH,C00:IMRPhenomXPHM-SpinTaylor,16819,5.39305,5.3586,0.18689,5.00246,5.59151,0.58904,3.4876,0.07905,1,0,0.20262,0.65128
IGWN-GWTC4p0-0f954158d_720-GW230630_234532-combined_PEDataRelease.hdf5,GWTC-4,BBH,C00:IMRPhenomXPHM-SpinTaylor,15135,5.30131,5.27847,0.07368,5.1327,5.35043,0.21773,1.3959,0.01269,1,0,-0.04014,0.67306
IGWN-GWTC4p0-0f954158d_720-GW230702_185453-combined_PEDataRelease.hdf5,GWTC-4,BBH,C00:IMRPhenomXPHM-SpinTaylor,17288,5.13821,5.09979,0.22133,4.69617,5.38364,0.68747,4.3399,0.17579,1,0,0.05871,0.4074
IGWN-GWTC4p0-0f954158d_720-GW230704_021211-combined_PEDataRelease.hdf5,GWTC-4,BBH,C00:IMRPhenomXPHM-SpinTaylor,23018,5.28105,5.25673,0.12649,5.01925,5.41655,0.3973,2.4062,0.03295,1,0,-0.01389,0.60694
IGWN-GWTC4p0-0f954158d_720-GW230704_212616-combined_PEDataRelease.hdf5,GWTC-4,BBH,C00:IMRPhenomXPHM-SpinTaylor,23006,5.38206,5.32731,0.25624,4.80981,5.64,0.83019,4.8099,0.06806,1,0,0.37719,0.49525
IGWN-GWTC4p0-0f954158d_720-GW230706_104333-combined_PEDataRelease.hdf5,GWTC-4,BBH,C00:IMRPhenomXPHM-SpinTaylor,15235,5.40878,5.39623,0.07499,5.25824,5.49128,0.23304,1.3896,0.09478,1,0,0.19291,0.71357
IGWN-GWTC4p0-0f954158d_720-GW230707_124047-combined_PEDataRelease.hdf5,GWTC-4,BBH,C00:IMRPhenomXPHM-SpinTaylor,13678,5.333,5.32659,0.08199,5.19264,5.44408,0.25144,1.5392,0.019,1,0,-0.04347,0.81336
IGWN-GWTC4p0-0f954158d_720-GW230708_053705-combined_PEDataRelease.hdf5,GWTC-4,BBH,C00:IMRPhenomXPHM-SpinTaylor,15934,5.38436,5.38055,0.07464,5.25455,5.49555,0.241,1.3871,0.07036,1,0,0.07729,0.80791
IGWN-GWTC4p0-0f954158d_720-GW230708_230935-combined_PEDataRelease.hdf5,GWTC-4,BBH,C00:IMRPhenomXPHM-SpinTaylor,14977,5.29116,5.25752,0.16924,4.9314,5.46462,0.53322,3.2189,0.02284,1,0,0.02428,0.59922
IGWN-GWTC4p0-0f954158d_720-GW230709_122727-combined_PEDataRelease.hdf5,GWTC-4,BBH,C00:IMRPhenomXPHM-SpinTaylor,12263,5.35381,5.32265,0.1688,4.98678,5.52848,0.5417,3.1713,0.03981,1,0,0.09451,0.69728
IGWN-GWTC4p0-0f954158d_720-GW230712_090405-combined_PEDataRelease.hdf5,GWTC-4,BBH,C00:IMRPhenomXPHM-SpinTaylor,26163,5.08814,5.05072,0.27933,4.53409,5.42496,0.89087,5.5306,0.22586,1,0,-0.04105,0.40744
IGWN-GWTC4p0-0f954158d_720-GW230723_101834-combined_PEDataRelease.hdf5,GWTC-4,BBH,C00:IMRPhenomXPHM-SpinTaylor,15000,5.24801,5.22865,0.10718,5.04732,5.3744,0.32708,2.0498,0.06599,1,0,-0.15887,0.63771
IGWN-GWTC4p0-0f954158d_720-GW230726_002940-combined_PEDataRelease.hdf5,GWTC-4,BBH,C00:IMRPhenomXPHM-SpinTaylor,13791,5.34321,5.33769,0.06778,5.22141,5.43807,0.21666,1.2699,0.02921,1,0,-0.01655,0.79975
IGWN-GWTC4p0-0f954158d_720-GW230729_082317-combined_PEDataRelease.hdf5,GWTC-4,BBH,C00:IMRPhenomXPHM-SpinTaylor,12605,5.33515,5.27928,0.14794,4.96752,5.417,0.44948,2.8023,0.02115,1,0,0.12476,0.61037
IGWN-GWTC4p0-0f954158d_720-GW230731_215307-combined_PEDataRelease.hdf5,GWTC-4,BBH,C00:IMRPhenomXPHM-SpinTaylor,10904,5.32715,5.31152,0.04799,5.21709,5.35727,0.14018,0.9036,0.01315,1,0,-0.04788,0.76269
IGWN-GWTC4p0-0f954158d_720-GW230803_033412-combined_PEDataRelease.hdf5,GWTC-4,BBH,C00:IMRPhenomXPHM-SpinTaylor,16784,5.33373,5.30682,0.15002,5.02765,5.49864,0.47099,2.827,0.01973,1,0,0.09899,0.60337
IGWN-GWTC4p0-0f954158d_720-GW230805_034249-combined_PEDataRelease.hdf5,GWTC-4,BBH,C00:IMRPhenomXPHM-SpinTaylor,16941,5.33543,5.3009,0.15431,4.99934,5.48691,0.48757,2.911,0.02143,1,0,0.08199,0.63868
IGWN-GWTC4p0-0f954158d_720-GW230806_204041-combined_PEDataRelease.hdf5,GWTC-4,BBH,C00:IMRPhenomXPHM-SpinTaylor,14235,5.36262,5.34045,0.13465,5.09002,5.51188,0.42186,2.5212,0.04862,1,0,0.09289,0.71172
IGWN-GWTC4p0-0f954158d_720-GW230811_032116-combined_PEDataRelease.hdf5,GWTC-4,BBH,C00:IMRPhenomXPHM-SpinTaylor,17874,5.30473,5.29109,0.09819,5.10711,5.42909,0.32197,1.8558,0.00927,1,0,0.01711,0.61686
IGWN-GWTC4p0-0f954158d_720-GW230814_061920-combined_PEDataRelease.hdf5,GWTC-4,BBH,C00:IMRPhenomXPHM-SpinTaylor,13478,5.31596,5.29625,0.1325,5.05209,5.47107,0.41897,2.5018,0.00196,1,0,0.05286,0.61911
IGWN-GWTC4p0-0f954158d_720-GW230814_230901-combined_PEDataRelease.hdf5,GWTC-4,BBH,C00:IMRPhenomXPHM-SpinTaylor,13460,5.35945,5.35745,0.01846,5.32538,5.38305,0.05767,0.3445,0.04545,1,0,-0.01034,0.84942
IGWN-GWTC4p0-0f954158d_720-GW230819_171910-combined_PEDataRelease.hdf5,GWTC-4,BBH,C00:IMRPhenomXPHM-SpinTaylor,15680,5.14527,5.06825,0.30734,4.45007,5.43988,0.98981,6.064,0.16873,1,0,-0.02915,0.45421
IGWN-GWTC4p0-0f954158d_720-GW230820_212515-combined_PEDataRelease.hdf5,GWTC-4,BBH,C00:IMRPhenomXPHM-SpinTaylor,15759,5.31583,5.22102,0.30179,4.64175,5.58163,0.93989,5.7803,0.00183,1,0,0.20929,0.49429
IGWN-GWTC4p0-0f954158d_720-GW230824_033047-combined_PEDataRelease.hdf5,GWTC-4,BBH,C00:IMRPhenomXPHM-SpinTaylor,13206,5.32298,5.28962,0.13723,5.02111,5.44478,0.42367,2.5943,0.00898,1,0,0.00218,0.6918
IGWN-GWTC4p0-0f954158d_720-GW230825_041334-combined_PEDataRelease.hdf5,GWTC-4,BBH,C00:IMRPhenomXPHM-SpinTaylor,13826,5.46935,5.44198,0.14311,5.16369,5.62515,0.46146,2.6298,0.15535,1,0,0.31738,0.65702
IGWN-GWTC4p0-0f954158d_720-GW230831_015414-combined_PEDataRelease.hdf5,GWTC-4,BBH,C00:IMRPhenomXPHM-SpinTaylor,14508,5.35369,5.33422,0.12777,5.11276,5.49776,0.385,2.3953,0.03969,1,0,0.04275,0.7468
IGWN-GWTC4p0-0f954158d_720-GW230904_051013-combined_PEDataRelease.hdf5,GWTC-4,BBH,C00:IMRPhenomXPHM-SpinTaylor,15560,5.33891,5.31066,0.08416,5.14494,5.38892,0.24398,1.5847,0.02491,1,0,0.05618,0.66988
IGWN-GWTC4p0-0f954158d_720-GW230911_195324-combined_PEDataRelease.hdf5,GWTC-4,BBH,C00:IMRPhenomXPHM-SpinTaylor,18595,5.25947,5.23958,0.11833,5.02042,5.394,0.37358,2.2583,0.05453,1,0,-0.029,0.56288
IGWN-GWTC4p0-0f954158d_720-GW230914_111401-combined_PEDataRelease.hdf5,GWTC-4,BBH,C00:IMRPhenomXPHM-SpinTaylor,18353,5.33799,5.31326,0.13903,5.04546,5.49607,0.45061,2.6167,0.02399,1,0,0.12752,0.60557
IGWN-GWTC4p0-0f954158d_720-GW230919_215712-combined_PEDataRelease.hdf5,GWTC-4,BBH,C00:IMRPhenomXPHM-SpinTaylor,15670,5.42664,5.42192,0.04916,5.33141,5.49423,0.16282,0.9066,0.11264,1,0,0.18229,0.79663
IGWN-GWTC4p0-0f954158d_720-GW230920_071124-combined_PEDataRelease.hdf5,GWTC-4,BBH,C00:IMRPhenomXPHM-SpinTaylor,15199,5.34031,5.32241,0.10097,5.14675,5.44575,0.299,1.8971,0.02631,1,0,-0.00189,0.75689
IGWN-GWTC4p0-0f954158d_720-GW230922_020344-combined_PEDataRelease.hdf5,GWTC-4,BBH,C00:IMRPhenomXPHM-SpinTaylor,19000,5.34382,5.33354,0.0785,5.18981,5.44327,0.25346,1.4719,0.02982,1,0,0.03535,0.70151
IGWN-GWTC4p0-0f954158d_720-GW230922_040658-combined_PEDataRelease.hdf5,GWTC-4,BBH,C00:IMRPhenomXPHM-SpinTaylor,14201,5.4457,5.38783,0.22737,4.91641,5.63046,0.71405,4.2201,0.1317,1,0,0.33778,0.65244
IGWN-GWTC4p0-0f954158d_720-GW230924_124453-combined_PEDataRelease.hdf5,GWTC-4,BBH,C00:IMRPhenomXPHM-SpinTaylor,14630,5.36288,5.35945,0.05297,5.267,5.44056,0.17355,0.9884,0.04888,1,0,0.01957,0.812
IGWN-GWTC4p0-0f954158d_720-GW230927_043729-combined_PEDataRelease.hdf5,GWTC-4,BBH,C00:IMRPhenomXPHM-SpinTaylor,13148,5.35326,5.34567,0.07204,5.21725,5.44836,0.23111,1.3477,0.03926,1,0,0.0071,0.80559
IGWN-GWTC4p0-0f954158d_720-GW230927_153832-combined_PEDataRelease.hdf5,GWTC-4,BBH,C00:IMRPhenomXPHM-SpinTaylor,14161,5.35863,5.3523,0.03783,5.28152,5.40242,0.1209,0.7068,0.04463,1,0,0.04056,0.74421
IGWN-GWTC4p0-0f954158d_720-GW230928_215827-combined_PEDataRelease.hdf5,GWTC-4,BBH,C00:IMRPhenomXPHM-SpinTaylor,19357,5.50068,5.46061,0.16403,5.14103,5.64695,0.50592,3.0038,0.18668,1,0,0.42045,0.5473
IGWN-GWTC4p0-0f954158d_720-GW230930_110730-combined_PEDataRelease.hdf5,GWTC-4,BBH,C00:IMRPhenomXPHM-SpinTaylor,11732,5.34389,5.32668,0.1146,5.11511,5.47905,0.36394,2.1515,0.02989,1,0,0.02766,0.73955
IGWN-GWTC4p0-0f954158d_720-GW231001_140220-combined_PEDataRelease.hdf5,GWTC-4,BBH,C00:IMRPhenomXPHM-SpinTaylor,16041,5.20984,5.17907,0.18448,4.84135,5.41394,0.5726,3.562,0.10416,1,0,-0.04788,0.52035
IGWN-GWTC4p0-0f954158d_720-GW231004_232346-combined_PEDataRelease.hdf5,GWTC-4,BBH,C00:IMRPhenomXPHM-SpinTaylor,15804,5.20081,5.16334,0.18936,4.79495,5.39816,0.60321,3.6674,0.11319,1,0,-0.05118,0.51348
IGWN-GWTC4p0-0f954158d_720-GW231005_021030-combined_PEDataRelease.hdf5,GWTC-4,BBH,C00:IMRPhenomXPHM-SpinTaylor,13730,5.31847,5.28587,0.18777,4.93499,5.52935,0.59437,3.5523,0.00447,1,0,0.11233,0.57679
IGWN-GWTC4p0-0f954158d_720-GW231005_091549-combined_PEDataRelease.hdf5,GWTC-4,BBH,C00:IMRPhenomXPHM-SpinTaylor,12902,5.32519,5.3061,0.10717,5.1191,5.43113,0.31203,2.0197,0.01119,1,0,-0.03843,0.77237
IGWN-GWTC4p0-0f954158d_720-GW231008_142521-combined_PEDataRelease.hdf5,GWTC-4,BBH,C00:IMRPhenomXPHM-SpinTaylor,16800,5.25411,5.20711,0.18451,4.84733,5.42139,0.57406,3.5434,0.05989,1,0,-0.02524,0.5675
IGWN-GWTC4p0-0f954158d_720-GW231014_040532-combined_PEDataRelease.hdf5,GWTC-4,BBH,C00:IMRPhenomXPHM-SpinTaylor,16903,5.39742,5.37457,0.13692,5.13111,5.54513,0.41402,2.5475,0.08342,1,0,0.18128,0.71622
IGWN-GWTC4p0-0f954158d_720-GW231018_233037-combined_PEDataRelease.hdf5,GWTC-4,BBH,C00:IMRPhenomXPHM-SpinTaylor,15611,5.29969,5.26787,0.11047,5.05655,5.3747,0.31815,2.0971,0.01431,1,0,0.01478,0.62337
IGWN-GWTC4p0-0f954158d_720-GW231020_142947-combined_PEDataRelease.hdf5,GWTC-4,BBH,C00:IMRPhenomXPHM-SpinTaylor,14942,5.34416,5.27769,0.15539,4.94319,5.42138,0.47819,2.9444,0.03016,1,0,0.15116,0.60707
IGWN-GWTC4p0-0f954158d_720-GW231028_153006-combined_PEDataRelease.hdf5,GWTC-4,BBH,C00:IMRPhenomXPHM-SpinTaylor,15128,5.58597,5.55142,0.12946,5.26939,5.68133,0.41194,2.332,0.27197,1,0,0.49569,0.69981
IGWN-GWTC4p0-0f954158d_720-GW231029_111508-combined_PEDataRelease.hdf5,GWTC-4,BBH,C00:IMRPhenomXPHM-SpinTaylor,13488,5.35636,5.32448,0.16123,5.01689,5.52646,0.50957,3.0281,0.04236,1,0,0.14528,0.62313
IGWN-GWTC4p0-0f954158d_720-GW231102_071736-combined_PEDataRelease.hdf5,GWTC-4,BBH,C00:IMRPhenomXPHM-SpinTaylor,15330,5.36361,5.35279,0.09338,5.18159,5.48466,0.30307,1.7446,0.04961,1,0,0.07405,0.70494
IGWN-GWTC4p0-0f954158d_720-GW231104_133418-combined_PEDataRelease.hdf5,GWTC-4,BBH,C00:IMRPhenomXPHM-SpinTaylor,13042,5.3873,5.36476,0.07213,5.22809,5.43553,0.20744,1.3445,0.0733,1,0,0.14553,0.7054
IGWN-GWTC4p0-0f954158d_720-GW231108_125142-combined_PEDataRelease.hdf5,GWTC-4,BBH,C00:IMRPhenomXPHM-SpinTaylor,16031,5.31141,5.30498,0.04841,5.21563,5.37262,0.15699,0.9126,0.00259,1,0,-0.07625,0.75329
IGWN-GWTC4p0-0f954158d_720-GW231110_040320-combined_PEDataRelease.hdf5,GWTC-4,BBH,C00:IMRPhenomXPHM-SpinTaylor,16586,5.37099,5.35646,0.08562,5.19859,5.47013,0.27154,1.5984,0.05699,1,0,0.17464,0.62221
IGWN-GWTC4p0-0f954158d_720-GW231113_122623-combined_PEDataRelease.hdf5,GWTC-4,BBH,C00:IMRPhenomXPHM-SpinTaylor,17278,5.49228,5.45827,0.16196,5.1544,5.64972,0.49532,2.9673,0.17828,1,0,0.36482,0.67966
IGWN-GWTC4p0-0f954158d_720-GW231113_200417-combined_PEDataRelease.hdf5,GWTC-4,BBH,C00:IMRPhenomXPHM-SpinTaylor,13984,5.36428,5.33747,0.08846,5.17632,5.42247,0.24616,1.6573,0.05028,1,0,0.12531,0.65852
IGWN-GWTC4p0-0f954158d_720-GW231114_043211-combined_PEDataRelease.hdf5,GWTC-4,BBH,C00:IMRPhenomXPHM-SpinTaylor,17986,5.07038,5.05141,0.15025,4.77141,5.26807,0.49666,2.9744,0.24362,1,0,0.09097,0.35297
IGWN-GWTC4p0-0f954158d_720-GW231118_005626-combined_PEDataRelease.hdf5,GWTC-4,BBH,C00:IMRPhenomXPHM-SpinTaylor,17887,5.41535,5.40212,0.11216,5.19104,5.55517,0.36413,2.0762,0.10135,1,0,0.39286,0.49115
IGWN-GWTC4p0-0f954158d_720-GW231118_071402-combined_PEDataRelease.hdf5,GWTC-4,BBH,C00:IMRPhenomXPHM-SpinTaylor,15567,5.38122,5.35985,0.1401,5.09859,5.54058,0.44199,2.6138,0.06722,1,0,0.12777,0.71392
IGWN-GWTC4p0-0f954158d_720-GW231118_090602-combined_PEDataRelease.hdf5,GWTC-4,BBH,C00:IMRPhenomXPHM-SpinTaylor,17286,5.25852,5.13865,0.26587,4.60144,5.38613,0.78468,5.174,0.05548,1,0,0.11951,0.49024
IGWN-GWTC4p0-0f954158d_720-GW231119_075248-combined_PEDataRelease.hdf5,GWTC-4,BBH,C00:IMRPhenomXPHM-SpinTaylor,14216,5.32686,5.29388,0.15115,4.99563,5.46609,0.47046,2.8552,0.01286,1,0,-0.00049,0.73004
IGWN-GWTC4p0-0f954158d_720-GW231123_135430-combined_PEDataRelease.hdf5,GWTC-4,BBH,C00:IMRPhenomXPHM-SpinTaylor,19980,5.2957,5.28486,0.07631,5.14465,5.38882,0.24417,1.4439,0.0183,1,0,0.03907,0.62225
IGWN-GWTC4p0-0f954158d_720-GW231127_165300-combined_PEDataRelease.hdf5,GWTC-4,BBH,C00:IMRPhenomXPHM-SpinTaylor,14592,5.306,5.26205,0.19005,4.89049,5.49036,0.59987,3.6118,0.008,1,0,0.04064,0.6182
IGWN-GWTC4p0-0f954158d_720-GW231129_081745-combined_PEDataRelease.hdf5,GWTC-4,BBH,C00:IMRPhenomXPHM-SpinTaylor,14785,5.26245,5.23822,0.16046,4.94801,5.44895,0.50094,3.0633,0.05155,1,0,0.0274,0.53599
IGWN-GWTC4p0-0f954158d_720-GW231206_233134-combined_PEDataRelease.hdf5,GWTC-4,BBH,C00:IMRPhenomXPHM-SpinTaylor,13230,5.31785,5.30913,0.07233,5.18184,5.40784,0.22601,1.3624,0.00385,1,0,-0.09006,0.81472
IGWN-GWTC4p0-0f954158d_720-GW231206_233901-combined_PEDataRelease.hdf5,GWTC-4,BBH,C00:IMRPhenomXPHM-SpinTaylor,15034,5.33583,5.32229,0.0652,5.19325,5.40583,0.21259,1.225,0.02183,1,0,-0.02925,0.77253
IGWN-GWTC4p0-0f954158d_720-GW231213_111417-combined_PEDataRelease.hdf5,GWTC-4,BBH,C00:IMRPhenomXPHM-SpinTaylor,14380,5.38029,5.3709,0.09033,5.21224,5.4943,0.28206,1.6819,0.06629,1,0,0.0767,0.79446
IGWN-GWTC4p0-0f954158d_720-GW231221_135041-combined_PEDataRelease.hdf5,GWTC-4,BBH,C00:IMRPhenomXPHM-SpinTaylor,16198,5.29813,5.25461,0.20095,4.85999,5.48859,0.6286,3.8243,0.01587,1,0,0.03933,0.64045
IGWN-GWTC4p0-0f954158d_720-GW231223_032836-combined_PEDataRelease.hdf5,GWTC-4,BBH,C00:IMRPhenomXPHM-SpinTaylor,15011,5.23927,5.20257,0.16868,4.8522,5.39993,0.54773,3.2422,0.07473,1,0,-0.16159,0.69936
IGWN-GWTC4p0-0f954158d_720-GW231223_075055-combined_PEDataRelease.hdf5,GWTC-4,BBH,C00:IMRPhenomXPHM-SpinTaylor,18392,5.2897,5.24979,0.13807,4.97219,5.39302,0.42083,2.63,0.0243,1,0,0.07208,0.56248
IGWN-GWTC4p0-0f954158d_720-GW231223_202619-combined_PEDataRelease.hdf5,GWTC-4,BBH,C00:IMRPhenomXPHM-SpinTaylor,13892,5.37843,5.36192,0.06877,5.22784,5.43631,0.20847,1.2825,0.06443,1,0,0.10497,0.74686
IGWN-GWTC4p0-0f954158d_720-GW231224_024321-combined_PEDataRelease.hdf5,GWTC-4,BBH,C00:IMRPhenomXPHM-SpinTaylor,16775,5.34842,5.33733,0.03787,5.26079,5.37702,0.11623,0.7096,0.03442,1,0,-0.00516,0.78265
IGWN-GWTC4p0-0f954158d_720-GW231226_101520-combined_PEDataRelease.hdf5,GWTC-4,BBH,C00:IMRPhenomXPHM-SpinTaylor,15030,5.33863,5.33536,0.02668,5.28654,5.37139,0.08485,0.5001,0.02463,1,0,-0.0738,0.87799
IGWN-GWTC4p0-0f954158d_720-GW231230_170116-combined_PEDataRelease.hdf5,GWTC-4,BBH,C00:IMRPhenomXPHM-SpinTaylor,15694,5.22859,5.18632,0.18299,4.84897,5.36995,0.52097,3.5284,0.08541,1,0,-0.21668,0.70244
IGWN-GWTC4p0-0f954158d_720-GW231231_154016-combined_PEDataRelease.hdf5,GWTC-4,BBH,C00:IMRPhenomXPHM-SpinTaylor,13245,5.33311,5.32514,0.04632,5.23948,5.38446,0.14498,0.8698,0.01911,1,0,-0.02865,0.76562
IGWN-GWTC4p0-0f954158d_720-GW240104_164932-combined_PEDataRelease.hdf5,GWTC-4,BBH,C00:IMRPhenomXPHM-SpinTaylor,14325,5.39889,5.38769,0.08088,5.24057,5.49437,0.25379,1.5013,0.08489,1,0,0.12554,0.77846
IGWN-GWTC4p0-0f954158d_720-GW240107_013215-combined_PEDataRelease.hdf5,GWTC-4,BBH,C00:IMRPhenomXPHM-SpinTaylor,18048,5.36989,5.29758,0.28232,4.74106,5.64054,0.89949,5.3293,0.05589,1,0,0.33875,0.49832
IGWN-GWTC4p0-0f954158d_720-GW240109_050431-combined_PEDataRelease.hdf5,GWTC-4,BBH,C00:IMRPhenomXPHM-SpinTaylor,15285,5.25834,5.24976,0.0862,5.09535,5.37283,0.27748,1.642,0.05566,1,0,-0.07599,0.61685
