event,catalog,M_total_Msun,M_chirp_Msun,chi_eff,redshift,f_isco_hz,n_carrier,n_BBH,gap_raw,log2_M_over_1692,log2_M_over_30,gap_corr_1692,gap_corr_30,alpha_inv,delta_raw,delta_corr_1692,delta_corr_30
GW150914_095045,GWTC-2.1,64.264,27.746,-0.0557,0.0963,68.4215,137.637871,5.313987,132.323884,-4.718575,1.099049,137.042459,131.224835,137.04262,-4.718736,-0.000162,-5.817785
GW150914_095045,GWTC-2.1,64.218,27.725,-0.0547,0.0978,68.4701,137.636848,5.313987,132.322861,-4.719598,1.098025,137.042459,131.224835,137.04262,-4.71976,-0.000162,-5.817785
GW151012_095443,GWTC-2.1,38.844,15.612,0.111,0.1937,113.1974,136.911553,5.313987,131.597565,-5.444893,0.37273,137.042459,131.224835,137.04262,-5.445055,-0.000162,-5.817785
GW151012_095443,GWTC-2.1,38.422,15.513,0.1178,0.2083,114.4407,136.895793,5.313987,131.581806,-5.460653,0.35697,137.042459,131.224835,137.04262,-5.460815,-0.000162,-5.817785
GW151226_033853,GWTC-2.1,21.673,8.855,0.2015,0.0973,202.8774,136.069785,5.313987,130.755798,-6.286661,-0.469038,137.042459,131.224835,137.04262,-6.286823,-0.000162,-5.817785
GW151226_033853,GWTC-2.1,21.661,8.838,0.2031,0.0994,202.9915,136.068974,5.313987,130.754987,-6.287472,-0.469849,137.042459,131.224835,137.04262,-6.287634,-0.000162,-5.817785
GW170104_101158,GWTC-2.1,50.0,21.155,-0.0421,0.2113,87.9416,137.275776,5.313987,131.961788,-5.08067,0.736953,137.042459,131.224835,137.04262,-5.080832,-0.000162,-5.817785
GW170104_101158,GWTC-2.1,49.697,21.033,-0.0391,0.2205,88.4762,137.267031,5.313987,131.953044,-5.089414,0.728209,137.042459,131.224835,137.04262,-5.089576,-0.000162,-5.817785
GW170608_020116,GWTC-2.1,18.625,7.935,0.0434,0.0707,236.0874,135.851072,5.313987,130.537085,-6.505373,-0.68775,137.042459,131.224835,137.04262,-6.505535,-0.000162,-5.817785
GW170608_020116,GWTC-2.1,18.609,7.927,0.0436,0.0718,236.285,135.849865,5.313987,130.535878,-6.506581,-0.688957,137.042459,131.224835,137.04262,-6.506742,-0.000162,-5.817785
GW170729_185629,GWTC-2.1,83.564,34.148,0.2572,0.4267,52.6188,138.016743,5.313987,132.702756,-4.339703,1.477921,137.042459,131.224835,137.04262,-4.339864,-0.000162,-5.817785
GW170729_185629,GWTC-2.1,82.475,34.029,0.3064,0.4943,53.3136,137.997817,5.313987,132.68383,-4.358628,1.458995,137.042459,131.224835,137.04262,-4.35879,-0.000162,-5.817785
GW170809_082821,GWTC-2.1,58.484,24.729,0.0795,0.2147,75.1838,137.501899,5.313987,132.187912,-4.854547,0.963077,137.042459,131.224835,137.04262,-4.854708,-0.000162,-5.817785
GW170809_082821,GWTC-2.1,58.337,24.682,0.0833,0.2189,75.373,137.498273,5.313987,132.184285,-4.858173,0.95945,137.042459,131.224835,137.04262,-4.858335,-0.000162,-5.817785
GW170814_103043,GWTC-2.1,55.654,23.916,0.0606,0.1223,79.0067,137.430347,5.313987,132.11636,-4.926099,0.891524,137.042459,131.224835,137.04262,-4.926261,-0.000162,-5.817785
GW170814_103043,GWTC-2.1,55.551,23.875,0.0613,0.1245,79.1526,137.427685,5.313987,132.113698,-4.928761,0.888862,137.042459,131.224835,137.04262,-4.928923,-0.000162,-5.817785
GW170818_022509,GWTC-2.1,62.497,26.802,-0.0423,0.222,70.3559,137.59765,5.313987,132.283662,-4.758796,1.058827,137.042459,131.224835,137.04262,-4.758958,-0.000162,-5.817785
GW170818_022509,GWTC-2.1,62.287,26.716,-0.0347,0.2296,70.5928,137.5928,5.313987,132.278813,-4.763646,1.053977,137.042459,131.224835,137.04262,-4.763807,-0.000162,-5.817785
GW170823_131358,GWTC-2.1,66.949,28.483,0.0531,0.3575,65.6777,137.696918,5.313987,132.382931,-4.659528,1.158095,137.042459,131.224835,137.04262,-4.659689,-0.000162,-5.817785
GW170823_131358,GWTC-2.1,66.261,28.222,0.0651,0.3817,66.3596,137.682016,5.313987,132.368028,-4.67443,1.143193,137.042459,131.224835,137.04262,-4.674592,-0.000162,-5.817785
GW190403_051519,GWTC-2.1,107.135,32.65,0.6786,1.1374,41.0419,138.375223,5.313987,133.061236,-3.981223,1.836401,137.042459,131.224835,137.04262,-3.981384,-0.000162,-5.817785
GW190403_051519,GWTC-2.1,98.578,33.146,0.6959,1.4295,44.6048,138.255122,5.313987,132.941134,-4.101324,1.716299,137.042459,131.224835,137.04262,-4.101486,-0.000162,-5.817785
GW190408_181802,GWTC-2.1,43.496,18.467,-0.0301,0.2858,101.0906,137.074744,5.313987,131.760757,-5.281702,0.535921,137.042459,131.224835,137.04262,-5.281864,-0.000162,-5.817785
GW190408_181802,GWTC-2.1,43.181,18.329,-0.0291,0.2961,101.8278,137.064262,5.313987,131.750275,-5.292184,0.525439,137.042459,131.224835,137.04262,-5.292346,-0.000162,-5.817785
GW190412_053044,GWTC-2.1,38.459,13.345,0.247,0.1416,114.3304,136.897184,5.313987,131.583197,-5.459261,0.358362,137.042459,131.224835,137.04262,-5.459423,-0.000162,-5.817785
GW190412_053044,GWTC-2.1,38.447,13.326,0.2479,0.1434,114.3654,136.896743,5.313987,131.582756,-5.459703,0.35792,137.042459,131.224835,137.04262,-5.459865,-0.000162,-5.817785
GW190413_052954,GWTC-2.1,58.027,24.543,-0.0353,0.5579,75.7758,137.490584,5.313987,132.176597,-4.865862,0.951761,137.042459,131.224835,137.04262,-4.866023,-0.000162,-5.817785
GW190413_052954,GWTC-2.1,56.996,24.153,-0.0035,0.6146,77.1472,137.464708,5.313987,132.150721,-4.891737,0.925886,137.042459,131.224835,137.04262,-4.891899,-0.000162,-5.817785
GW190413_134308,GWTC-2.1,81.251,33.299,-0.0085,0.6226,54.1167,137.976248,5.313987,132.662261,-4.380198,1.437426,137.042459,131.224835,137.04262,-4.380359,-0.000162,-5.817785
GW190413_134308,GWTC-2.1,78.677,32.703,0.0211,0.7298,55.8871,137.929805,5.313987,132.615818,-4.42664,1.390983,137.042459,131.224835,137.04262,-4.426802,-0.000162,-5.817785
GW190421_213856,GWTC-2.1,73.61,31.392,-0.0959,0.4527,59.7342,137.833764,5.313987,132.519776,-4.522682,1.294941,137.042459,131.224835,137.04262,-4.522844,-0.000162,-5.817785
GW190421_213856,GWTC-2.1,71.669,30.576,-0.0839,0.5064,61.3521,137.79521,5.313987,132.481223,-4.561236,1.256387,137.042459,131.224835,137.04262,-4.561398,-0.000162,-5.817785
GW190426_190642,GWTC-2.1,182.334,75.994,0.2261,0.7259,24.1153,139.142371,5.313987,133.828384,-3.214074,2.603549,137.042459,131.224835,137.04262,-3.214236,-0.000162,-5.817785
GW190426_190642,GWTC-2.1,172.112,71.665,0.2975,0.8698,25.5475,139.059138,5.313987,133.745151,-3.297308,2.520315,137.042459,131.224835,137.04262,-3.29747,-0.000162,-5.817785
GW190503_185404,GWTC-2.1,69.429,29.201,-0.0575,0.2841,63.3313,137.749402,5.313987,132.435415,-4.607044,1.210579,137.042459,131.224835,137.04262,-4.607206,-0.000162,-5.817785
GW190503_185404,GWTC-2.1,69.181,29.141,-0.0425,0.2996,63.5583,137.744241,5.313987,132.430254,-4.612205,1.205419,137.042459,131.224835,137.04262,-4.612366,-0.000162,-5.817785
GW190512_180714,GWTC-2.1,36.087,14.531,0.0279,0.2783,121.8445,136.805352,5.313987,131.491365,-5.551094,0.266529,137.042459,131.224835,137.04262,-5.551255,-0.000162,-5.817785
GW190512_180714,GWTC-2.1,35.74,14.411,0.0294,0.2895,123.0293,136.791391,5.313987,131.477404,-5.565055,0.252568,137.042459,131.224835,137.04262,-5.565217,-0.000162,-5.817785
GW190513_205428,GWTC-2.1,54.253,21.474,0.1346,0.3888,81.0477,137.393551,5.313987,132.079564,-4.962895,0.854728,137.042459,131.224835,137.04262,-4.963057,-0.000162,-5.817785
GW190513_205428,GWTC-2.1,53.789,21.399,0.1502,0.4073,81.7455,137.381182,5.313987,132.067195,-4.975264,0.84236,137.042459,131.224835,137.04262,-4.975425,-0.000162,-5.817785
GW190514_065416,GWTC-2.1,69.025,29.083,-0.0911,0.634,63.7024,137.740974,5.313987,132.426987,-4.615472,1.202152,137.042459,131.224835,137.04262,-4.615633,-0.000162,-5.817785
GW190514_065416,GWTC-2.1,65.56,27.745,-0.0676,0.7498,67.0686,137.666685,5.313987,132.352697,-4.689761,1.127862,137.042459,131.224835,137.04262,-4.689923,-0.000162,-5.817785
GW190517_055101,GWTC-2.1,64.49,26.269,0.4417,0.3014,68.1822,137.642927,5.313987,132.328939,-4.713519,1.104104,137.042459,131.224835,137.04262,-4.713681,-0.000162,-5.817785
GW190517_055101,GWTC-2.1,62.658,25.718,0.4732,0.3513,70.1756,137.601351,5.313987,132.287364,-4.755095,1.062528,137.042459,131.224835,137.04262,-4.755257,-0.000162,-5.817785
GW190519_153544,GWTC-2.1,103.195,43.211,0.3153,0.4529,42.6091,138.32116,5.313987,133.007173,-4.035286,1.782337,137.042459,131.224835,137.04262,-4.035448,-0.000162,-5.817785
GW190519_153544,GWTC-2.1,100.168,41.824,0.3366,0.5204,43.8965,138.278215,5.313987,132.964228,-4.078231,1.739393,137.042459,131.224835,137.04262,-4.078392,-0.000162,-5.817785
GW190521_030229,GWTC-2.1,153.148,63.292,-0.1398,0.556,28.7111,138.89071,5.313987,133.576723,-3.465735,2.351888,137.042459,131.224835,137.04262,-3.465897,-0.000162,-5.817785
GW190521_030229,GWTC-2.1,149.171,62.472,0.0015,0.7193,29.4765,138.852758,5.313987,133.538771,-3.503688,2.313935,137.042459,131.224835,137.04262,-3.50385,-0.000162,-5.817785
GW190521_074359,GWTC-2.1,77.338,33.228,0.0739,0.1798,56.8551,137.905031,5.313987,132.591044,-4.451415,1.366209,137.042459,131.224835,137.04262,-4.451576,-0.000162,-5.817785
GW190521_074359,GWTC-2.1,76.653,32.906,0.0726,0.1914,57.3627,137.892208,5.313987,132.578221,-4.464238,1.353385,137.042459,131.224835,137.04262,-4.4644,-0.000162,-5.817785
GW190527_092055,GWTC-2.1,59.551,23.924,0.0831,0.4389,73.8372,137.527974,5.313987,132.213987,-4.828471,0.989152,137.042459,131.224835,137.04262,-4.828633,-0.000162,-5.817785
GW190527_092055,GWTC-2.1,59.076,23.988,0.1206,0.5435,74.4309,137.51642,5.313987,132.202433,-4.840025,0.977598,137.042459,131.224835,137.04262,-4.840187,-0.000162,-5.817785
GW190602_175927,GWTC-2.1,115.646,48.029,0.1159,0.4895,38.0215,138.485505,5.313987,133.171518,-3.870941,1.946682,137.042459,131.224835,137.04262,-3.871103,-0.000162,-5.817785
GW190602_175927,GWTC-2.1,113.381,47.265,0.1521,0.5509,38.7812,138.456962,5.313987,133.142975,-3.899484,1.91814,137.042459,131.224835,137.04262,-3.899645,-0.000162,-5.817785
GW190620_030421,GWTC-2.1,90.675,36.533,0.3065,0.513,48.4924,138.134564,5.313987,132.820576,-4.221882,1.595741,137.042459,131.224835,137.04262,-4.222044,-0.000162,-5.817785
GW190620_030421,GWTC-2.1,88.847,36.247,0.3327,0.5709,49.4901,138.105181,5.313987,132.791194,-4.251265,1.566358,137.042459,131.224835,137.04262,-4.251427,-0.000162,-5.817785
GW190630_185205,GWTC-2.1,59.33,25.159,0.0918,0.1683,74.1119,137.522616,5.313987,132.208629,-4.833829,0.983794,137.042459,131.224835,137.04262,-4.833991,-0.000162,-5.817785
GW190630_185205,GWTC-2.1,58.876,24.868,0.0941,0.1818,74.6834,137.511533,5.313987,132.197546,-4.844913,0.97271,137.042459,131.224835,137.04262,-4.845075,-0.000162,-5.817785
GW190701_203306,GWTC-2.1,93.678,39.901,-0.097,0.38,46.9378,138.181572,5.313987,132.867585,-4.174874,1.64275,137.042459,131.224835,137.04262,-4.175035,-0.000162,-5.817785
GW190701_203306,GWTC-2.1,93.288,39.779,-0.085,0.3972,47.1338,138.175558,5.313987,132.861571,-4.180887,1.636736,137.042459,131.224835,137.04262,-4.181049,-0.000162,-5.817785
GW190706_222641,GWTC-2.1,112.687,45.188,0.2845,0.5847,39.0201,138.448106,5.313987,133.134118,-3.90834,1.909283,137.042459,131.224835,137.04262,-3.908502,-0.000162,-5.817785
GW190706_222641,GWTC-2.1,107.369,43.489,0.322,0.7055,40.9525,138.378371,5.313987,133.064384,-3.978075,1.839549,137.042459,131.224835,137.04262,-3.978236,-0.000162,-5.817785
GW190707_093326,GWTC-2.1,20.01,8.502,-0.0641,0.1627,219.7383,135.954607,5.313987,130.64062,-6.401839,-0.584216,137.042459,131.224835,137.04262,-6.402001,-0.000162,-5.817785
GW190707_093326,GWTC-2.1,19.896,8.45,-0.0634,0.1698,221.0027,135.946329,5.313987,130.632342,-6.410116,-0.592493,137.042459,131.224835,137.04262,-6.410278,-0.000162,-5.817785
GW190708_232457,GWTC-2.1,30.783,13.048,0.0185,0.186,142.8414,136.575979,5.313987,131.261992,-5.780466,0.037157,137.042459,131.224835,137.04262,-5.780628,-0.000162,-5.817785
GW190708_232457,GWTC-2.1,30.639,12.988,0.0196,0.1917,143.5089,136.569253,5.313987,131.255266,-5.787193,0.03043,137.042459,131.224835,137.04262,-5.787355,-0.000162,-5.817785
GW190719_215514,GWTC-2.1,57.179,22.811,0.25,0.613,76.8994,137.469349,5.313987,132.155361,-4.887097,0.930526,137.042459,131.224835,137.04262,-4.887259,-0.000162,-5.817785
GW190719_215514,GWTC-2.1,55.349,22.296,0.3041,0.7518,79.4415,137.422428,5.313987,132.10844,-4.934018,0.883605,137.042459,131.224835,137.04262,-4.93418,-0.000162,-5.817785
GW190720_000836,GWTC-2.1,21.791,8.975,0.174,0.1543,201.783,136.077588,5.313987,130.763601,-6.278857,-0.461234,137.042459,131.224835,137.04262,-6.279019,-0.000162,-5.817785
GW190720_000836,GWTC-2.1,21.7,8.95,0.175,0.1574,202.6297,136.071548,5.313987,130.75756,-6.284898,-0.467275,137.042459,131.224835,137.04262,-6.28506,-0.000162,-5.817785
GW190725_174728,GWTC-2.1,18.306,7.449,-0.0389,0.2028,240.1954,135.826185,5.313987,130.512198,-6.530261,-0.712638,137.042459,131.224835,137.04262,-6.530423,-0.000162,-5.817785
GW190725_174728,GWTC-2.1,18.163,7.383,-0.0356,0.2139,242.0934,135.814829,5.313987,130.500842,-6.541616,-0.723993,137.042459,131.224835,137.04262,-6.541778,-0.000162,-5.817785
GW190727_060333,GWTC-2.1,68.625,29.308,0.0839,0.5146,64.0735,137.732594,5.313987,132.418607,-4.623852,1.193771,137.042459,131.224835,137.04262,-4.624014,-0.000162,-5.817785
GW190727_060333,GWTC-2.1,67.806,28.975,0.0989,0.5455,64.8476,137.715269,5.313987,132.401281,-4.641177,1.176446,137.042459,131.224835,137.04262,-4.641339,-0.000162,-5.817785
GW190728_064510,GWTC-2.1,20.949,8.636,0.1402,0.1761,209.8942,136.020731,5.313987,130.706744,-6.335715,-0.518092,137.042459,131.224835,137.04262,-6.335877,-0.000162,-5.817785
GW190728_064510,GWTC-2.1,20.807,8.593,0.1395,0.1816,211.3287,136.010905,5.313987,130.696917,-6.345541,-0.527918,137.042459,131.224835,137.04262,-6.345703,-0.000162,-5.817785
GW190731_140936,GWTC-2.1,69.311,29.161,0.0525,0.5565,63.4392,137.746946,5.313987,132.432959,-4.6095,1.208123,137.042459,131.224835,137.04262,-4.609662,-0.000162,-5.817785
GW190731_140936,GWTC-2.1,66.395,28.049,0.0787,0.6609,66.2259,137.684927,5.313987,132.37094,-4.671519,1.146104,137.042459,131.224835,137.04262,-4.671681,-0.000162,-5.817785
GW190803_022701,GWTC-2.1,65.0,27.587,-0.0147,0.5386,67.6467,137.654301,5.313987,132.340314,-4.702145,1.115479,137.042459,131.224835,137.04262,-4.702306,-0.000162,-5.817785
GW190803_022701,GWTC-2.1,63.552,27.02,0.0028,0.5922,69.1883,137.621793,5.313987,132.307806,-4.734653,1.082971,137.042459,131.224835,137.04262,-4.734814,-0.000162,-5.817785
GW190805_211137,GWTC-2.1,75.403,31.345,0.3868,0.933,58.3135,137.868491,5.313987,132.554504,-4.487955,1.329669,137.042459,131.224835,137.04262,-4.488116,-0.000162,-5.817785
GW190805_211137,GWTC-2.1,71.005,29.667,0.4244,1.0997,61.9255,137.781787,5.313987,132.4678,-4.574658,1.242965,137.042459,131.224835,137.04262,-4.57482,-0.000162,-5.817785
GW190814_211039,GWTC-2.1,25.906,6.108,0.0037,0.0508,169.7302,136.32715,5.313987,131.013163,-6.029296,-0.211673,137.042459,131.224835,137.04262,-6.029458,-0.000162,-5.817785
GW190814_211039,GWTC-2.1,25.903,6.107,0.0038,0.0509,169.7491,136.326989,5.313987,131.013002,-6.029457,-0.211834,137.042459,131.224835,137.04262,-6.029618,-0.000162,-5.817785
GW190828_063405,GWTC-2.1,57.208,24.6,0.154,0.3754,76.8603,137.470082,5.313987,132.156095,-4.886363,0.93126,137.042459,131.224835,137.04262,-4.886525,-0.000162,-5.817785
GW190828_063405,GWTC-2.1,56.626,24.344,0.1604,0.3932,77.6509,137.455319,5.313987,132.141331,-4.901127,0.916496,137.042459,131.224835,137.04262,-4.901289,-0.000162,-5.817785
GW190828_065509,GWTC-2.1,34.253,13.392,0.0539,0.2908,128.3683,136.730104,5.313987,131.416117,-5.626342,0.191281,137.042459,131.224835,137.04262,-5.626504,-0.000162,-5.817785
GW190828_065509,GWTC-2.1,33.821,13.233,0.0553,0.3078,130.01,136.71177,5.313987,131.397783,-5.644676,0.172948,137.042459,131.224835,137.04262,-5.644837,-0.000162,-5.817785
GW190910_112807,GWTC-2.1,76.692,32.881,-0.0112,0.3076,57.3338,137.892937,5.313987,132.578949,-4.463509,1.354114,137.042459,131.224835,137.04262,-4.463671,-0.000162,-5.817785
GW190910_112807,GWTC-2.1,75.133,32.205,-0.0054,0.3448,58.5235,137.863306,5.313987,132.549319,-4.493139,1.324484,137.042459,131.224835,137.04262,-4.493301,-0.000162,-5.817785
GW190915_235702,GWTC-2.1,56.654,24.17,-0.0388,0.3297,77.6125,137.456033,5.313987,132.142046,-4.900413,0.91721,137.042459,131.224835,137.04262,-4.900575,-0.000162,-5.817785
GW190915_235702,GWTC-2.1,56.163,23.967,-0.0297,0.346,78.2911,137.443473,5.313987,132.129486,-4.912972,0.904651,137.042459,131.224835,137.04262,-4.913134,-0.000162,-5.817785
GW190916_200658,GWTC-2.1,68.012,26.951,0.1923,0.7664,64.6513,137.719641,5.313987,132.405654,-4.636804,1.180819,137.042459,131.224835,137.04262,-4.636966,-0.000162,-5.817785
GW190916_200658,GWTC-2.1,65.8,26.59,0.2725,0.9388,66.8245,137.671944,5.313987,132.357956,-4.684502,1.133121,137.042459,131.224835,137.04262,-4.684664,-0.000162,-5.817785
GW190917_114630,GWTC-2.1,11.763,3.672,-0.076,0.1468,373.7993,135.18813,5.313987,129.874142,-7.168316,-1.350693,137.042459,131.224835,137.04262,-7.168478,-0.000162,-5.817785
GW190917_114630,GWTC-2.1,11.712,3.658,-0.0745,0.1514,375.4335,135.181836,5.313987,129.867849,-7.17461,-1.356987,137.042459,131.224835,137.04262,-7.174772,-0.000162,-5.817785
GW190924_021846,GWTC-2.1,14.294,5.787,0.0457,0.1132,307.6134,135.469275,5.313987,130.155288,-6.887171,-1.069547,137.042459,131.224835,137.04262,-6.887332,-0.000162,-5.817785
GW190924_021846,GWTC-2.1,14.26,5.773,0.0463,0.116,308.3387,135.465877,5.313987,130.15189,-6.890568,-1.072945,137.042459,131.224835,137.04262,-6.89073,-0.000162,-5.817785
GW190925_232845,GWTC-2.1,36.828,15.659,0.0811,0.1819,119.3935,136.834669,5.313987,131.520682,-5.521776,0.295847,137.042459,131.224835,137.04262,-5.521938,-0.000162,-5.817785
GW190925_232845,GWTC-2.1,36.671,15.597,0.0829,0.1871,119.9047,136.828505,5.313987,131.514518,-5.52794,0.289683,137.042459,131.224835,137.04262,-5.528102,-0.000162,-5.817785
GW190926_050336,GWTC-2.1,61.662,24.29,-0.0202,0.5509,71.3085,137.578248,5.313987,132.264261,-4.778198,1.039425,137.042459,131.224835,137.04262,-4.77836,-0.000162,-5.817785
GW190926_050336,GWTC-2.1,59.056,23.891,-0.0076,0.7189,74.4552,137.515949,5.313987,132.201961,-4.840497,0.977126,137.042459,131.224835,137.04262,-4.840659,-0.000162,-5.817785
GW190929_012149,GWTC-2.1,93.308,35.555,-0.0306,0.5306,47.1242,138.175855,5.313987,132.861867,-4.180591,1.637032,137.042459,131.224835,137.04262,-4.180753,-0.000162,-5.817785
GW190929_012149,GWTC-2.1,90.005,34.803,-0.0203,0.6189,48.8533,138.123864,5.313987,132.809877,-4.232582,1.585041,137.042459,131.224835,137.04262,-4.232743,-0.000162,-5.817785
GW190930_133541,GWTC-2.1,20.42,8.513,0.1472,0.1555,215.3334,135.983821,5.313987,130.669834,-6.372625,-0.555002,137.042459,131.224835,137.04262,-6.372787,-0.000162,-5.817785
GW190930_133541,GWTC-2.1,20.328,8.476,0.1487,0.1603,216.3032,135.977339,5.313987,130.663351,-6.379107,-0.561484,137.042459,131.224835,137.04262,-6.379269,-0.000162,-5.817785
GW191103_012549,GWTC-3,20.027,8.334,0.2157,0.1972,219.5511,135.955836,5.313987,130.641849,-6.400609,-0.582986,137.042459,131.224835,137.04262,-6.400771,-0.000162,-5.817785
GW191103_012549,GWTC-3,19.866,8.256,0.2175,0.2085,221.3384,135.944139,5.313987,130.630152,-6.412306,-0.594683,137.042459,131.224835,137.04262,-6.412468,-0.000162,-5.817785
GW191105_143521,GWTC-3,18.528,7.806,-0.0184,0.2262,237.3208,135.843555,5.313987,130.529568,-6.512891,-0.695268,137.042459,131.224835,137.04262,-6.513052,-0.000162,-5.817785
GW191105_143521,GWTC-3,18.411,7.757,-0.0176,0.2339,238.8224,135.834455,5.313987,130.520468,-6.521991,-0.704367,137.042459,131.224835,137.04262,-6.522152,-0.000162,-5.817785
GW191109_010717,GWTC-3,111.363,47.396,-0.3112,0.2197,39.4839,138.431058,5.313987,133.117071,-3.925388,1.892236,137.042459,131.224835,137.04262,-3.925549,-0.000162,-5.817785
GW191109_010717,GWTC-3,108.748,46.3,-0.2938,0.2535,40.4332,138.396781,5.313987,133.082794,-3.959665,1.857959,137.042459,131.224835,137.04262,-3.959826,-0.000162,-5.817785
GW191113_071753,GWTC-3,35.573,10.724,0.0032,0.2421,123.6063,136.784642,5.313987,131.470654,-5.571804,0.245819,137.042459,131.224835,137.04262,-5.571966,-0.000162,-5.817785
GW191113_071753,GWTC-3,34.384,10.57,0.0101,0.2735,127.8815,136.735585,5.313987,131.421598,-5.620861,0.196763,137.042459,131.224835,137.04262,-5.621022,-0.000162,-5.817785
GW191126_115259,GWTC-3,20.56,8.615,0.21,0.3097,213.8616,135.993716,5.313987,130.679728,-6.36273,-0.545107,137.042459,131.224835,137.04262,-6.362892,-0.000162,-5.817785
GW191126_115259,GWTC-3,20.287,8.502,0.2122,0.3272,216.7425,135.974411,5.313987,130.660424,-6.382035,-0.564411,137.042459,131.224835,137.04262,-6.382196,-0.000162,-5.817785
GW191127_050227,GWTC-3,84.776,30.096,0.1768,0.5701,51.8667,138.037514,5.313987,132.723527,-4.318932,1.498691,137.042459,131.224835,137.04262,-4.319094,-0.000162,-5.817785
GW191127_050227,GWTC-3,81.485,31.201,0.2588,0.7282,53.9611,137.980402,5.313987,132.666415,-4.376044,1.441579,137.042459,131.224835,137.04262,-4.376206,-0.000162,-5.817785
GW191129_134029,GWTC-3,17.675,7.322,0.0648,0.1583,248.7668,135.775599,5.313987,130.461612,-6.580847,-0.763223,137.042459,131.224835,137.04262,-6.581008,-0.000162,-5.817785
GW191129_134029,GWTC-3,17.612,7.295,0.0658,0.1626,249.6642,135.770404,5.313987,130.456417,-6.586042,-0.768418,137.042459,131.224835,137.04262,-6.586203,-0.000162,-5.817785
GW191204_110529,GWTC-3,46.978,19.726,0.0373,0.3355,93.597,137.185859,5.313987,131.871872,-5.170587,0.647037,137.042459,131.224835,137.04262,-5.170748,-0.000162,-5.817785
GW191204_110529,GWTC-3,44.629,18.724,0.0444,0.4135,98.5245,137.11184,5.313987,131.797852,-5.244606,0.573017,137.042459,131.224835,137.04262,-5.244768,-0.000162,-5.817785
GW191204_171526,GWTC-3,20.355,8.574,0.1592,0.1304,216.0126,135.979278,5.313987,130.665291,-6.377168,-0.559545,137.042459,131.224835,137.04262,-6.37733,-0.000162,-5.817785
GW191204_171526,GWTC-3,20.313,8.555,0.1594,0.1329,216.4664,135.97625,5.313987,130.662263,-6.380196,-0.562573,137.042459,131.224835,137.04262,-6.380358,-0.000162,-5.817785
GW191215_223052,GWTC-3,43.204,18.308,-0.0536,0.3522,101.7742,137.065022,5.313987,131.751034,-5.291424,0.526199,137.042459,131.224835,137.04262,-5.291586,-0.000162,-5.817785
GW191215_223052,GWTC-3,42.47,18.013,-0.0423,0.3796,103.5326,137.040308,5.313987,131.72632,-5.316138,0.501485,137.042459,131.224835,137.04262,-5.3163,-0.000162,-5.817785
GW191216_213338,GWTC-3,20.066,8.336,0.1174,0.0725,219.1297,135.958608,5.313987,130.644621,-6.397837,-0.580214,137.042459,131.224835,137.04262,-6.397999,-0.000162,-5.817785
GW191216_213338,GWTC-3,20.046,8.328,0.1173,0.0737,219.3458,135.957186,5.313987,130.643199,-6.39926,-0.581637,137.042459,131.224835,137.04262,-6.399421,-0.000162,-5.817785
GW191219_163120,GWTC-3,32.763,4.333,0.0048,0.1098,134.2066,136.665938,5.313987,131.35195,-5.690508,0.127115,137.042459,131.224835,137.04262,-5.69067,-0.000162,-5.817785
GW191219_163120,GWTC-3,32.7,4.326,0.005,0.1117,134.4664,136.663148,5.313987,131.34916,-5.693298,0.124325,137.042459,131.224835,137.04262,-5.69346,-0.000162,-5.817785
GW191222_033537,GWTC-3,79.514,33.965,-0.0543,0.4857,55.2989,137.94507,5.313987,132.631083,-4.411376,1.406247,137.042459,131.224835,137.04262,-4.411538,-0.000162,-5.817785
GW191222_033537,GWTC-3,76.576,32.622,-0.0399,0.566,57.4204,137.890757,5.313987,132.57677,-4.465689,1.351934,137.042459,131.224835,137.04262,-4.46585,-0.000162,-5.817785
GW191230_180458,GWTC-3,85.142,36.219,-0.0586,0.681,51.6435,138.043734,5.313987,132.729747,-4.312711,1.504912,137.042459,131.224835,137.04262,-4.312873,-0.000162,-5.817785
GW191230_180458,GWTC-3,82.455,35.123,-0.0389,0.76,53.3266,137.997465,5.313987,132.683478,-4.358981,1.458643,137.042459,131.224835,137.04262,-4.359142,-0.000162,-5.817785
GW200105_162426,GWTC-3,10.949,3.417,0.0007,0.0594,401.5985,135.084639,5.313987,129.770652,-7.271806,-1.454183,137.042459,131.224835,137.04262,-7.271968,-0.000162,-5.817785
GW200105_162426,GWTC-3,10.949,3.417,0.0007,0.0594,401.5985,135.084639,5.313987,129.770652,-7.271806,-1.454183,137.042459,131.224835,137.04262,-7.271968,-0.000162,-5.817785
GW200112_155838,GWTC-3,63.355,27.036,0.044,0.2408,69.4032,137.617318,5.313987,132.303331,-4.739127,1.078496,137.042459,131.224835,137.04262,-4.739289,-0.000162,-5.817785
GW200112_155838,GWTC-3,63.032,26.902,0.0481,0.2502,69.759,137.609942,5.313987,132.295954,-4.746504,1.071119,137.042459,131.224835,137.04262,-4.746666,-0.000162,-5.817785
GW200115_042309,GWTC-3,7.28,2.428,-0.1681,0.0624,603.9699,134.495917,5.313987,129.181929,-7.860529,-2.042906,137.042459,131.224835,137.04262,-7.860691,-0.000162,-5.817785
GW200115_042309,GWTC-3,7.272,2.427,-0.1687,0.0631,604.6836,134.494213,5.313987,129.180226,-7.862233,-2.04461,137.042459,131.224835,137.04262,-7.862395,-0.000162,-5.817785
GW200128_022011,GWTC-3,73.702,31.514,0.0797,0.5396,59.6594,137.835572,5.313987,132.521584,-4.520874,1.296749,137.042459,131.224835,137.04262,-4.521036,-0.000162,-5.817785
GW200128_022011,GWTC-3,70.207,29.97,0.0915,0.6326,62.6298,137.765472,5.313987,132.451485,-4.590974,1.22665,137.042459,131.224835,137.04262,-4.591135,-0.000162,-5.817785
GW200129_065458,GWTC-3,63.327,26.717,0.1075,0.1898,69.4344,137.616672,5.313987,132.302684,-4.739774,1.077849,137.042459,131.224835,137.04262,-4.739936,-0.000162,-5.817785
GW200129_065458,GWTC-3,63.213,26.668,0.1096,0.1936,69.5595,137.614074,5.313987,132.300087,-4.742372,1.075251,137.042459,131.224835,137.04262,-4.742534,-0.000162,-5.817785
GW200202_154313,GWTC-3,17.595,7.487,0.0361,0.0883,249.8972,135.769058,5.313987,130.455071,-6.587387,-0.769764,137.042459,131.224835,137.04262,-6.587549,-0.000162,-5.817785
GW200202_154313,GWTC-3,17.572,7.477,0.0363,0.0896,250.231,135.767133,5.313987,130.453146,-6.589313,-0.77169,137.042459,131.224835,137.04262,-6.589475,-0.000162,-5.817785
GW200208_130117,GWTC-3,65.101,27.534,-0.0854,0.3938,67.5415,137.656548,5.313987,132.342561,-4.699898,1.117725,137.042459,131.224835,137.04262,-4.70006,-0.000162,-5.817785
GW200208_130117,GWTC-3,64.628,27.382,-0.0647,0.4205,68.0359,137.646025,5.313987,132.332037,-4.710421,1.107202,137.042459,131.224835,137.04262,-4.710583,-0.000162,-5.817785
GW200208_222617,GWTC-3,90.725,23.219,0.6237,0.6897,48.4658,138.135354,5.313987,132.821367,-4.221092,1.596531,137.042459,131.224835,137.04262,-4.221254,-0.000162,-5.817785
GW200208_222617,GWTC-3,87.723,23.877,0.6669,0.8824,50.1244,138.086809,5.313987,132.772822,-4.269636,1.547987,137.042459,131.224835,137.04262,-4.269798,-0.000162,-5.817785
GW200209_085452,GWTC-3,61.831,26.382,-0.1248,0.5695,71.1139,137.58219,5.313987,132.268202,-4.774256,1.043367,137.042459,131.224835,137.04262,-4.774418,-0.000162,-5.817785
GW200209_085452,GWTC-3,60.329,25.802,-0.1066,0.6412,72.8846,137.546707,5.313987,132.23272,-4.809739,1.007884,137.042459,131.224835,137.04262,-4.809901,-0.000162,-5.817785
GW200210_092254,GWTC-3,27.456,6.561,0.0346,0.1873,160.1502,136.410968,5.313987,131.096981,-5.945478,-0.127854,137.042459,131.224835,137.04262,-5.945639,-0.000162,-5.817785
GW200210_092254,GWTC-3,27.192,6.525,0.0311,0.1936,161.703,136.397047,5.313987,131.083059,-5.959399,-0.141776,137.042459,131.224835,137.04262,-5.959561,-0.000162,-5.817785
GW200216_220804,GWTC-3,80.942,32.639,0.0805,0.6303,54.3236,137.970743,5.313987,132.656756,-4.385703,1.431921,137.042459,131.224835,137.04262,-4.385864,-0.000162,-5.817785
GW200216_220804,GWTC-3,78.852,32.489,0.1255,0.7612,55.763,137.933014,5.313987,132.619027,-4.423431,1.394192,137.042459,131.224835,137.04262,-4.423593,-0.000162,-5.817785
GW200219_094415,GWTC-3,64.933,27.603,-0.0968,0.559,67.7168,137.652808,5.313987,132.338821,-4.703637,1.113986,137.042459,131.224835,137.04262,-4.703799,-0.000162,-5.817785
GW200219_094415,GWTC-3,62.936,26.801,-0.0841,0.6271,69.8657,137.607737,5.313987,132.293749,-4.748709,1.068914,137.042459,131.224835,137.04262,-4.748871,-0.000162,-5.817785
GW200220_061928,GWTC-3,144.197,60.25,0.0373,0.9314,30.4933,138.803831,5.313987,133.489844,-3.552615,2.265009,137.042459,131.224835,137.04262,-3.552776,-0.000162,-5.817785
GW200220_061928,GWTC-3,130.811,54.98,0.0805,1.1703,33.6136,138.663275,5.313987,133.349288,-3.693171,2.124453,137.042459,131.224835,137.04262,-3.693332,-0.000162,-5.817785
GW200220_124850,GWTC-3,65.742,27.905,-0.0741,0.6696,66.8833,137.670675,5.313987,132.356688,-4.685771,1.131852,137.042459,131.224835,137.04262,-4.685932,-0.000162,-5.817785
GW200220_124850,GWTC-3,62.253,26.478,-0.0535,0.7977,70.6315,137.59201,5.313987,132.278023,-4.764435,1.053188,137.042459,131.224835,137.04262,-4.764597,-0.000162,-5.817785
GW200224_222234,GWTC-3,71.959,30.915,0.1001,0.3159,61.1051,137.801028,5.313987,132.487041,-4.555418,1.262205,137.042459,131.224835,137.04262,-4.55558,-0.000162,-5.817785
GW200224_222234,GWTC-3,71.567,30.753,0.1032,0.3279,61.4391,137.793164,5.313987,132.479176,-4.563282,1.254341,137.042459,131.224835,137.04262,-4.563444,-0.000162,-5.817785
GW200225_060421,GWTC-3,33.564,14.248,-0.1381,0.2138,131.005,136.700771,5.313987,131.386784,-5.655675,0.161949,137.042459,131.224835,137.04262,-5.655836,-0.000162,-5.817785
GW200225_060421,GWTC-3,33.354,14.172,-0.1271,0.2258,131.8309,136.691705,5.313987,131.377717,-5.664741,0.152882,137.042459,131.224835,137.04262,-5.664903,-0.000162,-5.817785
GW200302_015811,GWTC-3,57.445,22.942,-0.0012,0.2708,76.5435,137.476041,5.313987,132.162054,-4.880405,0.937218,137.042459,131.224835,137.04262,-4.880567,-0.000162,-5.817785
GW200302_015811,GWTC-3,56.875,22.82,0.0131,0.2974,77.3103,137.461661,5.313987,132.147674,-4.894785,0.922838,137.042459,131.224835,137.04262,-4.894947,-0.000162,-5.817785
GW200306_093714,GWTC-3,43.716,17.432,0.3102,0.3787,100.5825,137.082014,5.313987,131.768027,-5.274432,0.543191,137.042459,131.224835,137.04262,-5.274594,-0.000162,-5.817785
GW200306_093714,GWTC-3,42.784,17.249,0.3569,0.4337,102.7741,137.050916,5.313987,131.736929,-5.30553,0.512094,137.042459,131.224835,137.04262,-5.305691,-0.000162,-5.817785
GW200308_173609,GWTC-3,102.533,36.808,0.127,1.0054,42.8843,138.311873,5.313987,132.997886,-4.044573,1.77305,137.042459,131.224835,137.04262,-4.044735,-0.000162,-5.817785
GW200308_173609,GWTC-3,103.044,37.688,0.0576,2.1487,42.6716,138.319045,5.313987,133.005058,-4.037401,1.780223,137.042459,131.224835,137.04262,-4.037562,-0.000162,-5.817785
GW200311_115853,GWTC-3,61.466,26.324,-0.0357,0.2295,71.5365,137.573641,5.313987,132.259654,-4.782805,1.034819,137.042459,131.224835,137.04262,-4.782966,-0.000162,-5.817785
GW200311_115853,GWTC-3,61.343,26.27,-0.0325,0.2338,71.6799,137.570754,5.313987,132.256766,-4.785692,1.031931,137.042459,131.224835,137.04262,-4.785854,-0.000162,-5.817785
GW200316_215756,GWTC-3,21.776,8.809,0.1507,0.2137,201.9203,136.076608,5.313987,130.76262,-6.279838,-0.462215,137.042459,131.224835,137.04262,-6.28,-0.000162,-5.817785
GW200316_215756,GWTC-3,21.579,8.748,0.1489,0.2219,203.7626,136.063504,5.313987,130.749517,-6.292942,-0.475318,137.042459,131.224835,137.04262,-6.293103,-0.000162,-5.817785
GW200322_091133,GWTC-3,76.664,25.288,0.1008,0.8231,57.3549,137.892405,5.313987,132.578418,-4.464041,1.353582,137.042459,131.224835,137.04262,-4.464203,-0.000162,-5.817785
GW200322_091133,GWTC-3,83.821,25.278,0.0373,2.0452,52.4578,138.021164,5.313987,132.707176,-4.335282,1.482341,137.042459,131.224835,137.04262,-4.335444,-0.000162,-5.817785
GW230518_125908,GWTC-4,9.621,2.799,-0.0124,0.0516,457.0471,134.898051,5.313987,129.584063,-7.458395,-1.640772,137.042459,131.224835,137.04262,-7.458557,-0.000162,-5.817785
GW230529_181500,GWTC-4,5.009,1.939,-0.1125,0.0448,877.8264,133.956458,5.313987,128.64247,-8.399988,-2.582365,137.042459,131.224835,137.04262,-8.40015,-0.000162,-5.817785
GW230601_224134,GWTC-4,108.708,45.732,-0.0201,0.5716,40.4483,138.396241,5.313987,133.082254,-3.960205,1.857418,137.042459,131.224835,137.04262,-3.960367,-0.000162,-5.817785
GW230605_065343,GWTC-4,28.727,12.009,0.0683,0.2049,153.0649,136.47625,5.313987,131.162262,-5.880196,-0.062573,137.042459,131.224835,137.04262,-5.880358,-0.000162,-5.817785
GW230606_004305,GWTC-4,62.662,26.327,-0.1361,0.4674,70.1703,137.601462,5.313987,132.287475,-4.754984,1.062639,137.042459,131.224835,137.04262,-4.755146,-0.000162,-5.817785
GW230608_205047,GWTC-4,78.811,32.748,0.0498,0.5668,55.7925,137.93225,5.313987,132.618263,-4.424195,1.393428,137.042459,131.224835,137.04262,-4.424357,-0.000162,-5.817785
GW230609_064958,GWTC-4,59.949,25.398,-0.1427,0.5549,73.3469,137.537585,5.313987,132.223598,-4.818861,0.998762,137.042459,131.224835,137.04262,-4.819023,-0.000162,-5.817785
GW230624_113103,GWTC-4,43.164,17.896,0.1367,0.3477,101.8672,137.063704,5.313987,131.749716,-5.292742,0.524881,137.042459,131.224835,137.04262,-5.292904,-0.000162,-5.817785
GW230627_015337,GWTC-4,14.181,6.015,0.021,0.0663,310.0609,135.457842,5.313987,130.143854,-6.898604,-1.080981,137.042459,131.224835,137.04262,-6.898766,-0.000162,-5.817785
GW230628_231200,GWTC-4,59.217,25.523,-0.0023,0.4077,74.2532,137.519869,5.313987,132.205882,-4.836577,0.981046,137.042459,131.224835,137.04262,-4.836739,-0.000162,-5.817785
GW230630_125806,GWTC-4,85.698,35.404,0.2026,0.8132,51.3088,138.053115,5.313987,132.739128,-4.303331,1.514292,137.042459,131.224835,137.04262,-4.303493,-0.000162,-5.817785
GW230630_234532,GWTC-4,16.831,7.07,-0.0401,0.2114,261.2463,135.704982,5.313987,130.390995,-6.651463,-0.83384,137.042459,131.224835,137.04262,-6.651625,-0.000162,-5.817785
GW230702_185453,GWTC-4,60.819,23.059,0.0587,0.4143,72.2971,137.558383,5.313987,132.244396,-4.798062,1.019561,137.042459,131.224835,137.04262,-4.798224,-0.000162,-5.817785
GW230704_021211,GWTC-4,53.541,22.103,-0.0139,0.4506,82.1241,137.374516,5.313987,132.060529,-4.98193,0.835694,137.042459,131.224835,137.04262,-4.982091,-0.000162,-5.817785
GW230704_212616,GWTC-4,141.599,54.745,0.3772,1.0016,31.0528,138.777597,5.313987,133.463609,-3.578849,2.238774,137.042459,131.224835,137.04262,-3.579011,-0.000162,-5.817785
GW230706_104333,GWTC-4,27.953,11.819,0.1929,0.3515,157.3038,136.43684,5.313987,131.122853,-5.919606,-0.101983,137.042459,131.224835,137.04262,-5.919768,-0.000162,-5.817785
GW230707_124047,GWTC-4,81.494,34.967,-0.0435,0.7189,53.9552,137.980561,5.313987,132.666573,-4.375885,1.441738,137.042459,131.224835,137.04262,-4.376047,-0.000162,-5.817785
GW230708_053705,GWTC-4,51.963,22.289,0.0773,0.5478,84.6188,137.331343,5.313987,132.017356,-5.025103,0.792521,137.042459,131.224835,137.04262,-5.025264,-0.000162,-5.817785
GW230708_230935,GWTC-4,103.796,42.77,0.0243,0.5634,42.3622,138.329545,5.313987,133.015557,-4.026901,1.790722,137.042459,131.224835,137.04262,-4.027063,-0.000162,-5.817785
GW230709_122727,GWTC-4,75.14,31.417,0.0945,0.7276,58.518,137.863442,5.313987,132.549454,-4.493004,1.324619,137.042459,131.224835,137.04262,-4.493166,-0.000162,-5.817785
GW230712_090405,GWTC-4,43.983,15.693,-0.041,0.3614,99.9708,137.090815,5.313987,131.776827,-5.265631,0.551992,137.042459,131.224835,137.04262,-5.265793,-0.000162,-5.817785
GW230723_101834,GWTC-4,27.71,11.5,-0.1589,0.2912,158.6791,136.424281,5.313987,131.110294,-5.932165,-0.114542,137.042459,131.224835,137.04262,-5.932327,-0.000162,-5.817785
GW230726_002940,GWTC-4,63.381,27.183,-0.0166,0.3756,69.3751,137.617902,5.313987,132.303915,-4.738543,1.07908,137.042459,131.224835,137.04262,-4.738705,-0.000162,-5.817785
GW230729_082317,GWTC-4,20.406,8.346,0.1248,0.305,215.4804,135.982837,5.313987,130.668849,-6.373609,-0.555986,137.042459,131.224835,137.04262,-6.373771,-0.000162,-5.817785
GW230731_215307,GWTC-4,18.239,7.765,-0.0479,0.2182,241.0771,135.820898,5.313987,130.506911,-6.535547,-0.717924,137.042459,131.224835,137.04262,-6.535709,-0.000162,-5.817785
GW230803_033412,GWTC-4,76.105,31.347,0.099,0.7328,57.7756,137.88186,5.313987,132.567873,-4.474586,1.343038,137.042459,131.224835,137.04262,-4.474747,-0.000162,-5.817785
GW230805_034249,GWTC-4,56.729,23.389,0.082,0.5329,77.5096,137.457946,5.313987,132.143959,-4.8985,0.919124,137.042459,131.224835,137.04262,-4.898661,-0.000162,-5.817785
GW230806_204041,GWTC-4,85.154,35.812,0.0929,0.8451,51.6365,138.043931,5.313987,132.729944,-4.312514,1.505109,137.042459,131.224835,137.04262,-4.312676,-0.000162,-5.817785
GW230811_032116,GWTC-4,57.994,24.064,0.0171,0.3683,75.8183,137.489776,5.313987,132.175789,-4.86667,0.950953,137.042459,131.224835,137.04262,-4.866832,-0.000162,-5.817785
GW230814_061920,GWTC-4,112.114,46.722,0.0529,0.6196,39.2194,138.440755,5.313987,133.126768,-3.915691,1.901933,137.042459,131.224835,137.04262,-3.915852,-0.000162,-5.817785
GW230814_230901,GWTC-4,62.026,26.868,-0.0103,0.0594,70.8906,137.586727,5.313987,132.27274,-4.769718,1.047905,137.042459,131.224835,137.04262,-4.76988,-0.000162,-5.817785
GW230819_171910,GWTC-4,110.418,42.639,-0.0291,0.6318,39.8218,138.418762,5.313987,133.104774,-3.937684,1.879939,137.042459,131.224835,137.04262,-3.937846,-0.000162,-5.817785
GW230820_212515,GWTC-4,96.193,37.503,0.2093,0.6195,45.7106,138.219794,5.313987,132.905806,-4.136652,1.680971,137.042459,131.224835,137.04262,-4.136814,-0.000162,-5.817785
GW230824_033047,GWTC-4,88.244,36.987,0.0022,0.7316,49.8282,138.095359,5.313987,132.781371,-4.261087,1.556536,137.042459,131.224835,137.04262,-4.261249,-0.000162,-5.817785
GW230825_041334,GWTC-4,70.639,29.415,0.3174,0.7852,62.2466,137.774326,5.313987,132.460339,-4.58212,1.235504,137.042459,131.224835,137.04262,-4.582281,-0.000162,-5.817785
GW230831_015414,GWTC-4,73.772,31.23,0.0428,0.7251,59.6034,137.836927,5.313987,132.522939,-4.519519,1.298104,137.042459,131.224835,137.04262,-4.519681,-0.000162,-5.817785
GW230904_051013,GWTC-4,17.968,7.553,0.0562,0.1997,244.7131,135.799302,5.313987,130.485314,-6.557144,-0.739521,137.042459,131.224835,137.04262,-6.557306,-0.000162,-5.817785
GW230911_195324,GWTC-4,56.102,23.132,-0.029,0.221,78.3762,137.441907,5.313987,132.127919,-4.914539,0.903084,137.042459,131.224835,137.04262,-4.914701,-0.000162,-5.817785
GW230914_111401,GWTC-4,95.813,39.877,0.1275,0.4526,45.8921,138.214077,5.313987,132.900089,-4.142369,1.675254,137.042459,131.224835,137.04262,-4.142531,-0.000162,-5.817785
GW230919_215712,GWTC-4,49.316,21.145,0.1823,0.2461,89.1606,137.255916,5.313987,131.941929,-5.10053,0.717093,137.042459,131.224835,137.04262,-5.100692,-0.000162,-5.817785
GW230920_071124,GWTC-4,56.473,23.958,-0.0019,0.4863,77.8605,137.45143,5.313987,132.137443,-4.905015,0.912608,137.042459,131.224835,137.04262,-4.905177,-0.000162,-5.817785
GW230922_020344,GWTC-4,70.611,29.915,0.0354,0.276,62.2712,137.773756,5.313987,132.459769,-4.58269,1.234933,137.042459,131.224835,137.04262,-4.582852,-0.000162,-5.817785
GW230922_040658,GWTC-4,124.69,50.93,0.3378,0.9495,35.2637,138.594139,5.313987,133.280152,-3.762307,2.055317,137.042459,131.224835,137.04262,-3.762468,-0.000162,-5.817785
GW230924_124453,GWTC-4,51.755,22.259,0.0196,0.4192,84.9595,137.325546,5.313987,132.011559,-5.0309,0.786724,137.042459,131.224835,137.04262,-5.031061,-0.000162,-5.817785
GW230927_043729,GWTC-4,62.472,26.755,0.0071,0.5287,70.3847,137.597059,5.313987,132.283071,-4.759387,1.058236,137.042459,131.224835,137.04262,-4.759549,-0.000162,-5.817785
GW230927_153832,GWTC-4,38.516,16.437,0.0406,0.2278,114.1625,136.899304,5.313987,131.585317,-5.457142,0.360482,137.042459,131.224835,137.04262,-5.457303,-0.000162,-5.817785
GW230928_215827,GWTC-4,87.64,35.724,0.4204,0.6974,50.1719,138.085442,5.313987,132.771454,-4.271004,1.546619,137.042459,131.224835,137.04262,-4.271166,-0.000162,-5.817785
GW230930_110730,GWTC-4,58.997,24.892,0.0277,0.7619,74.5301,137.514498,5.313987,132.200511,-4.841947,0.975676,137.042459,131.224835,137.04262,-4.842109,-0.000162,-5.817785
GW231001_140220,GWTC-4,116.328,46.756,-0.0479,0.673,37.7986,138.493987,5.313987,133.18,-3.862459,1.955164,137.042459,131.224835,137.04262,-3.86262,-0.000162,-5.817785
GW231004_232346,GWTC-4,101.671,40.7,-0.0512,0.6567,43.2479,138.299691,5.313987,132.985704,-4.056755,1.760869,137.042459,131.224835,137.04262,-4.056916,-0.000162,-5.817785
GW231005_021030,GWTC-4,131.59,53.414,0.1123,0.939,33.4146,138.671841,5.313987,133.357854,-3.684605,2.133019,137.042459,131.224835,137.04262,-3.684766,-0.000162,-5.817785
GW231005_091549,GWTC-4,50.642,21.497,-0.0384,0.5938,86.8255,137.294203,5.313987,131.980215,-5.062243,0.75538,137.042459,131.224835,137.04262,-5.062405,-0.000162,-5.817785
GW231008_142521,GWTC-4,71.255,28.91,-0.0252,0.4817,61.7082,137.786859,5.313987,132.472872,-4.569586,1.248037,137.042459,131.224835,137.04262,-4.569748,-0.000162,-5.817785
GW231014_040532,GWTC-4,35.883,15.076,0.1813,0.3994,122.5368,136.797178,5.313987,131.48319,-5.559268,0.258355,137.042459,131.224835,137.04262,-5.55943,-0.000162,-5.817785
GW231018_233037,GWTC-4,19.092,7.911,0.0148,0.2877,230.304,135.886854,5.313987,130.572867,-6.469592,-0.651968,137.042459,131.224835,137.04262,-6.469753,-0.000162,-5.817785
GW231020_142947,GWTC-4,19.862,8.071,0.1512,0.2383,221.3819,135.943856,5.313987,130.629869,-6.41259,-0.594967,137.042459,131.224835,137.04262,-6.412752,-0.000162,-5.817785
GW231028_153006,GWTC-4,152.901,64.299,0.4957,0.7177,28.7574,138.888388,5.313987,133.574401,-3.468058,2.349565,137.042459,131.224835,137.04262,-3.46822,-0.000162,-5.817785
GW231029_111508,GWTC-4,106.069,44.048,0.1453,0.5145,41.4546,138.36079,5.313987,133.046803,-3.995656,1.821967,137.042459,131.224835,137.04262,-3.995818,-0.000162,-5.817785
GW231102_071736,GWTC-4,104.652,44.481,0.074,0.5985,42.0158,138.341388,5.313987,133.027401,-4.015058,1.802566,137.042459,131.224835,137.04262,-4.015219,-0.000162,-5.817785
GW231104_133418,GWTC-4,21.033,8.853,0.1455,0.2781,209.0556,136.026507,5.313987,130.71252,-6.329939,-0.512316,137.042459,131.224835,137.04262,-6.330101,-0.000162,-5.817785
GW231108_125142,GWTC-4,40.655,17.345,-0.0763,0.3717,108.1558,136.977283,5.313987,131.663295,-5.379163,0.43846,137.042459,131.224835,137.04262,-5.379325,-0.000162,-5.817785
GW231110_040320,GWTC-4,32.522,13.472,0.1746,0.3393,135.2004,136.655294,5.313987,131.341306,-5.701152,0.116471,137.042459,131.224835,137.04262,-5.701314,-0.000162,-5.817785
GW231113_122623,GWTC-4,68.293,28.472,0.3648,0.5524,64.3848,137.725602,5.313987,132.411615,-4.630844,1.18678,137.042459,131.224835,137.04262,-4.631005,-0.000162,-5.817785
GW231113_200417,GWTC-4,19.142,8.021,0.1253,0.224,229.7092,135.890585,5.313987,130.576597,-6.465861,-0.648238,137.042459,131.224835,137.04262,-6.466023,-0.000162,-5.817785
GW231114_043211,GWTC-4,31.513,11.653,0.091,0.2551,139.5324,136.609793,5.313987,131.295805,-5.746653,0.07097,137.042459,131.224835,137.04262,-5.746815,-0.000162,-5.817785
GW231118_005626,GWTC-4,31.831,12.792,0.3929,0.3789,138.1385,136.624277,5.313987,131.31029,-5.732168,0.085455,137.042459,131.224835,137.04262,-5.73233,-0.000162,-5.817785
GW231118_071402,GWTC-4,73.893,31.101,0.1278,0.6598,59.5053,137.839303,5.313987,132.525316,-4.517142,1.300481,137.042459,131.224835,137.04262,-4.517304,-0.000162,-5.817785
GW231118_090602,GWTC-4,21.229,8.37,0.1195,0.262,207.1249,136.039893,5.313987,130.725905,-6.316553,-0.49893,137.042459,131.224835,137.04262,-6.316715,-0.000162,-5.817785
GW231119_075248,GWTC-4,82.329,34.536,-0.0005,0.9702,53.4081,137.995264,5.313987,132.681277,-4.361182,1.456441,137.042459,131.224835,137.04262,-4.361344,-0.000162,-5.817785
GW231123_135430,GWTC-4,243.276,102.33,0.0391,0.1712,18.0743,139.55838,5.313987,134.244393,-2.798066,3.019558,137.042459,131.224835,137.04262,-2.798227,-0.000162,-5.817785
GW231127_165300,GWTC-4,74.482,30.555,0.0406,0.6912,59.0348,137.850756,5.313987,132.536769,-4.505689,1.311934,137.042459,131.224835,137.04262,-4.505851,-0.000162,-5.817785
GW231129_081745,GWTC-4,69.568,28.14,0.0274,0.5956,63.2053,137.752276,5.313987,132.438289,-4.60417,1.213453,137.042459,131.224835,137.04262,-4.604332,-0.000162,-5.817785
GW231206_233134,GWTC-4,62.613,26.897,-0.0901,0.5452,70.226,137.600315,5.313987,132.286328,-4.756131,1.061493,137.042459,131.224835,137.04262,-4.756292,-0.000162,-5.817785
GW231206_233901,GWTC-4,66.567,28.417,-0.0293,0.2811,66.0549,137.688657,5.313987,132.374669,-4.667789,1.149834,137.042459,131.224835,137.04262,-4.667951,-0.000162,-5.817785
GW231213_111417,GWTC-4,62.618,26.759,0.0767,0.6546,70.2204,137.60043,5.313987,132.286443,-4.756015,1.061608,137.042459,131.224835,137.04262,-4.756177,-0.000162,-5.817785
GW231221_135041,GWTC-4,77.258,31.226,0.0393,0.7017,56.9137,137.903545,5.313987,132.589558,-4.452901,1.364723,137.042459,131.224835,137.04262,-4.453062,-0.000162,-5.817785
GW231223_032836,GWTC-4,77.577,32.325,-0.1616,0.6415,56.68,137.909481,5.313987,132.595494,-4.446965,1.370658,137.042459,131.224835,137.04262,-4.447127,-0.000162,-5.817785
GW231223_075055,GWTC-4,19.033,7.814,0.0721,0.1914,231.0248,135.882346,5.313987,130.568358,-6.4741,-0.656477,137.042459,131.224835,137.04262,-6.474262,-0.000162,-5.817785
GW231223_202619,GWTC-4,19.701,8.377,0.105,0.1776,223.1851,135.932153,5.313987,130.618166,-6.424293,-0.60667,137.042459,131.224835,137.04262,-6.424455,-0.000162,-5.817785
GW231224_024321,GWTC-4,16.691,7.141,-0.0052,0.1883,263.4416,135.69291,5.313987,130.378923,-6.663536,-0.845913,137.042459,131.224835,137.04262,-6.663698,-0.000162,-5.817785
GW231226_101520,GWTC-4,75.194,32.558,-0.0738,0.2278,58.4759,137.86448,5.313987,132.550492,-4.491966,1.325657,137.042459,131.224835,137.04262,-4.492128,-0.000162,-5.817785
GW231230_170116,GWTC-4,87.791,36.731,-0.2167,0.8681,50.0854,138.08793,5.313987,132.773943,-4.268515,1.549108,137.042459,131.224835,137.04262,-4.268677,-0.000162,-5.817785
GW231231_154016,GWTC-4,40.001,17.109,-0.0286,0.2087,109.9242,136.953885,5.313987,131.639897,-5.402561,0.415062,137.042459,131.224835,137.04262,-5.402723,-0.000162,-5.817785
GW240104_164932,GWTC-4,75.268,32.198,0.1255,0.3506,58.4181,137.865905,5.313987,132.551918,-4.490541,1.327083,137.042459,131.224835,137.04262,-4.490702,-0.000162,-5.817785
GW240107_013215,GWTC-4,89.554,34.62,0.3387,0.8746,49.0991,138.116626,5.313987,132.802638,-4.23982,1.577803,137.042459,131.224835,137.04262,-4.239982,-0.000162,-5.817785
GW240109_050431,GWTC-4,47.299,19.71,-0.076,0.2758,92.9627,137.19567,5.313987,131.881683,-5.160776,0.656847,137.042459,131.224835,137.04262,-5.160938,-0.000162,-5.817785
