event,catalog,waveform,erad_strategy,per_sample_chi,M_total_Msun,chi_eff_med,chi_eff_std,redshift,lum_dist_Mpc,mass_ratio,n_seraphim,n_sph_std,n_carrier_schwarz,n_carrier_kerr,kerr_delta_n,n_BBH_theory,gap_schwarz,gap_kerr,alpha_inv,delta_schwarz,delta_kerr,log2_M
GW150914_095045,GWTC-2.1,C01:IMRPhenomXPHM,M_total-final_mass_source,True,64.264,-0.0557,0.0836,0.0963,455.6162,0.8463,5.340209,0.046137,137.637871,137.697212,0.059341,5.313987,132.297662,132.357003,137.035999,-4.738337,-4.678997,6.005939
GW150914_095045,GWTC-2.1,C01:IMRPhenomXPHM,M_total-final_mass_source,True,64.2184,-0.0547,0.0832,0.0978,463.0273,0.8454,5.340473,0.045957,137.636848,137.695577,0.05873,5.313987,132.296375,132.355104,137.035999,-4.739624,-4.680895,6.004916
GW151012_095443,GWTC-2.1,C01:IMRPhenomXPHM,M_total-final_mass_source,True,38.844,0.111,0.1567,0.1937,974.095,0.538,5.283749,0.208789,136.911553,136.795298,-0.116255,5.313987,131.627804,131.511549,137.035999,-5.408195,-5.52445,5.279621
GW151012_095443,GWTC-2.1,C01:IMRPhenomXPHM,M_total-final_mass_source,True,38.422,0.1178,0.1599,0.2083,1056.2635,0.5513,5.295259,0.203841,136.895793,136.774811,-0.120982,5.313987,131.600533,131.479551,137.035999,-5.435466,-5.556448,5.263861
GW151226_033853,GWTC-2.1,C01:IMRPhenomXPHM,M_total-final_mass_source,True,21.6734,0.2015,0.0993,0.0973,460.4727,0.5276,5.334007,0.189791,136.069785,135.850086,-0.219698,5.313987,130.735778,130.51608,137.035999,-6.300221,-6.519919,4.437853
GW151226_033853,GWTC-2.1,C01:IMRPhenomXPHM,M_total-final_mass_source,True,21.6612,0.2031,0.0994,0.0994,471.2247,0.5235,5.331756,0.18991,136.068974,135.846114,-0.222859,5.313987,130.737218,130.514358,137.035999,-6.298781,-6.521641,4.437042
GW170104_101158,GWTC-2.1,C01:IMRPhenomXPHM,M_total-final_mass_source,True,49.9996,-0.0421,0.1053,0.2113,1073.2327,0.7085,5.309569,0.087598,137.275776,137.325388,0.049612,5.313987,131.966206,132.015818,137.035999,-5.069793,-5.020181,5.643844
GW170104_101158,GWTC-2.1,C01:IMRPhenomXPHM,M_total-final_mass_source,True,49.6974,-0.0391,0.1035,0.2205,1126.1863,0.7076,5.310683,0.085239,137.267031,137.313569,0.046538,5.313987,131.956348,132.002886,137.035999,-5.079651,-5.033113,5.635099
GW170608_020116,GWTC-2.1,C01:IMRPhenomXPHM,M_total-final_mass_source,True,18.6246,0.0434,0.0694,0.0707,328.8612,0.7136,5.351159,0.088127,135.851072,135.805175,-0.045897,5.313987,130.499914,130.454016,137.035999,-6.536086,-6.581983,4.219141
GW170608_020116,GWTC-2.1,C01:IMRPhenomXPHM,M_total-final_mass_source,True,18.6091,0.0436,0.0698,0.0718,334.0213,0.7122,5.350863,0.088712,135.849865,135.801527,-0.048338,5.313987,130.499002,130.450664,137.035999,-6.536997,-6.585335,4.217933
GW170729_185629,GWTC-2.1,C01:IMRPhenomXPHM,M_total-final_mass_source,True,83.5641,0.2572,0.1801,0.4267,2412.502,0.5514,5.393495,0.19962,138.016743,137.722731,-0.294012,5.313987,132.623248,132.329236,137.035999,-4.412751,-4.706763,6.384811
GW170729_185629,GWTC-2.1,C01:IMRPhenomXPHM,M_total-final_mass_source,True,82.475,0.3064,0.1679,0.4943,2874.1125,0.5845,5.440181,0.178804,137.997817,137.638966,-0.358852,5.313987,132.557637,132.198785,137.035999,-4.478362,-4.837214,6.365885
GW170809_082821,GWTC-2.1,C01:IMRPhenomXPHM,M_total-final_mass_source,True,58.4839,0.0795,0.1068,0.2147,1092.4979,0.7064,5.361404,0.087983,137.501899,137.410051,-0.091848,5.313987,132.140495,132.048647,137.035999,-4.895504,-4.987352,5.869967
GW170809_082821,GWTC-2.1,C01:IMRPhenomXPHM,M_total-final_mass_source,True,58.3371,0.0833,0.1055,0.2189,1116.9455,0.7072,5.36345,0.086552,137.498273,137.404226,-0.094046,5.313987,132.134823,132.040776,137.035999,-4.901176,-4.995223,5.866341
GW170814_103043,GWTC-2.1,C01:IMRPhenomXPHM,M_total-final_mass_source,True,55.6541,0.0606,0.074,0.1223,588.4313,0.8063,5.378698,0.046399,137.430347,137.3631,-0.067247,5.313987,132.051649,131.984402,137.035999,-4.98435,-5.051597,5.798415
GW170814_103043,GWTC-2.1,C01:IMRPhenomXPHM,M_total-final_mass_source,True,55.5515,0.0613,0.0737,0.1245,599.8825,0.808,5.379305,0.046136,137.427685,137.35865,-0.069035,5.313987,132.04838,131.979345,137.035999,-4.987619,-5.056654,5.795753
GW170818_022509,GWTC-2.1,C01:IMRPhenomXPHM,M_total-final_mass_source,True,62.4971,-0.0423,0.1213,0.222,1134.4514,0.7968,5.334126,0.066714,137.59765,137.643178,0.045529,5.313987,132.263524,132.309053,137.035999,-4.772475,-4.726946,5.965718
GW170818_022509,GWTC-2.1,C01:IMRPhenomXPHM,M_total-final_mass_source,True,62.2874,-0.0347,0.12,0.2296,1178.4139,0.7984,5.33759,0.066023,137.5928,137.629236,0.036435,5.313987,132.25521,132.291645,137.035999,-4.78079,-4.744354,5.960868
GW170823_131358,GWTC-2.1,C01:IMRPhenomXPHM,M_total-final_mass_source,True,66.9488,0.0531,0.1332,0.3575,1958.8475,0.7643,5.36397,0.1035,137.696918,137.64494,-0.051978,5.313987,132.332948,132.280971,137.035999,-4.703051,-4.755028,6.064986
GW170823_131358,GWTC-2.1,C01:IMRPhenomXPHM,M_total-final_mass_source,True,66.2608,0.0651,0.1309,0.3817,2115.4534,0.7667,5.36973,0.09842,137.682016,137.611785,-0.070231,5.313987,132.312286,132.242056,137.035999,-4.723713,-4.793944,6.050084
GW190403_051519,GWTC-2.1,C01:IMRPhenomXPHM,M_total-final_mass_source,True,107.1354,0.6786,0.1631,1.1374,7954.6993,0.2025,5.21412,0.343804,138.375223,137.333281,-1.041943,5.313987,133.161103,132.119161,137.035999,-3.874896,-4.916838,6.743291
GW190403_051519,GWTC-2.1,C01:IMRPhenomXPHM,M_total-final_mass_source,True,98.5777,0.6959,0.1618,1.4295,10547.7819,0.2763,5.40014,0.292684,138.255122,137.187935,-1.067187,5.313987,132.854981,131.787795,137.035999,-4.181018,-5.248204,6.62319
GW190408_181802,GWTC-2.1,C01:IMRPhenomXPHM,M_total-final_mass_source,True,43.496,-0.0301,0.0971,0.2858,1511.6722,0.7383,5.321596,0.074859,137.074744,137.11326,0.038517,5.313987,131.753148,131.791664,137.035999,-5.282851,-5.244335,5.442812
GW190408_181802,GWTC-2.1,C01:IMRPhenomXPHM,M_total-final_mass_source,True,43.1812,-0.0291,0.0943,0.2961,1574.6829,0.735,5.321423,0.072635,137.064262,137.101217,0.036956,5.313987,131.742839,131.779795,137.035999,-5.29316,-5.256205,5.43233
GW190412_053044,GWTC-2.1,C01:IMRPhenomXPHM,M_total-final_mass_source,True,38.4591,0.247,0.0608,0.1416,690.1104,0.2821,5.022211,0.078574,136.897184,136.607922,-0.289262,5.313987,131.874973,131.585711,137.035999,-5.161026,-5.450288,5.265252
GW190412_053044,GWTC-2.1,C01:IMRPhenomXPHM,M_total-final_mass_source,True,38.4473,0.2479,0.0606,0.1434,699.5342,0.2812,5.020724,0.078802,136.896743,136.603611,-0.293132,5.313987,131.876019,131.582887,137.035999,-5.159981,-5.453112,5.264811
GW190413_052954,GWTC-2.1,C01:IMRPhenomXPHM,M_total-final_mass_source,True,58.027,-0.0353,0.175,0.5579,3324.3621,0.7296,5.313018,0.115031,137.490584,137.53649,0.045906,5.313987,132.177566,132.223472,137.035999,-4.858433,-4.812527,5.858652
GW190413_052954,GWTC-2.1,C01:IMRPhenomXPHM,M_total-final_mass_source,True,56.9955,-0.0035,0.1739,0.6146,3737.0392,0.7373,5.329395,0.111198,137.464708,137.46776,0.003051,5.313987,132.135313,132.138364,137.035999,-4.900686,-4.897635,5.832777
GW190413_134308,GWTC-2.1,C01:IMRPhenomXPHM,M_total-final_mass_source,True,81.2511,-0.0085,0.1977,0.6226,3796.2844,0.5987,5.273783,0.203854,137.976248,137.990388,0.01414,5.313987,132.702466,132.716606,137.035999,-4.333534,-4.319393,6.344316
GW190413_134308,GWTC-2.1,C01:IMRPhenomXPHM,M_total-final_mass_source,True,78.6772,0.0211,0.1877,0.7298,4607.0903,0.6543,5.311039,0.169699,137.929805,137.91587,-0.013935,5.313987,132.618767,132.604832,137.035999,-4.417232,-4.431168,6.297874
GW190421_213856,GWTC-2.1,C01:IMRPhenomXPHM,M_total-final_mass_source,True,73.6101,-0.0959,0.1487,0.4527,2587.9613,0.7827,5.305285,0.102963,137.833764,137.943887,0.110123,5.313987,132.528479,132.638602,137.035999,-4.507521,-4.397397,6.201832
GW190421_213856,GWTC-2.1,C01:IMRPhenomXPHM,M_total-final_mass_source,True,71.669,-0.0839,0.1464,0.5064,2958.4536,0.7823,5.310359,0.09766,137.79521,137.896936,0.101726,5.313987,132.484851,132.586577,137.035999,-4.551148,-4.449422,6.163278
GW190426_190642,GWTC-2.1,C01:IMRPhenomXPHM,M_total-final_mass_source,True,182.3339,0.2261,0.2566,0.7259,4577.1825,0.7616,5.418206,0.183825,139.142371,138.837077,-0.305295,5.313987,133.724165,133.41887,137.035999,-3.311834,-3.617129,7.510439
GW190426_190642,GWTC-2.1,C01:IMRPhenomXPHM,M_total-final_mass_source,True,172.1122,0.2975,0.25,0.8698,5714.2056,0.7383,5.449271,0.166979,139.059138,138.681602,-0.377536,5.313987,133.609867,133.232331,137.035999,-3.426132,-3.803668,7.427206
GW190503_185404,GWTC-2.1,C01:IMRPhenomXPHM,M_total-final_mass_source,True,69.4292,-0.0575,0.1598,0.2841,1501.7608,0.6704,5.289253,0.140284,137.749402,137.819086,0.069684,5.313987,132.460149,132.529833,137.035999,-4.57585,-4.506166,6.11747
GW190503_185404,GWTC-2.1,C01:IMRPhenomXPHM,M_total-final_mass_source,True,69.1812,-0.0425,0.1561,0.2996,1596.2606,0.6812,5.298355,0.13215,137.744241,137.798979,0.054738,5.313987,132.445886,132.500624,137.035999,-4.590113,-4.535375,6.112309
GW190512_180714,GWTC-2.1,C01:IMRPhenomXPHM,M_total-final_mass_source,True,36.0873,0.0279,0.0901,0.2783,1466.1971,0.5125,5.235675,0.108878,136.805352,136.76935,-0.036002,5.313987,131.569677,131.533675,137.035999,-5.466322,-5.502324,5.17342
GW190512_180714,GWTC-2.1,C01:IMRPhenomXPHM,M_total-final_mass_source,True,35.7398,0.0294,0.0896,0.2895,1534.3961,0.5143,5.237961,0.109162,136.791391,136.757896,-0.033495,5.313987,131.553429,131.519934,137.035999,-5.48257,-5.516065,5.159459
GW190513_205428,GWTC-2.1,C01:IMRPhenomXPHM,M_total-final_mass_source,True,54.2525,0.1346,0.1425,0.3888,2162.0181,0.4755,5.265078,0.163938,137.393551,137.232446,-0.161105,5.313987,132.128473,131.967368,137.035999,-4.907526,-5.068631,5.761619
GW190513_205428,GWTC-2.1,C01:IMRPhenomXPHM,M_total-final_mass_source,True,53.7894,0.1502,0.1458,0.4073,2283.2604,0.4852,5.282106,0.162296,137.381182,137.206491,-0.174692,5.313987,132.099076,131.924385,137.035999,-4.936923,-5.111615,5.74925
GW190514_065416,GWTC-2.1,C01:IMRPhenomXPHM,M_total-final_mass_source,True,69.0248,-0.0911,0.1875,0.634,3881.0073,0.7175,5.282611,0.144919,137.740974,137.854683,0.113709,5.313987,132.458363,132.572072,137.035999,-4.577636,-4.463927,6.109042
GW190514_065416,GWTC-2.1,C01:IMRPhenomXPHM,M_total-final_mass_source,True,65.5604,-0.0676,0.1851,0.7498,4761.9487,0.7386,5.299889,0.127574,137.666685,137.756048,0.089363,5.313987,132.366795,132.456159,137.035999,-4.669204,-4.57984,6.034753
GW190517_055101,GWTC-2.1,C01:IMRPhenomXPHM,M_total-final_mass_source,True,64.4896,0.4417,0.154,0.3014,1607.3741,0.5656,5.522279,0.213,137.642927,137.063244,-0.579682,5.313987,132.120647,131.540965,137.035999,-4.915352,-5.495034,6.010995
GW190517_055101,GWTC-2.1,C01:IMRPhenomXPHM,M_total-final_mass_source,True,62.6577,0.4732,0.1473,0.3513,1919.5894,0.5939,5.552532,0.196532,137.601351,136.971664,-0.629687,5.313987,132.048819,131.419131,137.035999,-4.98718,-5.616868,5.969419
GW190519_153544,GWTC-2.1,C01:IMRPhenomXPHM,M_total-final_mass_source,True,103.1949,0.3153,0.1328,0.4529,2589.3807,0.6284,5.438564,0.126776,138.32116,137.94265,-0.37851,5.313987,132.882596,132.504086,137.035999,-4.153403,-4.531913,6.689228
GW190519_153544,GWTC-2.1,C01:IMRPhenomXPHM,M_total-final_mass_source,True,100.1684,0.3366,0.1299,0.5204,3057.0433,0.6287,5.453231,0.124368,138.278215,137.874745,-0.40347,5.313987,132.824984,132.421514,137.035999,-4.211015,-4.614485,6.646283
GW190521_030229,GWTC-2.1,C01:IMRPhenomXPHM,M_total-final_mass_source,True,153.1475,-0.1398,0.2985,0.556,3310.9194,0.5871,5.206544,0.27314,138.89071,139.052735,0.162024,5.313987,133.684166,133.84619,137.035999,-3.351833,-3.189809,7.258778
GW190521_030229,GWTC-2.1,C01:IMRPhenomXPHM,M_total-final_mass_source,True,149.1713,0.0015,0.2711,0.7193,4526.6373,0.6499,5.30597,0.219858,138.852758,138.84337,-0.009388,5.313987,133.546788,133.5374,137.035999,-3.489211,-3.498599,7.220826
GW190521_074359,GWTC-2.1,C01:IMRPhenomXPHM,M_total-final_mass_source,True,77.3377,0.0739,0.0715,0.1798,896.6669,0.7642,5.376191,0.049427,137.905031,137.817112,-0.087919,5.313987,132.52884,132.440921,137.035999,-4.507159,-4.595078,6.273099
GW190521_074359,GWTC-2.1,C01:IMRPhenomXPHM,M_total-final_mass_source,True,76.6533,0.0726,0.071,0.1914,961.0489,0.7597,5.374768,0.050558,137.892208,137.80892,-0.083288,5.313987,132.51744,132.434152,137.035999,-4.518559,-4.601847,6.260276
GW190527_092055,GWTC-2.1,C01:IMRPhenomXPHM,M_total-final_mass_source,True,59.5505,0.0831,0.1805,0.4389,2494.8023,0.591,5.312568,0.26509,137.527974,137.442477,-0.085497,5.313987,132.215406,132.129909,137.035999,-4.820593,-4.90609,5.896042
GW190527_092055,GWTC-2.1,C01:IMRPhenomXPHM,M_total-final_mass_source,True,59.0755,0.1206,0.1856,0.5435,3221.3147,0.6201,5.342713,0.233143,137.51642,137.411011,-0.10541,5.313987,132.173707,132.068297,137.035999,-4.862292,-4.967702,5.884488
GW190602_175927,GWTC-2.1,C01:IMRPhenomXPHM,M_total-final_mass_source,True,115.6461,0.1159,0.1629,0.4895,2840.8575,0.632,5.340886,0.181177,138.485505,138.3455,-0.140004,5.313987,133.144619,133.004615,137.035999,-3.89138,-4.031384,6.853573
GW190602_175927,GWTC-2.1,C01:IMRPhenomXPHM,M_total-final_mass_source,True,113.3806,0.1521,0.1594,0.5509,3274.2086,0.6548,5.36729,0.165953,138.456962,138.287165,-0.169797,5.313987,133.089673,132.919876,137.035999,-3.946326,-4.116123,6.82503
GW190620_030421,GWTC-2.1,C01:IMRPhenomXPHM,M_total-final_mass_source,True,90.6749,0.3065,0.1744,0.513,3004.8162,0.5444,5.405048,0.255465,138.134564,137.77857,-0.355993,5.313987,132.729516,132.373522,137.035999,-4.306484,-4.662477,6.502632
GW190620_030421,GWTC-2.1,C01:IMRPhenomXPHM,M_total-final_mass_source,True,88.8469,0.3327,0.155,0.5709,3418.1832,0.5781,5.439634,0.214965,138.105181,137.6929,-0.412281,5.313987,132.665546,132.253266,137.035999,-4.370453,-4.782733,6.473249
GW190630_185205,GWTC-2.1,C01:IMRPhenomXPHM,M_total-final_mass_source,True,59.3298,0.0918,0.0864,0.1683,833.5451,0.722,5.36844,0.081258,137.522616,137.416348,-0.106268,5.313987,132.154176,132.047908,137.035999,-4.881823,-4.988091,5.890684
GW190630_185205,GWTC-2.1,C01:IMRPhenomXPHM,M_total-final_mass_source,True,58.8757,0.0941,0.0867,0.1818,908.0265,0.707,5.365539,0.08254,137.511533,137.405445,-0.106088,5.313987,132.145994,132.039906,137.035999,-4.890005,-4.996093,5.879601
GW190701_203306,GWTC-2.1,C01:IMRPhenomXPHM,M_total-final_mass_source,True,93.6781,-0.097,0.1608,0.38,2104.2064,0.7543,5.29592,0.106625,138.181572,138.292993,0.11142,5.313987,132.885653,132.997073,137.035999,-4.150346,-4.038926,6.54964
GW190701_203306,GWTC-2.1,C01:IMRPhenomXPHM,M_total-final_mass_source,True,93.2884,-0.085,0.1585,0.3972,2217.0081,0.762,5.302204,0.101025,138.175558,138.27125,0.095692,5.313987,132.873354,132.969046,137.035999,-4.162645,-4.066953,6.543627
GW190706_222641,GWTC-2.1,C01:IMRPhenomXPHM,M_total-final_mass_source,True,112.6867,0.2845,0.1797,0.5847,3518.1436,0.5151,5.367637,0.216754,138.448106,138.114348,-0.333758,5.313987,133.080469,132.746711,137.035999,-3.95553,-4.289288,6.816174
GW190706_222641,GWTC-2.1,C01:IMRPhenomXPHM,M_total-final_mass_source,True,107.3694,0.322,0.168,0.7055,4420.4068,0.541,5.409494,0.192508,138.378371,137.999762,-0.378609,5.313987,132.968877,132.590267,137.035999,-4.067122,-4.445732,6.746439
GW190707_093326,GWTC-2.1,C01:IMRPhenomXPHM,M_total-final_mass_source,True,20.0104,-0.0641,0.0607,0.1627,802.9451,0.7253,5.310886,0.060051,135.954607,136.018148,0.063542,5.313987,130.643721,130.707262,137.035999,-6.392278,-6.328737,4.322675
GW190707_093326,GWTC-2.1,C01:IMRPhenomXPHM,M_total-final_mass_source,True,19.8959,-0.0634,0.0617,0.1698,841.8587,0.7239,5.310628,0.06179,135.946329,136.009277,0.062948,5.313987,130.635702,130.698649,137.035999,-6.400298,-6.33735,4.314397
GW190708_232457,GWTC-2.1,C01:IMRPhenomXPHM,M_total-final_mass_source,True,30.7827,0.0185,0.0625,0.186,931.0715,0.731,5.341842,0.066382,136.575979,136.555529,-0.02045,5.313987,131.234138,131.213687,137.035999,-5.801862,-5.822312,4.944047
GW190708_232457,GWTC-2.1,C01:IMRPhenomXPHM,M_total-final_mass_source,True,30.6395,0.0196,0.063,0.1917,962.8644,0.7279,5.341296,0.066952,136.569253,136.547098,-0.022154,5.313987,131.227957,131.205803,137.035999,-5.808042,-5.830196,4.937321
GW190719_215514,GWTC-2.1,C01:IMRPhenomXPHM,M_total-final_mass_source,True,57.1791,0.25,0.2001,0.613,3725.1728,0.5558,5.364594,0.291803,137.469349,137.185049,-0.284299,5.313987,132.104755,131.820456,137.035999,-4.931244,-5.215543,5.837417
GW190719_215514,GWTC-2.1,C01:IMRPhenomXPHM,M_total-final_mass_source,True,55.3494,0.3041,0.208,0.7518,4777.4918,0.5618,5.397818,0.258313,137.422428,137.081683,-0.340744,5.313987,132.024609,131.683865,137.035999,-5.01139,-5.352134,5.790496
GW190720_000836,GWTC-2.1,C01:IMRPhenomXPHM,M_total-final_mass_source,True,21.7909,0.174,0.0857,0.1543,757.5404,0.5544,5.328987,0.126499,136.077588,135.891543,-0.186045,5.313987,130.748602,130.562556,137.035999,-6.287398,-6.473443,4.445656
GW190720_000836,GWTC-2.1,C01:IMRPhenomXPHM,M_total-final_mass_source,True,21.6999,0.175,0.0861,0.1574,774.5284,0.553,5.328458,0.127103,136.071548,135.88593,-0.185617,5.313987,130.743089,130.557472,137.035999,-6.29291,-6.478527,4.439616
GW190725_174728,GWTC-2.1,C01:IMRPhenomXPHM,M_total-final_mass_source,True,18.3061,-0.0389,0.1687,0.2028,1025.4497,0.5332,5.223844,0.222924,135.826185,135.875861,0.049676,5.313987,130.602341,130.652017,137.035999,-6.433658,-6.383982,4.194253
GW190725_174728,GWTC-2.1,C01:IMRPhenomXPHM,M_total-final_mass_source,True,18.1626,-0.0356,0.1696,0.2139,1088.3469,0.5292,5.22203,0.223477,135.814829,135.864289,0.04946,5.313987,130.592799,130.642259,137.035999,-6.4432,-6.39374,4.182897
GW190727_060333,GWTC-2.1,C01:IMRPhenomXPHM,M_total-final_mass_source,True,68.625,0.0839,0.151,0.5146,3016.3828,0.7858,5.381241,0.110366,137.732594,137.650654,-0.08194,5.313987,132.351353,132.269412,137.035999,-4.684646,-4.766587,6.100662
GW190727_060333,GWTC-2.1,C01:IMRPhenomXPHM,M_total-final_mass_source,True,67.8058,0.0989,0.1487,0.5455,3235.4501,0.7882,5.387847,0.10183,137.715269,137.610831,-0.104438,5.313987,132.327421,132.222983,137.035999,-4.708578,-4.813016,6.083337
GW190728_064510,GWTC-2.1,C01:IMRPhenomXPHM,M_total-final_mass_source,True,20.9488,0.1402,0.1157,0.1761,876.3991,0.6016,5.343041,0.172984,136.020731,135.855698,-0.165033,5.313987,130.67769,130.512657,137.035999,-6.358309,-6.523342,4.388799
GW190728_064510,GWTC-2.1,C01:IMRPhenomXPHM,M_total-final_mass_source,True,20.8066,0.1395,0.1176,0.1816,906.63,0.6046,5.344114,0.176106,136.010905,135.849753,-0.161152,5.313987,130.666791,130.505639,137.035999,-6.369208,-6.53036,4.378973
GW190731_140936,GWTC-2.1,C01:IMRPhenomXPHM,M_total-final_mass_source,True,69.3111,0.0525,0.1529,0.5565,3314.5152,0.7077,5.348068,0.13255,137.746946,137.690534,-0.056412,5.313987,132.398878,132.342466,137.035999,-4.637121,-4.693533,6.115014
GW190731_140936,GWTC-2.1,C01:IMRPhenomXPHM,M_total-final_mass_source,True,66.3946,0.0787,0.1503,0.6609,4082.338,0.7292,5.365238,0.123012,137.684927,137.605308,-0.079619,5.313987,132.319689,132.24007,137.035999,-4.71631,-4.795929,6.052995
GW190803_022701,GWTC-2.1,C01:IMRPhenomXPHM,M_total-final_mass_source,True,65.0001,-0.0147,0.1526,0.5386,3186.4054,0.7502,5.331171,0.113238,137.654301,137.679701,0.0254,5.313987,132.32313,132.34853,137.035999,-4.712869,-4.687469,6.022369
GW190803_022701,GWTC-2.1,C01:IMRPhenomXPHM,M_total-final_mass_source,True,63.5518,0.0028,0.1487,0.5922,3572.7986,0.7581,5.340783,0.105032,137.621793,137.625044,0.003251,5.313987,132.28101,132.284261,137.035999,-4.754989,-4.751738,5.989861
GW190805_211137,GWTC-2.1,C01:IMRPhenomXPHM,M_total-final_mass_source,True,75.4035,0.3868,0.1941,0.933,6229.5858,0.6835,5.49988,0.177256,137.868491,137.406974,-0.461517,5.313987,132.368611,131.907094,137.035999,-4.667388,-5.128905,6.236559
GW190805_211137,GWTC-2.1,C01:IMRPhenomXPHM,M_total-final_mass_source,True,71.0053,0.4244,0.1858,1.0997,7630.1362,0.6915,5.523814,0.153015,137.781787,137.24195,-0.539837,5.313987,132.257973,131.718136,137.035999,-4.778026,-5.317864,6.149855
GW190814_211039,GWTC-2.1,C01:IMRPhenomXPHM,M_total-final_mass_source,True,25.9061,0.0037,0.0518,0.0508,232.6956,0.1112,4.188836,0.040036,136.32715,136.322343,-0.004807,5.313987,132.138314,132.133507,137.035999,-4.897685,-4.902492,4.695218
GW190814_211039,GWTC-2.1,C01:IMRPhenomXPHM,M_total-final_mass_source,True,25.9032,0.0038,0.0518,0.0509,233.3581,0.1112,4.188728,0.040047,136.326989,136.322409,-0.00458,5.313987,132.138261,132.133682,137.035999,-4.897738,-4.902317,4.695057
GW190828_063405,GWTC-2.1,C01:IMRPhenomXPHM,M_total-final_mass_source,True,57.2082,0.154,0.0938,0.3754,2074.3274,0.8234,5.423405,0.060526,137.470082,137.302596,-0.167486,5.313987,132.046678,131.879191,137.035999,-4.989322,-5.156808,5.83815
GW190828_063405,GWTC-2.1,C01:IMRPhenomXPHM,M_total-final_mass_source,True,56.6258,0.1604,0.093,0.3932,2190.7979,0.8197,5.425416,0.060339,137.455319,137.276084,-0.179235,5.313987,132.029903,131.850668,137.035999,-5.006096,-5.185331,5.823387
GW190828_065509,GWTC-2.1,C01:IMRPhenomXPHM,M_total-final_mass_source,True,34.2533,0.0539,0.1029,0.2908,1542.4245,0.4414,5.176814,0.127938,136.730104,136.674582,-0.055522,5.313987,131.55329,131.497768,137.035999,-5.482709,-5.538231,5.098172
GW190828_065509,GWTC-2.1,C01:IMRPhenomXPHM,M_total-final_mass_source,True,33.8208,0.0553,0.103,0.3078,1646.2219,0.4419,5.178342,0.127833,136.71177,136.645624,-0.066147,5.313987,131.533428,131.467281,137.035999,-5.502571,-5.568718,5.079838
GW190910_112807,GWTC-2.1,C01:IMRPhenomXPHM,M_total-final_mass_source,True,76.692,-0.0112,0.1095,0.3076,1645.1975,0.7821,5.346701,0.068759,137.892937,137.906367,0.013431,5.313987,132.546236,132.559667,137.035999,-4.489763,-4.476333,6.261005
GW190910_112807,GWTC-2.1,C01:IMRPhenomXPHM,M_total-final_mass_source,True,75.133,-0.0054,0.1093,0.3448,1877.9223,0.7868,5.350058,0.068156,137.863306,137.875496,0.012189,5.313987,132.513248,132.525437,137.035999,-4.522751,-4.510562,6.231375
GW190915_235702,GWTC-2.1,C01:IMRPhenomXPHM,M_total-final_mass_source,True,56.6538,-0.0388,0.1255,0.3297,1782.9483,0.7686,5.328455,0.084057,137.456033,137.503551,0.047518,5.313987,132.127578,132.175096,137.035999,-4.908421,-4.860903,5.824101
GW190915_235702,GWTC-2.1,C01:IMRPhenomXPHM,M_total-final_mass_source,True,56.1627,-0.0297,0.1232,0.346,1885.5073,0.7714,5.332474,0.081487,137.443473,137.482228,0.038754,5.313987,132.111,132.149754,137.035999,-4.924999,-4.886245,5.811541
GW190916_200658,GWTC-2.1,C01:IMRPhenomXPHM,M_total-final_mass_source,True,68.0116,0.1923,0.1997,0.7664,4891.9623,0.5569,5.345283,0.262675,137.719641,137.487779,-0.231862,5.313987,132.374358,132.142495,137.035999,-4.661641,-4.893504,6.087709
GW190916_200658,GWTC-2.1,C01:IMRPhenomXPHM,M_total-final_mass_source,True,65.7998,0.2725,0.1985,0.9388,6277.9391,0.5936,5.402735,0.222557,137.671944,137.345985,-0.325958,5.313987,132.269209,131.943251,137.035999,-4.76679,-5.092748,6.040012
GW190917_114630,GWTC-2.1,C01:IMRPhenomXPHM,M_total-final_mass_source,True,11.7631,-0.076,0.1979,0.1468,717.7028,0.2106,4.661922,0.21511,135.18813,135.271884,0.083754,5.313987,130.526208,130.609962,137.035999,-6.509791,-6.426037,3.556198
GW190917_114630,GWTC-2.1,C01:IMRPhenomXPHM,M_total-final_mass_source,True,11.7119,-0.0745,0.1976,0.1514,741.9952,0.2101,4.660212,0.212879,135.181836,135.266862,0.085026,5.313987,130.521624,130.60665,137.035999,-6.514375,-6.429349,3.549904
GW190924_021846,GWTC-2.1,C01:IMRPhenomXPHM,M_total-final_mass_source,True,14.2941,0.0457,0.117,0.1132,541.5676,0.5094,5.242744,0.166698,135.469275,135.420511,-0.048764,5.313987,130.226531,130.177768,137.035999,-6.809468,-6.858232,3.837343
GW190924_021846,GWTC-2.1,C01:IMRPhenomXPHM,M_total-final_mass_source,True,14.2604,0.0463,0.118,0.116,556.0756,0.509,5.242501,0.168668,135.465877,135.418681,-0.047197,5.313987,130.223377,130.17618,137.035999,-6.812622,-6.859819,3.833945
GW190925_232845,GWTC-2.1,C01:IMRPhenomXPHM,M_total-final_mass_source,True,36.8282,0.0811,0.1036,0.1819,908.2815,0.7413,5.364077,0.09103,136.834669,136.749056,-0.085614,5.313987,131.470593,131.384979,137.035999,-5.565406,-5.65102,5.202737
GW190925_232845,GWTC-2.1,C01:IMRPhenomXPHM,M_total-final_mass_source,True,36.6711,0.0829,0.1042,0.1871,936.9937,0.7415,5.364636,0.091483,136.828505,136.738115,-0.09039,5.313987,131.463869,131.373479,137.035999,-5.57213,-5.66252,5.196573
GW190926_050336,GWTC-2.1,C01:IMRPhenomXPHM,M_total-final_mass_source,True,61.6623,-0.0202,0.1744,0.5509,3273.8744,0.4985,5.204005,0.223486,137.578248,137.619983,0.041736,5.313987,132.374243,132.415979,137.035999,-4.661756,-4.620021,5.946316
GW190926_050336,GWTC-2.1,C01:IMRPhenomXPHM,M_total-final_mass_source,True,59.0562,-0.0076,0.1795,0.7189,4523.2707,0.5798,5.261442,0.197737,137.515949,137.541156,0.025208,5.313987,132.254507,132.279715,137.035999,-4.781492,-4.756284,5.884017
GW190929_012149,GWTC-2.1,C01:IMRPhenomXPHM,M_total-final_mass_source,True,93.3076,-0.0306,0.1536,0.5306,3129.2327,0.4034,5.095831,0.238233,138.175855,138.21522,0.039365,5.313987,133.080024,133.119389,137.035999,-3.955976,-3.91661,6.543923
GW190929_012149,GWTC-2.1,C01:IMRPhenomXPHM,M_total-final_mass_source,True,90.0049,-0.0203,0.1546,0.6189,3769.2235,0.4378,5.144286,0.218704,138.123864,138.159957,0.036093,5.313987,132.979578,133.015671,137.035999,-4.056421,-4.020328,6.491932
GW190930_133541,GWTC-2.1,C01:IMRPhenomXPHM,M_total-final_mass_source,True,20.4197,0.1472,0.1324,0.1555,764.0483,0.6274,5.348322,0.171579,135.983821,135.82902,-0.154801,5.313987,130.635499,130.480698,137.035999,-6.4005,-6.555301,4.351889
GW190930_133541,GWTC-2.1,C01:IMRPhenomXPHM,M_total-final_mass_source,True,20.3281,0.1487,0.1335,0.1603,789.9015,0.6249,5.347979,0.174768,135.977339,135.823359,-0.153979,5.313987,130.629359,130.47538,137.035999,-6.40664,-6.560619,4.345407
GW191103_012549,GWTC-3,C01:IMRPhenomXPHM,M_total-final_mass_source,True,20.0274,0.2157,0.0892,0.1972,993.7858,0.6516,5.396941,0.126876,135.955836,135.706691,-0.249145,5.313987,130.558896,130.309751,137.035999,-6.477103,-6.726248,4.323904
GW191103_012549,GWTC-3,C01:IMRPhenomXPHM,M_total-final_mass_source,True,19.8657,0.2175,0.0911,0.2085,1057.2372,0.6454,5.394502,0.13019,135.944139,135.688774,-0.255365,5.313987,130.549637,130.294272,137.035999,-6.486362,-6.741727,4.312207
GW191105_143521,GWTC-3,C01:IMRPhenomXPHM,M_total-final_mass_source,True,18.5278,-0.0184,0.0828,0.2262,1158.7027,0.6935,5.314606,0.088906,135.843555,135.862085,0.01853,5.313987,130.528949,130.547479,137.035999,-6.50705,-6.48852,4.211623
GW191105_143521,GWTC-3,C01:IMRPhenomXPHM,M_total-final_mass_source,True,18.4113,-0.0176,0.0832,0.2339,1203.1731,0.6906,5.313769,0.089879,135.834455,135.854868,0.020413,5.313987,130.520686,130.541099,137.035999,-6.515313,-6.4949,4.202523
GW191109_010717,GWTC-3,C01:IMRPhenomXPHM,M_total-final_mass_source,True,111.363,-0.3112,0.2572,0.2197,1121.3526,0.7315,5.216586,0.13503,138.431058,138.703859,0.272801,5.313987,133.214473,133.487273,137.035999,-3.821527,-3.548726,6.799126
GW191109_010717,GWTC-3,C01:IMRPhenomXPHM,M_total-final_mass_source,True,108.7483,-0.2938,0.2474,0.2535,1318.0133,0.738,5.224691,0.13003,138.396781,138.671697,0.274916,5.313987,133.17209,133.447006,137.035999,-3.863909,-3.588993,6.764849
GW191113_071753,GWTC-3,C01:IMRPhenomXPHM,M_total-final_mass_source,True,35.573,0.0032,0.1641,0.2421,1251.258,0.1904,4.606549,0.294563,136.784642,136.801155,0.016514,5.313987,132.178092,132.194606,137.035999,-4.857907,-4.841393,5.15271
GW191113_071753,GWTC-3,C01:IMRPhenomXPHM,M_total-final_mass_source,True,34.3837,0.0101,0.1776,0.2735,1437.2116,0.1993,4.642251,0.321573,136.735585,136.738788,0.003202,5.313987,132.093334,132.096537,137.035999,-4.942665,-4.939463,5.103653
GW191126_115259,GWTC-3,C01:IMRPhenomXPHM,M_total-final_mass_source,True,20.5602,0.21,0.0843,0.3097,1658.4289,0.6823,5.403582,0.101746,135.993716,135.757122,-0.236593,5.313987,130.590133,130.35354,137.035999,-6.445866,-6.682459,4.361784
GW191126_115259,GWTC-3,C01:IMRPhenomXPHM,M_total-final_mass_source,True,20.2869,0.2122,0.0852,0.3272,1767.4706,0.6767,5.402898,0.104767,135.974411,135.729365,-0.245046,5.313987,130.571514,130.326467,137.035999,-6.464486,-6.709532,4.342479
GW191127_050227,GWTC-3,C01:IMRPhenomXPHM,M_total-final_mass_source,True,84.7759,0.1768,0.2178,0.5701,3412.025,0.3486,5.137051,0.466585,138.037514,137.796994,-0.24052,5.313987,132.900463,132.659943,137.035999,-4.135536,-4.376056,6.405582
GW191127_050227,GWTC-3,C01:IMRPhenomXPHM,M_total-final_mass_source,True,81.4854,0.2588,0.2117,0.7282,4595.2896,0.4699,5.309676,0.370628,137.980402,137.660938,-0.319464,5.313987,132.670726,132.351262,137.035999,-4.365273,-4.684737,6.34847
GW191129_134029,GWTC-3,C01:IMRPhenomXPHM,M_total-final_mass_source,True,17.6754,0.0648,0.0781,0.1583,779.5891,0.599,5.309786,0.091197,135.775599,135.695625,-0.079974,5.313987,130.465813,130.385839,137.035999,-6.570186,-6.65016,4.143667
GW191129_134029,GWTC-3,C01:IMRPhenomXPHM,M_total-final_mass_source,True,17.6118,0.0658,0.0784,0.1626,802.6595,0.5962,5.308807,0.091605,135.770404,135.688049,-0.082355,5.313987,130.461598,130.379242,137.035999,-6.574401,-6.656757,4.138472
GW191204_110529,GWTC-3,C01:IMRPhenomXPHM,M_total-final_mass_source,True,46.9785,0.0373,0.1549,0.3355,1819.1989,0.7246,5.339554,0.141712,137.185859,137.143781,-0.042078,5.313987,131.846305,131.804227,137.035999,-5.189694,-5.231772,5.553927
GW191204_110529,GWTC-3,C01:IMRPhenomXPHM,M_total-final_mass_source,True,44.6289,0.0444,0.1601,0.4135,2324.5037,0.7202,5.340826,0.14486,137.11184,137.06834,-0.043499,5.313987,131.771013,131.727514,137.035999,-5.264986,-5.308485,5.479908
GW191204_171526,GWTC-3,C01:IMRPhenomXPHM,M_total-final_mass_source,True,20.3555,0.1592,0.0417,0.1304,631.0594,0.6593,5.387196,0.063196,135.979278,135.795345,-0.183933,5.313987,130.592081,130.408149,137.035999,-6.443918,-6.62785,4.347346
GW191204_171526,GWTC-3,C01:IMRPhenomXPHM,M_total-final_mass_source,True,20.3128,0.1594,0.0419,0.1329,644.1411,0.6579,5.386828,0.063494,135.97625,135.789773,-0.186477,5.313987,130.589421,130.402944,137.035999,-6.446578,-6.633055,4.344318
GW191215_223052,GWTC-3,C01:IMRPhenomXPHM,M_total-final_mass_source,True,43.2039,-0.0536,0.1187,0.3522,1925.2414,0.7447,5.309682,0.078136,137.065022,137.13388,0.068859,5.313987,131.75534,131.824198,137.035999,-5.28066,-5.211801,5.43309
GW191215_223052,GWTC-3,C01:IMRPhenomXPHM,M_total-final_mass_source,True,42.4701,-0.0423,0.1156,0.3796,2101.7905,0.7398,5.313574,0.078632,137.040308,137.087096,0.046788,5.313987,131.726734,131.773522,137.035999,-5.309265,-5.262477,5.408376
GW191216_213338,GWTC-3,C01:IMRPhenomXPHM,M_total-final_mass_source,True,20.0659,0.1174,0.0941,0.0725,337.7468,0.5807,5.324671,0.140139,135.958608,135.828203,-0.130405,5.313987,130.633938,130.503532,137.035999,-6.402061,-6.532467,4.326676
GW191216_213338,GWTC-3,C01:IMRPhenomXPHM,M_total-final_mass_source,True,20.0462,0.1173,0.0953,0.0737,343.2608,0.5808,5.324664,0.142139,135.957186,135.827088,-0.130098,5.313987,130.632522,130.502423,137.035999,-6.403477,-6.533576,4.325254
GW191219_163120,GWTC-3,C01:IMRPhenomXPHM:HighSpin,M_total-final_mass_source,True,32.7632,0.0048,0.0477,0.1098,523.9789,0.0369,3.272084,0.04671,136.665938,136.66157,-0.004368,5.313987,133.393854,133.389486,137.035999,-3.642145,-3.646513,5.034006
GW191219_163120,GWTC-3,C01:IMRPhenomXPHM:HighSpin,M_total-final_mass_source,True,32.6999,0.005,0.0481,0.1117,534.013,0.037,3.27263,0.060261,136.663148,136.656764,-0.006383,5.313987,133.390517,133.384134,137.035999,-3.645482,-3.651865,5.031216
GW191222_033537,GWTC-3,C01:IMRPhenomXPHM,M_total-final_mass_source,True,79.5141,-0.0543,0.1346,0.4857,2814.3118,0.784,5.320872,0.095165,137.94507,138.009877,0.064807,5.313987,132.624198,132.689005,137.035999,-4.411801,-4.346995,6.313138
GW191222_033537,GWTC-3,C01:IMRPhenomXPHM,M_total-final_mass_source,True,76.5762,-0.0399,0.1321,0.566,3382.4378,0.7752,5.325662,0.093478,137.890757,137.946329,0.055572,5.313987,132.565095,132.620667,137.035999,-4.470904,-4.415332,6.258825
GW191230_180458,GWTC-3,C01:IMRPhenomXPHM,M_total-final_mass_source,True,85.1422,-0.0586,0.1757,0.681,4233.6398,0.7671,5.315506,0.125084,138.043734,138.11692,0.073186,5.313987,132.728229,132.801415,137.035999,-4.307771,-4.234585,6.411802
GW191230_180458,GWTC-3,C01:IMRPhenomXPHM,M_total-final_mass_source,True,82.4549,-0.0389,0.1704,0.76,4841.4492,0.7748,5.325133,0.111439,137.997465,138.047125,0.04966,5.313987,132.672332,132.721992,137.035999,-4.363667,-4.314007,6.365533
GW200105_162426,GWTC-3,C01:IMRPhenomXPHM:HighSpin,M_total-final_mass_source,True,10.9488,0.0007,0.1275,0.0594,274.0177,0.2106,4.688254,0.136692,135.084639,135.087951,0.003312,5.313987,130.396386,130.399698,137.035999,-6.639614,-6.636302,3.452707
GW200105_162426,GWTC-3,C01:IMRPhenomXPHM,M_total-final_mass_source,True,10.9488,0.0007,0.1275,0.0594,274.0177,0.2106,4.688254,0.136692,135.084639,135.087951,0.003312,5.313987,130.396386,130.399698,137.035999,-6.639614,-6.636302,3.452707
GW200112_155838,GWTC-3,C01:IMRPhenomXPHM,M_total-final_mass_source,True,63.355,0.044,0.0892,0.2408,1243.7261,0.7577,5.361197,0.066228,137.617318,137.565659,-0.051659,5.313987,132.256121,132.204462,137.035999,-4.779878,-4.831537,5.985386
GW200112_155838,GWTC-3,C01:IMRPhenomXPHM,M_total-final_mass_source,True,63.0319,0.0481,0.0887,0.2502,1298.888,0.7594,5.363361,0.065693,137.609942,137.553567,-0.056375,5.313987,132.246581,132.190206,137.035999,-4.789418,-4.845793,5.97801
GW200115_042309,GWTC-3,C01:IMRPhenomXPHM:HighSpin,M_total-final_mass_source,True,7.2802,-0.1681,0.1989,0.0624,288.3088,0.2499,4.741163,0.210859,134.495917,134.671029,0.175112,5.313987,129.754754,129.929866,137.035999,-7.281245,-7.106133,2.863985
GW200115_042309,GWTC-3,C01:IMRPhenomXPHM:HighSpin,M_total-final_mass_source,True,7.2716,-0.1687,0.199,0.0631,291.6436,0.2501,4.741659,0.211007,134.494213,134.668305,0.174092,5.313987,129.752554,129.926646,137.035999,-7.283445,-7.109353,2.862281
GW200128_022011,GWTC-3,C01:IMRPhenomXPHM,M_total-final_mass_source,True,73.7024,0.0797,0.1404,0.5396,3193.0713,0.7915,5.382108,0.095136,137.835572,137.748619,-0.086952,5.313987,132.453463,132.366511,137.035999,-4.582536,-4.669488,6.20364
GW200128_022011,GWTC-3,C01:IMRPhenomXPHM,M_total-final_mass_source,True,70.2069,0.0915,0.1367,0.6326,3870.8017,0.7872,5.386064,0.091115,137.765472,137.667906,-0.097566,5.313987,132.379408,132.281842,137.035999,-4.656591,-4.754157,6.13354
GW200129_065458,GWTC-3,C01:IMRPhenomXPHM,M_total-final_mass_source,True,63.3266,0.1075,0.0988,0.1898,952.0811,0.7251,5.38485,0.107395,137.616672,137.500486,-0.116186,5.313987,132.231822,132.115636,137.035999,-4.804178,-4.920363,5.98474
GW200129_065458,GWTC-3,C01:IMRPhenomXPHM,M_total-final_mass_source,True,63.2127,0.1096,0.0975,0.1936,973.2465,0.7166,5.384822,0.105607,137.614074,137.487116,-0.126958,5.313987,132.229252,132.102295,137.035999,-4.806747,-4.933705,5.982142
GW200202_154313,GWTC-3,C01:IMRPhenomXPHM,M_total-final_mass_source,True,17.5954,0.0361,0.0719,0.0883,415.3041,0.713,5.346293,0.086929,135.769058,135.728791,-0.040267,5.313987,130.422766,130.382499,137.035999,-6.613233,-6.6535,4.137126
GW200202_154313,GWTC-3,C01:IMRPhenomXPHM,M_total-final_mass_source,True,17.5719,0.0363,0.0721,0.0896,422.0993,0.7118,5.345984,0.087289,135.767133,135.726862,-0.040271,5.313987,130.421149,130.380878,137.035999,-6.61485,-6.655121,4.135201
GW200208_130117,GWTC-3,C01:IMRPhenomXPHM,M_total-final_mass_source,True,65.1014,-0.0854,0.1513,0.3938,2194.7842,0.7253,5.293632,0.107727,137.656548,137.75606,0.099512,5.313987,132.362916,132.462427,137.035999,-4.673083,-4.573572,6.024616
GW200208_130117,GWTC-3,C01:IMRPhenomXPHM,M_total-final_mass_source,True,64.6282,-0.0647,0.1485,0.4205,2371.2159,0.7345,5.30507,0.103588,137.646025,137.71933,0.073305,5.313987,132.340954,132.41426,137.035999,-4.695045,-4.621739,6.014093
GW200208_222617,GWTC-3,C01:IMRPhenomXPHM,M_total-final_mass_source,True,90.7246,0.6237,0.27,0.6897,4300.1425,0.1432,4.89223,0.428204,138.135354,137.130509,-1.004845,5.313987,133.243124,132.238279,137.035999,-3.792875,-4.79772,6.503422
GW200208_222617,GWTC-3,C01:IMRPhenomXPHM,M_total-final_mass_source,True,87.7227,0.6669,0.258,0.8824,5816.3066,0.1595,5.045551,0.392439,138.086809,137.042543,-1.044266,5.313987,133.041258,131.996992,137.035999,-3.994741,-5.039008,6.454878
GW200209_085452,GWTC-3,C01:IMRPhenomXPHM,M_total-final_mass_source,True,61.831,-0.1248,0.1707,0.5695,3407.9502,0.7808,5.294557,0.101643,137.58219,137.728018,0.145828,5.313987,132.287633,132.433462,137.035999,-4.748366,-4.602537,5.950258
GW200209_085452,GWTC-3,C01:IMRPhenomXPHM,M_total-final_mass_source,True,60.3288,-0.1066,0.1657,0.6412,3934.6696,0.7898,5.30374,0.093251,137.546707,137.66548,0.118773,5.313987,132.242967,132.36174,137.035999,-4.793032,-4.674259,5.914775
GW200210_092254,GWTC-3,C01:IMRPhenomXPHM,M_total-final_mass_source,True,27.4557,0.0346,0.1517,0.1873,938.5242,0.114,4.223891,0.146266,136.410968,136.381834,-0.029134,5.313987,132.187077,132.157942,137.035999,-4.848922,-4.878057,4.779036
GW200210_092254,GWTC-3,C01:IMRPhenomXPHM,M_total-final_mass_source,True,27.1921,0.0311,0.1512,0.1936,973.7281,0.1149,4.227816,0.150171,136.397047,136.370419,-0.026628,5.313987,132.169231,132.142603,137.035999,-4.866769,-4.893396,4.765115
GW200216_220804,GWTC-3,C01:IMRPhenomXPHM,M_total-final_mass_source,True,80.9417,0.0805,0.2025,0.6303,3853.474,0.5871,5.299956,0.280145,137.970743,137.877069,-0.093675,5.313987,132.670787,132.577112,137.035999,-4.365212,-4.458887,6.338811
GW200216_220804,GWTC-3,C01:IMRPhenomXPHM,M_total-final_mass_source,True,78.8524,0.1255,0.2013,0.7612,4850.7836,0.6541,5.348559,0.22306,137.933014,137.773416,-0.159598,5.313987,132.584455,132.424857,137.035999,-4.451544,-4.611142,6.301083
GW200219_094415,GWTC-3,C01:IMRPhenomXPHM,M_total-final_mass_source,True,64.9328,-0.0968,0.1539,0.559,3332.3502,0.7592,5.297178,0.106748,137.652808,137.768107,0.115299,5.313987,132.35563,132.470929,137.035999,-4.680369,-4.56507,6.020876
GW200219_094415,GWTC-3,C01:IMRPhenomXPHM,M_total-final_mass_source,True,62.9356,-0.0841,0.1489,0.6271,3829.5977,0.7673,5.305845,0.098394,137.607737,137.715653,0.107916,5.313987,132.301891,132.409808,137.035999,-4.734108,-4.626192,5.975805
GW200220_061928,GWTC-3,C01:IMRPhenomXPHM,M_total-final_mass_source,True,144.1972,0.0373,0.228,0.9314,6216.9656,0.7214,5.332795,0.234877,138.803831,138.766714,-0.037117,5.313987,133.471036,133.433919,137.035999,-3.564963,-3.60208,7.171899
GW200220_061928,GWTC-3,C01:IMRPhenomXPHM,M_total-final_mass_source,True,130.8113,0.0805,0.2291,1.1703,8240.2654,0.7364,5.359873,0.166807,138.663275,138.566068,-0.097207,5.313987,133.303402,133.206194,137.035999,-3.732597,-3.829805,7.031343
GW200220_124850,GWTC-3,C01:IMRPhenomXPHM,M_total-final_mass_source,True,65.742,-0.0741,0.179,0.6696,4147.5399,0.7449,5.302616,0.117663,137.670675,137.768402,0.097727,5.313987,132.368059,132.465786,137.035999,-4.66794,-4.570213,6.038743
GW200220_124850,GWTC-3,C01:IMRPhenomXPHM,M_total-final_mass_source,True,62.2533,-0.0535,0.1741,0.7977,5138.0481,0.7601,5.315809,0.106037,137.59201,137.663469,0.071459,5.313987,132.276202,132.347661,137.035999,-4.759798,-4.688339,5.960078
GW200224_222234,GWTC-3,C01:IMRPhenomXPHM,M_total-final_mass_source,True,71.9586,0.1001,0.0943,0.3159,1696.4693,0.8029,5.398035,0.076352,137.801028,137.693173,-0.107855,5.313987,132.402993,132.295138,137.035999,-4.633006,-4.740862,6.169096
GW200224_222234,GWTC-3,C01:IMRPhenomXPHM,M_total-final_mass_source,True,71.5674,0.1032,0.0921,0.3279,1771.5091,0.8039,5.399574,0.073096,137.793164,137.68103,-0.112133,5.313987,132.39359,132.281456,137.035999,-4.642409,-4.754543,6.161232
GW200225_060421,GWTC-3,C01:IMRPhenomXPHM,M_total-final_mass_source,True,33.5639,-0.1381,0.1372,0.2138,1087.9199,0.7281,5.280417,0.094845,136.700771,136.853244,0.152473,5.313987,131.420354,131.572827,137.035999,-5.615645,-5.463172,5.068839
GW200225_060421,GWTC-3,C01:IMRPhenomXPHM,M_total-final_mass_source,True,33.3536,-0.1271,0.1352,0.2258,1156.774,0.7333,5.285762,0.092831,136.691705,136.84235,0.150645,5.313987,131.405943,131.556588,137.035999,-5.630056,-5.479411,5.059773
GW200302_015811,GWTC-3,C01:IMRPhenomXPHM,M_total-final_mass_source,True,57.445,-0.0012,0.155,0.2708,1421.5178,0.4896,5.201894,0.163701,137.476041,137.493157,0.017117,5.313987,132.274147,132.291264,137.035999,-4.761852,-4.744735,5.844109
GW200302_015811,GWTC-3,C01:IMRPhenomXPHM,M_total-final_mass_source,True,56.8752,0.0131,0.1517,0.2974,1582.3795,0.507,5.225078,0.161466,137.461661,137.456474,-0.005187,5.313987,132.236583,132.231396,137.035999,-4.799416,-4.804604,5.829729
GW200306_093714,GWTC-3,C01:IMRPhenomXPHM,M_total-final_mass_source,True,43.7158,0.3102,0.2273,0.3787,2095.9465,0.5371,5.376419,0.28672,137.082014,136.746983,-0.335031,5.313987,131.705595,131.370564,137.035999,-5.330404,-5.665436,5.450082
GW200306_093714,GWTC-3,C01:IMRPhenomXPHM,M_total-final_mass_source,True,42.7835,0.3569,0.217,0.4337,2459.2568,0.5589,5.420961,0.264371,137.050916,136.640068,-0.410848,5.313987,131.629955,131.219107,137.035999,-5.406044,-5.816892,5.418984
GW200308_173609,GWTC-3,C01:IMRPhenomXPHM,M_total-final_mass_source,True,102.5327,0.127,0.3577,1.0054,6831.0388,0.3491,5.185479,0.533146,138.311873,138.250459,-0.061414,5.313987,133.126394,133.06498,137.035999,-3.909605,-3.971019,6.679941
GW200308_173609,GWTC-3,C01:IMRPhenomXPHM,M_total-final_mass_source,True,103.0438,0.0576,0.3071,2.1487,17389.0712,0.3926,5.170826,0.531856,138.319045,138.222691,-0.096354,5.313987,133.14822,133.051866,137.035999,-3.887779,-3.984133,6.687113
GW200311_115853,GWTC-3,C01:IMRPhenomXPHM,M_total-final_mass_source,True,61.4657,-0.0357,0.1086,0.2295,1177.6702,0.7982,5.338147,0.076073,137.573641,137.614403,0.040762,5.313987,132.235494,132.276256,137.035999,-4.800505,-4.759743,5.941709
GW200311_115853,GWTC-3,C01:IMRPhenomXPHM,M_total-final_mass_source,True,61.3428,-0.0325,0.1073,0.2338,1202.7842,0.7965,5.339013,0.074487,137.570754,137.6085,0.037747,5.313987,132.23174,132.269487,137.035999,-4.804259,-4.766512,5.938822
GW200316_215756,GWTC-3,C01:IMRPhenomXPHM,M_total-final_mass_source,True,21.7761,0.1507,0.1237,0.2137,1086.937,0.5195,5.291595,0.175532,136.076608,135.910645,-0.165963,5.313987,130.785012,130.619049,137.035999,-6.250987,-6.41695,4.444676
GW200316_215756,GWTC-3,C01:IMRPhenomXPHM,M_total-final_mass_source,True,21.5792,0.1489,0.1244,0.2219,1134.0518,0.5225,5.293432,0.17645,136.063504,135.898581,-0.164923,5.313987,130.770072,130.60515,137.035999,-6.265927,-6.43085,4.431572
GW200322_091133,GWTC-3,C01:IMRPhenomXPHM,M_total-final_mass_source,True,76.6638,0.1008,0.3427,0.8231,5339.0735,0.2986,5.026192,0.784262,137.892405,137.584789,-0.307616,5.313987,132.866213,132.558596,137.035999,-4.169787,-4.477403,6.260473
GW200322_091133,GWTC-3,C01:IMRPhenomXPHM,M_total-final_mass_source,True,83.8205,0.0373,0.3139,2.0452,16372.488,0.1858,4.632071,0.882896,138.021164,137.88948,-0.131684,5.313987,133.389092,133.257409,137.035999,-3.646907,-3.77859,6.389232
GW230518_125908,GWTC-4,C00:IMRPhenomXPHM-SpinTaylor,M_total-final_mass_source_non_evolved,True,9.6205,-0.0124,0.0632,0.0516,236.7211,0.1767,4.552375,0.063382,134.898051,134.913132,0.015081,5.313987,130.345675,130.360757,137.035999,-6.690324,-6.675242,3.266119
GW230529_181500,GWTC-4,C00:IMRPhenomXPHM:HighSpin,M_total-final_mass_source_non_evolved,True,5.009,-0.1125,0.087,0.0448,204.6627,0.4095,5.066715,0.11441,133.956458,134.075858,0.119401,5.313987,128.889743,129.009144,137.035999,-8.146256,-8.026855,2.324526
GW230601_224134,GWTC-4,C00:IMRPhenomXPHM-SpinTaylor,M_total-final_mass_source_non_evolved,True,108.7076,-0.0201,0.1686,0.5716,3423.2299,0.6766,5.302915,0.116334,138.396241,138.41431,0.018069,5.313987,133.093326,133.111394,137.035999,-3.942673,-3.924605,6.764309
GW230605_065343,GWTC-4,C00:IMRPhenomXPHM-SpinTaylor,M_total-final_mass_source_non_evolved,True,28.7266,0.0683,0.0776,0.2049,1037.3177,0.6406,5.328778,0.080883,136.47625,136.390386,-0.085864,5.313987,131.147472,131.061608,137.035999,-5.888527,-5.974391,4.844318
GW230606_004305,GWTC-4,C00:IMRPhenomXPHM-SpinTaylor,M_total-final_mass_source_non_evolved,True,62.6625,-0.1361,0.1618,0.4674,2688.5406,0.7126,5.267046,0.124579,137.601462,137.750896,0.149434,5.313987,132.334415,132.483849,137.035999,-4.701584,-4.55215,5.96953
GW230608_205047,GWTC-4,C00:IMRPhenomXPHM-SpinTaylor,M_total-final_mass_source_non_evolved,True,78.8106,0.0498,0.1513,0.5668,3388.5324,0.6353,5.323086,0.150314,137.93225,137.883069,-0.049181,5.313987,132.609164,132.559983,137.035999,-4.426835,-4.476016,6.300318
GW230609_064958,GWTC-4,C00:IMRPhenomXPHM-SpinTaylor,M_total-final_mass_source_non_evolved,True,59.9485,-0.1427,0.1443,0.5549,3302.4614,0.7337,5.277572,0.10516,137.537585,137.699118,0.161533,5.313987,132.260013,132.421546,137.035999,-4.775986,-4.614453,5.905653
GW230624_113103,GWTC-4,C00:IMRPhenomXPHM-SpinTaylor,M_total-final_mass_source_non_evolved,True,43.1645,0.1367,0.1411,0.3477,1896.8585,0.6252,5.345439,0.13242,137.063704,136.905105,-0.158599,5.313987,131.718265,131.559666,137.035999,-5.317734,-5.476333,5.431772
GW230627_015337,GWTC-4,C00:IMRPhenomXPHM-SpinTaylor,M_total-final_mass_source_non_evolved,True,14.1812,0.021,0.0386,0.0663,307.3936,0.6904,5.336123,0.042726,135.457842,135.427099,-0.030743,5.313987,130.121718,130.090975,137.035999,-6.914281,-6.945024,3.82591
GW230628_231200,GWTC-4,C00:IMRPhenomXPHM-SpinTaylor,M_total-final_mass_source_non_evolved,True,59.2169,-0.0023,0.092,0.4077,2286.1723,0.8466,5.360529,0.051052,137.519869,137.525006,0.005137,5.313987,132.15934,132.164476,137.035999,-4.876659,-4.871523,5.887937
GW230630_125806,GWTC-4,C00:IMRPhenomXPHM-SpinTaylor,M_total-final_mass_source_non_evolved,True,85.6976,0.2026,0.1865,0.8132,5260.3667,0.6513,5.393089,0.186947,138.053115,137.818823,-0.234292,5.313987,132.660026,132.425733,137.035999,-4.375973,-4.610266,6.421183
GW230630_234532,GWTC-4,C00:IMRPhenomXPHM-SpinTaylor,M_total-final_mass_source_non_evolved,True,16.831,-0.0401,0.0723,0.2114,1074.0132,0.6731,5.301018,0.073578,135.704982,135.738319,0.033337,5.313987,130.403965,130.437302,137.035999,-6.632034,-6.598697,4.07305
GW230702_185453,GWTC-4,C00:IMRPhenomXPHM-SpinTaylor,M_total-final_mass_source_non_evolved,True,60.8191,0.0587,0.1574,0.4143,2329.5271,0.4074,5.13827,0.221276,137.558383,137.49392,-0.064464,5.313987,132.420113,132.355649,137.035999,-4.615886,-4.68035,5.926451
GW230704_021211,GWTC-4,C00:IMRPhenomXPHM-SpinTaylor,M_total-final_mass_source_non_evolved,True,53.5414,-0.0139,0.1257,0.4506,2573.8533,0.6069,5.280832,0.126448,137.374516,137.398779,0.024263,5.313987,132.093684,132.117947,137.035999,-4.942315,-4.918052,5.742584
GW230704_212616,GWTC-4,C00:IMRPhenomXPHM-SpinTaylor,M_total-final_mass_source_non_evolved,True,141.5987,0.3772,0.2262,1.0016,6799.6591,0.4952,5.382753,0.256198,138.777597,138.326251,-0.451346,5.313987,133.394843,132.943497,137.035999,-3.641156,-4.092502,7.145665
GW230706_104333,GWTC-4,C00:IMRPhenomXPHM-SpinTaylor,M_total-final_mass_source_non_evolved,True,27.9525,0.1929,0.0779,0.3515,1921.0196,0.7136,5.409033,0.07427,136.43684,136.20979,-0.227049,5.313987,131.027807,130.800758,137.035999,-6.008192,-6.235241,4.804908
GW230707_124047,GWTC-4,C00:IMRPhenomXPHM-SpinTaylor,M_total-final_mass_source_non_evolved,True,81.4944,-0.0435,0.1569,0.7189,4523.3574,0.8134,5.332823,0.081914,137.980561,138.04126,0.060699,5.313987,132.647737,132.708437,137.035999,-4.388262,-4.327562,6.348629
GW230708_053705,GWTC-4,C00:IMRPhenomXPHM-SpinTaylor,M_total-final_mass_source_non_evolved,True,51.9629,0.0773,0.1365,0.5478,3252.043,0.8079,5.383408,0.07419,137.331343,137.246139,-0.085204,5.313987,131.947935,131.862731,137.035999,-5.088064,-5.173268,5.699411
GW230708_230935,GWTC-4,C00:IMRPhenomXPHM-SpinTaylor,M_total-final_mass_source_non_evolved,True,103.7964,0.0243,0.1665,0.5634,3363.6804,0.5992,5.291093,0.169231,138.329545,138.295864,-0.03368,5.313987,133.038451,133.004771,137.035999,-3.997548,-4.031229,6.697613
GW230709_122727,GWTC-4,C00:IMRPhenomXPHM-SpinTaylor,M_total-final_mass_source_non_evolved,True,75.14,0.0945,0.1802,0.7276,4590.1164,0.6973,5.353993,0.168628,137.863442,137.773544,-0.089898,5.313987,132.509449,132.419551,137.035999,-4.52655,-4.616448,6.23151
GW230712_090405,GWTC-4,C00:IMRPhenomXPHM-SpinTaylor,M_total-final_mass_source_non_evolved,True,43.9833,-0.041,0.1837,0.3614,1983.8998,0.4074,5.088251,0.279942,137.090815,137.122104,0.031289,5.313987,132.002563,132.033853,137.035999,-5.033436,-5.002146,5.458883
GW230723_101834,GWTC-4,C00:IMRPhenomXPHM-SpinTaylor,M_total-final_mass_source_non_evolved,True,27.7103,-0.1589,0.1664,0.2912,1544.5015,0.6377,5.248083,0.108596,136.424281,136.571837,0.147556,5.313987,131.176198,131.323754,137.035999,-5.859801,-5.712245,4.792349
GW230726_002940,GWTC-4,C00:IMRPhenomXPHM-SpinTaylor,M_total-final_mass_source_non_evolved,True,63.3806,-0.0166,0.1271,0.3756,2075.8238,0.7997,5.342996,0.067656,137.617902,137.64301,0.025107,5.313987,132.274907,132.300014,137.035999,-4.761092,-4.735985,5.98597
GW230729_082317,GWTC-4,C00:IMRPhenomXPHM-SpinTaylor,M_total-final_mass_source_non_evolved,True,20.4058,0.1248,0.1123,0.305,1629.1023,0.6104,5.334317,0.147594,135.982837,135.835144,-0.147693,5.313987,130.648519,130.500827,137.035999,-6.38748,-6.535172,4.350905
GW230731_215307,GWTC-4,C00:IMRPhenomXPHM-SpinTaylor,M_total-final_mass_source_non_evolved,True,18.2391,-0.0479,0.0506,0.2182,1112.9582,0.7627,5.327364,0.047837,135.820898,135.865891,0.044993,5.313987,130.493534,130.538526,137.035999,-6.542465,-6.497473,4.188966
GW230803_033412,GWTC-4,C00:IMRPhenomXPHM-SpinTaylor,M_total-final_mass_source_non_evolved,True,76.1055,0.099,0.1765,0.7328,4630.4898,0.6034,5.333825,0.15011,137.88186,137.760727,-0.121133,5.313987,132.548035,132.426902,137.035999,-4.487964,-4.609097,6.249928
GW230805_034249,GWTC-4,C00:IMRPhenomXPHM-SpinTaylor,M_total-final_mass_source_non_evolved,True,56.729,0.082,0.1563,0.5329,3145.4327,0.6387,5.333124,0.154834,137.457946,137.359398,-0.098548,5.313987,132.124822,132.026274,137.035999,-4.911177,-5.009725,5.826014
GW230806_204041,GWTC-4,C00:IMRPhenomXPHM-SpinTaylor,M_total-final_mass_source_non_evolved,True,85.1538,0.0929,0.1601,0.8451,5515.3718,0.7117,5.362345,0.134665,138.043931,137.958376,-0.085555,5.313987,132.681586,132.596031,137.035999,-4.354413,-4.439968,6.411999
GW230811_032116,GWTC-4,C00:IMRPhenomXPHM-SpinTaylor,M_total-final_mass_source_non_evolved,True,57.9945,0.0171,0.1017,0.3683,2028.7783,0.6169,5.30546,0.097787,137.489776,137.470702,-0.019074,5.313987,132.184316,132.165242,137.035999,-4.851683,-4.870757,5.857844
GW230814_061920,GWTC-4,C00:IMRPhenomXPHM-SpinTaylor,M_total-final_mass_source_non_evolved,True,112.1141,0.0529,0.1457,0.6196,3774.1193,0.6191,5.315806,0.132485,138.440755,138.379215,-0.061541,5.313987,133.12495,133.063409,137.035999,-3.911049,-3.97259,6.808823
GW230814_230901,GWTC-4,C00:IMRPhenomXPHM-SpinTaylor,M_total-final_mass_source_non_evolved,True,62.0258,-0.0103,0.0361,0.0594,274.2109,0.8494,5.359292,0.018525,137.586727,137.600811,0.014083,5.313987,132.227435,132.241518,137.035999,-4.808564,-4.794481,5.954795
GW230819_171910,GWTC-4,C00:IMRPhenomXPHM-SpinTaylor,M_total-final_mass_source_non_evolved,True,110.4179,-0.0291,0.2389,0.6318,3864.7887,0.4542,5.144922,0.307323,138.418762,138.450398,0.031636,5.313987,133.27384,133.305476,137.035999,-3.762159,-3.730523,6.78683
GW230820_212515,GWTC-4,C00:IMRPhenomXPHM-SpinTaylor,M_total-final_mass_source_non_evolved,True,96.1931,0.2093,0.1775,0.6195,3773.0859,0.4943,5.31551,0.301793,138.219794,137.983188,-0.236606,5.313987,132.904284,132.667678,137.035999,-4.131715,-4.368321,6.587862
GW230824_033047,GWTC-4,C00:IMRPhenomXPHM-SpinTaylor,M_total-final_mass_source_non_evolved,True,88.244,0.0022,0.1396,0.7316,4621.2874,0.6918,5.323027,0.137225,138.095359,138.107593,0.012234,5.313987,132.772332,132.784566,137.035999,-4.263667,-4.251433,6.463427
GW230825_041334,GWTC-4,C00:IMRPhenomXPHM-SpinTaylor,M_total-final_mass_source_non_evolved,True,70.6391,0.3174,0.1574,0.7852,5039.4197,0.657,5.469248,0.143004,137.774326,137.38995,-0.384376,5.313987,132.305079,131.920702,137.035999,-4.730921,-5.115297,6.142394
GW230831_015414,GWTC-4,C00:IMRPhenomXPHM-SpinTaylor,M_total-final_mass_source_non_evolved,True,73.7716,0.0428,0.166,0.7251,4570.7014,0.7468,5.352915,0.127811,137.836927,137.799641,-0.037285,5.313987,132.484011,132.446726,137.035999,-4.551988,-4.589273,6.204995
GW230904_051013,GWTC-4,C00:IMRPhenomXPHM-SpinTaylor,M_total-final_mass_source_non_evolved,True,17.9681,0.0562,0.0714,0.1997,1007.5056,0.6699,5.339402,0.08416,135.799302,135.728183,-0.071119,5.313987,130.4599,130.388782,137.035999,-6.576099,-6.647217,4.16737
GW230911_195324,GWTC-4,C00:IMRPhenomXPHM-SpinTaylor,M_total-final_mass_source_non_evolved,True,56.1018,-0.029,0.1207,0.221,1128.7026,0.5629,5.257396,0.118616,137.441907,137.480639,0.038732,5.313987,132.18451,132.223243,137.035999,-4.851489,-4.812757,5.809975
GW230914_111401,GWTC-4,C00:IMRPhenomXPHM-SpinTaylor,M_total-final_mass_source_non_evolved,True,95.8127,0.1275,0.1174,0.4526,2587.6081,0.6056,5.338201,0.138931,138.214077,138.0829,-0.131176,5.313987,132.875876,132.744699,137.035999,-4.160123,-4.2913,6.582145
GW230919_215712,GWTC-4,C00:IMRPhenomXPHM-SpinTaylor,M_total-final_mass_source_non_evolved,True,49.316,0.1823,0.0731,0.2461,1274.8923,0.7966,5.426625,0.048693,137.255916,137.042914,-0.213002,5.313987,131.829291,131.616289,137.035999,-5.206708,-5.41971,5.623984
GW230920_071124,GWTC-4,C00:IMRPhenomXPHM-SpinTaylor,M_total-final_mass_source_non_evolved,True,56.4734,-0.0019,0.1269,0.4863,2818.4458,0.7569,5.339987,0.100859,137.45143,137.451251,-0.00018,5.313987,132.111443,132.111263,137.035999,-4.924556,-4.924736,5.819498
GW230922_020344,GWTC-4,C00:IMRPhenomXPHM-SpinTaylor,M_total-final_mass_source_non_evolved,True,70.6111,0.0354,0.1154,0.276,1452.7638,0.7015,5.342404,0.078196,137.773756,137.737428,-0.036328,5.313987,132.431352,132.395024,137.035999,-4.604647,-4.640975,6.141824
GW230922_040658,GWTC-4,C00:IMRPhenomXPHM-SpinTaylor,M_total-final_mass_source_non_evolved,True,124.6904,0.3378,0.1651,0.9495,6365.535,0.6524,5.445738,0.227381,138.594139,138.203137,-0.391002,5.313987,133.148401,132.757399,137.035999,-3.887598,-4.2786,6.962207
GW230924_124453,GWTC-4,C00:IMRPhenomXPHM-SpinTaylor,M_total-final_mass_source_non_evolved,True,51.7546,0.0196,0.098,0.4192,2362.2796,0.812,5.362742,0.052696,137.325546,137.306807,-0.018739,5.313987,131.962804,131.944064,137.035999,-5.073195,-5.091935,5.693614
GW230927_043729,GWTC-4,C00:IMRPhenomXPHM-SpinTaylor,M_total-final_mass_source_non_evolved,True,62.4715,0.0071,0.1203,0.5287,3115.7852,0.8056,5.353461,0.071947,137.597059,137.586875,-0.010184,5.313987,132.243597,132.233413,137.035999,-4.792402,-4.802586,5.965127
GW230927_153832,GWTC-4,C00:IMRPhenomXPHM-SpinTaylor,M_total-final_mass_source_non_evolved,True,38.5156,0.0406,0.0444,0.2278,1167.9873,0.7442,5.356826,0.037012,136.899304,136.856316,-0.042988,5.313987,131.542478,131.49949,137.035999,-5.493521,-5.536509,5.267372
GW230928_215827,GWTC-4,C00:IMRPhenomXPHM-SpinTaylor,M_total-final_mass_source_non_evolved,True,87.6395,0.4204,0.1217,0.6974,4358.8838,0.5473,5.500549,0.164221,138.085442,137.541088,-0.544354,5.313987,132.584893,132.040539,137.035999,-4.451106,-4.99546,6.45351
GW230930_110730,GWTC-4,C00:IMRPhenomXPHM-SpinTaylor,M_total-final_mass_source_non_evolved,True,58.9969,0.0277,0.1535,0.7619,4856.8996,0.7395,5.343906,0.11467,137.514498,137.49746,-0.017038,5.313987,132.170592,132.153554,137.035999,-4.865407,-4.882445,5.882566
GW231001_140220,GWTC-4,C00:IMRPhenomXPHM-SpinTaylor,M_total-final_mass_source_non_evolved,True,116.328,-0.0479,0.1899,0.673,4173.3257,0.5203,5.209786,0.184435,138.493987,138.570138,0.076151,5.313987,133.284201,133.360351,137.035999,-3.751799,-3.675648,6.862055
GW231004_232346,GWTC-4,C00:IMRPhenomXPHM-SpinTaylor,M_total-final_mass_source_non_evolved,True,101.6706,-0.0512,0.1949,0.6567,4050.1858,0.5135,5.201039,0.189241,138.299691,138.366256,0.066565,5.313987,133.098652,133.165217,137.035999,-3.937347,-3.870782,6.667759
GW231005_021030,GWTC-4,C00:IMRPhenomXPHM-SpinTaylor,M_total-final_mass_source_non_evolved,True,131.5903,0.1123,0.2166,0.939,6278.9327,0.5768,5.317988,0.187815,138.671841,138.530445,-0.141396,5.313987,133.353854,133.212457,137.035999,-3.682145,-3.823542,7.039909
GW231005_091549,GWTC-4,C00:IMRPhenomXPHM-SpinTaylor,M_total-final_mass_source_non_evolved,True,50.6423,-0.0384,0.1445,0.5938,3584.5482,0.7724,5.324195,0.107264,137.294203,137.341287,0.047084,5.313987,131.970008,132.017092,137.035999,-5.065991,-5.018907,5.662271
GW231008_142521,GWTC-4,C00:IMRPhenomXPHM-SpinTaylor,M_total-final_mass_source_non_evolved,True,71.2554,-0.0252,0.1457,0.4817,2786.77,0.5675,5.254499,0.184565,137.786859,137.817508,0.030648,5.313987,132.532361,132.563009,137.035999,-4.503638,-4.47299,6.154928
GW231014_040532,GWTC-4,C00:IMRPhenomXPHM-SpinTaylor,M_total-final_mass_source_non_evolved,True,35.8834,0.1813,0.1632,0.3994,2231.0905,0.7162,5.396424,0.13671,136.797178,136.608411,-0.188766,5.313987,131.400754,131.211987,137.035999,-5.635245,-5.824012,5.165246
GW231018_233037,GWTC-4,C00:IMRPhenomXPHM-SpinTaylor,M_total-final_mass_source_non_evolved,True,19.0923,0.0148,0.0928,0.2877,1523.5745,0.6234,5.299404,0.110297,135.886854,135.868908,-0.017946,5.313987,130.58745,130.569504,137.035999,-6.448549,-6.466496,4.254922
GW231020_142947,GWTC-4,C00:IMRPhenomXPHM-SpinTaylor,M_total-final_mass_source_non_evolved,True,19.8618,0.1512,0.1144,0.2383,1228.753,0.6071,5.344919,0.155384,135.943856,135.765779,-0.178076,5.313987,130.598937,130.42086,137.035999,-6.437062,-6.615139,4.311924
GW231028_153006,GWTC-4,C00:IMRPhenomXPHM-SpinTaylor,M_total-final_mass_source_non_evolved,True,152.9012,0.4957,0.0863,0.7177,4514.3758,0.6998,5.5859,0.129417,138.888388,138.235095,-0.653293,5.313987,133.302488,132.649195,137.035999,-3.733511,-4.386804,7.256456
GW231029_111508,GWTC-4,C00:IMRPhenomXPHM-SpinTaylor,M_total-final_mass_source_non_evolved,True,106.0689,0.1453,0.1465,0.5145,3015.4656,0.6231,5.356299,0.161173,138.36079,138.205049,-0.155741,5.313987,133.00449,132.848749,137.035999,-4.031509,-4.18725,6.728858
GW231102_071736,GWTC-4,C00:IMRPhenomXPHM-SpinTaylor,M_total-final_mass_source_non_evolved,True,104.652,0.074,0.1167,0.5985,3618.9162,0.7049,5.363654,0.093359,138.341388,138.268327,-0.073061,5.313987,132.977734,132.904673,137.035999,-4.058265,-4.131326,6.709456
GW231104_133418,GWTC-4,C00:IMRPhenomXPHM-SpinTaylor,M_total-final_mass_source_non_evolved,True,21.0329,0.1455,0.0557,0.2781,1465.1652,0.7054,5.388139,0.071936,136.026507,135.853798,-0.172708,5.313987,130.638368,130.46566,137.035999,-6.397631,-6.570339,4.394575
GW231108_125142,GWTC-4,C00:IMRPhenomXPHM-SpinTaylor,M_total-final_mass_source_non_evolved,True,40.6547,-0.0763,0.0775,0.3717,2050.6583,0.7533,5.31068,0.047906,136.977283,137.060493,0.08321,5.313987,131.666603,131.749813,137.035999,-5.369396,-5.286186,5.345351
GW231110_040320,GWTC-4,C00:IMRPhenomXPHM-SpinTaylor,M_total-final_mass_source_non_evolved,True,32.5224,0.1746,0.0692,0.3393,1843.5409,0.6222,5.369673,0.083975,136.655294,136.459158,-0.196136,5.313987,131.285621,131.089485,137.035999,-5.750378,-5.946514,5.023362
GW231113_122623,GWTC-4,C00:IMRPhenomXPHM-SpinTaylor,M_total-final_mass_source_non_evolved,True,68.2932,0.3648,0.16,0.5524,3284.9727,0.6797,5.491743,0.161842,137.725602,137.266754,-0.458848,5.313987,132.233859,131.775011,137.035999,-4.80214,-5.260988,6.09367
GW231113_200417,GWTC-4,C00:IMRPhenomXPHM-SpinTaylor,M_total-final_mass_source_non_evolved,True,19.1418,0.1253,0.0646,0.224,1146.2096,0.6585,5.36529,0.087618,135.890585,135.740555,-0.15003,5.313987,130.525294,130.375264,137.035999,-6.510705,-6.660735,4.258653
GW231114_043211,GWTC-4,C00:IMRPhenomXPHM-SpinTaylor,M_total-final_mass_source_non_evolved,True,31.5127,0.091,0.1094,0.2551,1327.506,0.353,5.070178,0.15013,136.609793,136.515014,-0.094779,5.313987,131.539615,131.444836,137.035999,-5.496384,-5.591163,4.977861
GW231118_005626,GWTC-4,C00:IMRPhenomXPHM-SpinTaylor,M_total-final_mass_source_non_evolved,True,31.8307,0.3929,0.0615,0.3789,2097.2885,0.4912,5.412667,0.114883,136.624277,136.130813,-0.493465,5.313987,131.21161,130.718146,137.035999,-5.824389,-6.317854,4.992345
GW231118_071402,GWTC-4,C00:IMRPhenomXPHM-SpinTaylor,M_total-final_mass_source_non_evolved,True,73.8933,0.1278,0.1676,0.6598,4073.8943,0.7139,5.381256,0.139944,137.839303,137.694364,-0.14494,5.313987,132.458047,132.313107,137.035999,-4.577952,-4.722892,6.207371
GW231118_090602,GWTC-4,C00:IMRPhenomXPHM-SpinTaylor,M_total-final_mass_source_non_evolved,True,21.2289,0.1195,0.1651,0.262,1368.9867,0.4902,5.258801,0.266069,136.039893,135.913891,-0.126002,5.313987,130.781092,130.65509,137.035999,-6.254907,-6.380909,4.407961
GW231119_075248,GWTC-4,C00:IMRPhenomXPHM-SpinTaylor,M_total-final_mass_source_non_evolved,True,82.3292,-0.0005,0.1671,0.9702,6537.5322,0.73,5.326772,0.151216,137.995264,137.996314,0.001051,5.313987,132.668492,132.669543,137.035999,-4.367507,-4.366456,6.363332
GW231123_135430,GWTC-4,C00:IMRPhenomXPHM-SpinTaylor,M_total-final_mass_source,True,243.2756,0.0391,0.1135,0.1712,849.531,0.6222,5.295662,0.076309,139.55838,139.520478,-0.037902,5.313987,134.262718,134.224816,137.035999,-2.773281,-2.811183,7.926448
GW231127_165300,GWTC-4,C00:IMRPhenomXPHM-SpinTaylor,M_total-final_mass_source_non_evolved,True,74.4822,0.0406,0.1885,0.6912,4311.5576,0.6182,5.305897,0.189981,137.850756,137.819599,-0.031157,5.313987,132.544859,132.513702,137.035999,-4.49114,-4.522297,6.218825
GW231129_081745,GWTC-4,C00:IMRPhenomXPHM-SpinTaylor,M_total-final_mass_source_non_evolved,True,69.5676,0.0274,0.15,0.5956,3597.6601,0.536,5.262584,0.160435,137.752276,137.726599,-0.025677,5.313987,132.489692,132.464015,137.035999,-4.546307,-4.571984,6.120344
GW231206_233134,GWTC-4,C00:IMRPhenomXPHM-SpinTaylor,M_total-final_mass_source_non_evolved,True,62.6127,-0.0901,0.1326,0.5452,3233.4726,0.8147,5.317787,0.07223,137.600315,137.693273,0.092957,5.313987,132.282528,132.375486,137.035999,-4.753471,-4.660513,5.968383
GW231206_233901,GWTC-4,C00:IMRPhenomXPHM-SpinTaylor,M_total-final_mass_source_non_evolved,True,66.5665,-0.0293,0.0814,0.2811,1483.1204,0.7725,5.336658,0.064416,137.688657,137.723783,0.035126,5.313987,132.351998,132.387124,137.035999,-4.684001,-4.648875,6.056725
GW231213_111417,GWTC-4,C00:IMRPhenomXPHM-SpinTaylor,M_total-final_mass_source_non_evolved,True,62.6177,0.0767,0.1363,0.6546,4035.0627,0.7945,5.380196,0.090402,137.60043,137.528429,-0.072002,5.313987,132.220235,132.148233,137.035999,-4.815764,-4.887766,5.968499
GW231221_135041,GWTC-4,C00:IMRPhenomXPHM-SpinTaylor,M_total-final_mass_source_non_evolved,True,77.258,0.0393,0.2371,0.7017,4391.6806,0.6404,5.298569,0.200769,137.903545,137.837227,-0.066318,5.313987,132.604977,132.538659,137.035999,-4.431023,-4.49734,6.271613
GW231223_032836,GWTC-4,C00:IMRPhenomXPHM-SpinTaylor,M_total-final_mass_source_non_evolved,True,77.5766,-0.1616,0.2178,0.6415,3936.5365,0.6994,5.239425,0.168712,137.909481,138.075174,0.165693,5.313987,132.670056,132.835749,137.035999,-4.365943,-4.20025,6.277549
GW231223_075055,GWTC-4,C00:IMRPhenomXPHM-SpinTaylor,M_total-final_mass_source_non_evolved,True,19.0328,0.0721,0.1025,0.1914,960.9307,0.5625,5.290732,0.137727,135.882346,135.811951,-0.070395,5.313987,130.591613,130.521218,137.035999,-6.444386,-6.514781,4.250414
GW231223_202619,GWTC-4,C00:IMRPhenomXPHM-SpinTaylor,M_total-final_mass_source_non_evolved,True,19.7013,0.105,0.0749,0.1776,884.3656,0.7469,5.378161,0.068184,135.932153,135.811078,-0.121075,5.313987,130.553992,130.432917,137.035999,-6.482007,-6.603082,4.300221
GW231224_024321,GWTC-4,C00:IMRPhenomXPHM-SpinTaylor,M_total-final_mass_source_non_evolved,True,16.6908,-0.0052,0.0398,0.1883,943.8509,0.7826,5.348177,0.037431,135.69291,135.695721,0.002811,5.313987,130.344733,130.347543,137.035999,-6.691267,-6.688456,4.060978
GW231226_101520,GWTC-4,C00:IMRPhenomXPHM-SpinTaylor,M_total-final_mass_source_non_evolved,True,75.1941,-0.0738,0.047,0.2278,1168.1744,0.878,5.339032,0.025818,137.86448,137.940989,0.076509,5.313987,132.525448,132.601957,137.035999,-4.510551,-4.434042,6.232548
GW231230_170116,GWTC-4,C00:IMRPhenomXPHM-SpinTaylor,M_total-final_mass_source_non_evolved,True,87.7908,-0.2167,0.1982,0.8681,5700.1833,0.7024,5.228653,0.183052,138.08793,138.331749,0.243818,5.313987,132.859277,133.103096,137.035999,-4.176722,-3.932904,6.455998
GW231231_154016,GWTC-4,C00:IMRPhenomXPHM-SpinTaylor,M_total-final_mass_source_non_evolved,True,40.0007,-0.0286,0.067,0.2087,1058.3816,0.7656,5.33127,0.045913,136.953885,136.981664,0.027779,5.313987,131.622615,131.650394,137.035999,-5.413384,-5.385605,5.321953
GW240104_164932,GWTC-4,C00:IMRPhenomXPHM-SpinTaylor,M_total-final_mass_source_non_evolved,True,75.2684,0.1255,0.11,0.3506,1915.091,0.7785,5.398803,0.080533,137.865905,137.720541,-0.145364,5.313987,132.467102,132.321737,137.035999,-4.568897,-4.714262,6.233973
GW240107_013215,GWTC-4,C00:IMRPhenomXPHM-SpinTaylor,M_total-final_mass_source_non_evolved,True,89.5545,0.3387,0.2022,0.8746,5752.7677,0.4983,5.369864,0.282283,138.116626,137.69471,-0.421916,5.313987,132.746761,132.324846,137.035999,-4.289238,-4.711154,6.484694
GW240109_050431,GWTC-4,C00:IMRPhenomXPHM-SpinTaylor,M_total-final_mass_source_non_evolved,True,47.299,-0.076,0.1203,0.2758,1451.5962,0.6168,5.257511,0.085999,137.19567,137.277422,0.081752,5.313987,131.938159,132.019911,137.035999,-5.09784,-5.016088,5.563738
