event_file,catalog,event_type,waveform_key,median_n,std_n,in_bbh_band,median_chi_eff,n_samples
6513631/IGWN-GWTC2p1-v2-GW150914_095045_PEDataRelease_mixed_cosmo.h5,GWTC-2.1,BBH,C01:IMRPhenomXPHM,5.34024,0.04614,1,-0.05572,147634
6513631/IGWN-GWTC2p1-v2-GW150914_095045_PEDataRelease_mixed_nocosmo.h5,GWTC-2.1,BBH,C01:IMRPhenomXPHM,5.34051,0.04596,1,-0.05474,199766
6513631/IGWN-GWTC2p1-v2-GW151012_095443_PEDataRelease_mixed_cosmo.h5,GWTC-2.1,BBH,C01:IMRPhenomXPHM,5.28378,0.20879,1,0.11099,68167
6513631/IGWN-GWTC2p1-v2-GW151012_095443_PEDataRelease_mixed_nocosmo.h5,GWTC-2.1,BBH,C01:IMRPhenomXPHM,5.29529,0.20384,1,0.11781,137933
6513631/IGWN-GWTC2p1-v2-GW151226_033853_PEDataRelease_mixed_cosmo.h5,GWTC-2.1,BBH,C01:IMRPhenomXPHM,5.33404,0.18979,1,0.20154,133885
6513631/IGWN-GWTC2p1-v2-GW151226_033853_PEDataRelease_mixed_nocosmo.h5,GWTC-2.1,BBH,C01:IMRPhenomXPHM,5.33179,0.18991,1,0.20309,188541
6513631/IGWN-GWTC2p1-v2-GW170104_101158_PEDataRelease_mixed_cosmo.h5,GWTC-2.1,BBH,C01:IMRPhenomXPHM,5.3096,0.0876,1,-0.04215,80854
6513631/IGWN-GWTC2p1-v2-GW170104_101158_PEDataRelease_mixed_nocosmo.h5,GWTC-2.1,BBH,C01:IMRPhenomXPHM,5.31072,0.08524,1,-0.03911,169007
6513631/IGWN-GWTC2p1-v2-GW170608_020116_PEDataRelease_mixed_cosmo.h5,GWTC-2.1,BBH,C01:IMRPhenomXPHM,5.35119,0.08813,1,0.04339,219080
6513631/IGWN-GWTC2p1-v2-GW170608_020116_PEDataRelease_mixed_nocosmo.h5,GWTC-2.1,BBH,C01:IMRPhenomXPHM,5.3509,0.08871,1,0.0436,285112
6513631/IGWN-GWTC2p1-v2-GW170729_185629_PEDataRelease_mixed_cosmo.h5,GWTC-2.1,BBH,C01:IMRPhenomXPHM,5.39353,0.19962,1,0.2572,37428
6513631/IGWN-GWTC2p1-v2-GW170729_185629_PEDataRelease_mixed_nocosmo.h5,GWTC-2.1,BBH,C01:IMRPhenomXPHM,5.44022,0.1788,1,0.30642,173308
6513631/IGWN-GWTC2p1-v2-GW170809_082821_PEDataRelease_mixed_cosmo.h5,GWTC-2.1,BBH,C01:IMRPhenomXPHM,5.36144,0.08798,1,0.07947,89622
6513631/IGWN-GWTC2p1-v2-GW170809_082821_PEDataRelease_mixed_nocosmo.h5,GWTC-2.1,BBH,C01:IMRPhenomXPHM,5.36348,0.08655,1,0.08327,177783
6513631/IGWN-GWTC2p1-v2-GW170814_103043_PEDataRelease_mixed_cosmo.h5,GWTC-2.1,BBH,C01:IMRPhenomXPHM,5.37873,0.0464,1,0.06055,139163
6513631/IGWN-GWTC2p1-v2-GW170814_103043_PEDataRelease_mixed_nocosmo.h5,GWTC-2.1,BBH,C01:IMRPhenomXPHM,5.37934,0.04614,1,0.06135,197034
6513631/IGWN-GWTC2p1-v2-GW170818_022509_PEDataRelease_mixed_cosmo.h5,GWTC-2.1,BBH,C01:IMRPhenomXPHM,5.33416,0.06671,1,-0.04234,84033
6513631/IGWN-GWTC2p1-v2-GW170818_022509_PEDataRelease_mixed_nocosmo.h5,GWTC-2.1,BBH,C01:IMRPhenomXPHM,5.33763,0.06602,1,-0.03465,160046
6513631/IGWN-GWTC2p1-v2-GW170823_131358_PEDataRelease_mixed_cosmo.h5,GWTC-2.1,BBH,C01:IMRPhenomXPHM,5.364,0.1035,1,0.05306,42612
6513631/IGWN-GWTC2p1-v2-GW170823_131358_PEDataRelease_mixed_nocosmo.h5,GWTC-2.1,BBH,C01:IMRPhenomXPHM,5.36976,0.09842,1,0.06507,136399
6513631/IGWN-GWTC2p1-v2-GW190403_051519_PEDataRelease_mixed_cosmo.h5,GWTC-2.1,BBH,C01:IMRPhenomXPHM,5.21415,0.3438,1,0.67861,11138
6513631/IGWN-GWTC2p1-v2-GW190403_051519_PEDataRelease_mixed_nocosmo.h5,GWTC-2.1,BBH,C01:IMRPhenomXPHM,5.40018,0.29268,1,0.69593,178895
6513631/IGWN-GWTC2p1-v2-GW190408_181802_PEDataRelease_mixed_cosmo.h5,GWTC-2.1,BBH,C01:IMRPhenomXPHM,5.32163,0.07486,1,-0.03011,53971
6513631/IGWN-GWTC2p1-v2-GW190408_181802_PEDataRelease_mixed_nocosmo.h5,GWTC-2.1,BBH,C01:IMRPhenomXPHM,5.32146,0.07264,1,-0.02912,127008
6513631/IGWN-GWTC2p1-v2-GW190412_053044_PEDataRelease_mixed_cosmo.h5,GWTC-2.1,BBH,C01:IMRPhenomXPHM,5.02225,0.07857,1,0.24698,182052
6513631/IGWN-GWTC2p1-v2-GW190412_053044_PEDataRelease_mixed_nocosmo.h5,GWTC-2.1,BBH,C01:IMRPhenomXPHM,5.02076,0.0788,1,0.24789,264789
6513631/IGWN-GWTC2p1-v2-GW190413_052954_PEDataRelease_mixed_cosmo.h5,GWTC-2.1,BBH,C01:IMRPhenomXPHM,5.31305,0.11503,1,-0.0353,27757
6513631/IGWN-GWTC2p1-v2-GW190413_052954_PEDataRelease_mixed_nocosmo.h5,GWTC-2.1,BBH,C01:IMRPhenomXPHM,5.32943,0.1112,1,-0.00355,144722
6513631/IGWN-GWTC2p1-v2-GW190413_134308_PEDataRelease_mixed_cosmo.h5,GWTC-2.1,BBH,C01:IMRPhenomXPHM,5.27382,0.20385,1,-0.00849,23815
6513631/IGWN-GWTC2p1-v2-GW190413_134308_PEDataRelease_mixed_nocosmo.h5,GWTC-2.1,BBH,C01:IMRPhenomXPHM,5.31107,0.1697,1,0.02107,155335
6513631/IGWN-GWTC2p1-v2-GW190421_213856_PEDataRelease_mixed_cosmo.h5,GWTC-2.1,BBH,C01:IMRPhenomXPHM,5.30532,0.10296,1,-0.09595,30882
6513631/IGWN-GWTC2p1-v2-GW190421_213856_PEDataRelease_mixed_nocosmo.h5,GWTC-2.1,BBH,C01:IMRPhenomXPHM,5.31039,0.09766,1,-0.08395,147856
6513631/IGWN-GWTC2p1-v2-GW190426_190642_PEDataRelease_mixed_cosmo.h5,GWTC-2.1,BBH,C01:IMRPhenomXPHM,5.41824,0.18383,1,0.22608,16736
6513631/IGWN-GWTC2p1-v2-GW190426_190642_PEDataRelease_mixed_nocosmo.h5,GWTC-2.1,BBH,C01:IMRPhenomXPHM,5.44931,0.16698,1,0.29754,155608
6513631/IGWN-GWTC2p1-v2-GW190503_185404_PEDataRelease_mixed_cosmo.h5,GWTC-2.1,BBH,C01:IMRPhenomXPHM,5.28929,0.14028,1,-0.05748,63867
6513631/IGWN-GWTC2p1-v2-GW190503_185404_PEDataRelease_mixed_nocosmo.h5,GWTC-2.1,BBH,C01:IMRPhenomXPHM,5.29839,0.13215,1,-0.04251,166116
6513631/IGWN-GWTC2p1-v2-GW190512_180714_PEDataRelease_mixed_cosmo.h5,GWTC-2.1,BBH,C01:IMRPhenomXPHM,5.23571,0.10888,1,0.02795,74777
6513631/IGWN-GWTC2p1-v2-GW190512_180714_PEDataRelease_mixed_nocosmo.h5,GWTC-2.1,BBH,C01:IMRPhenomXPHM,5.238,0.10916,1,0.02944,181271
6513631/IGWN-GWTC2p1-v2-GW190513_205428_PEDataRelease_mixed_cosmo.h5,GWTC-2.1,BBH,C01:IMRPhenomXPHM,5.26511,0.16394,1,0.13455,48052
6513631/IGWN-GWTC2p1-v2-GW190513_205428_PEDataRelease_mixed_nocosmo.h5,GWTC-2.1,BBH,C01:IMRPhenomXPHM,5.28214,0.1623,1,0.15022,180002
6513631/IGWN-GWTC2p1-v2-GW190514_065416_PEDataRelease_mixed_cosmo.h5,GWTC-2.1,BBH,C01:IMRPhenomXPHM,5.28265,0.14492,1,-0.09108,15629
6513631/IGWN-GWTC2p1-v2-GW190514_065416_PEDataRelease_mixed_nocosmo.h5,GWTC-2.1,BBH,C01:IMRPhenomXPHM,5.29992,0.12757,1,-0.06762,123633
6513631/IGWN-GWTC2p1-v2-GW190517_055101_PEDataRelease_mixed_cosmo.h5,GWTC-2.1,BBH,C01:IMRPhenomXPHM,5.52231,0.213,1,0.44169,61249
6513631/IGWN-GWTC2p1-v2-GW190517_055101_PEDataRelease_mixed_nocosmo.h5,GWTC-2.1,BBH,C01:IMRPhenomXPHM,5.55257,0.19653,1,0.47323,161299
6513631/IGWN-GWTC2p1-v2-GW190519_153544_PEDataRelease_mixed_cosmo.h5,GWTC-2.1,BBH,C01:IMRPhenomXPHM,5.4386,0.12678,1,0.31529,42168
6513631/IGWN-GWTC2p1-v2-GW190519_153544_PEDataRelease_mixed_nocosmo.h5,GWTC-2.1,BBH,C01:IMRPhenomXPHM,5.45327,0.12437,1,0.33665,150207
6513631/IGWN-GWTC2p1-v2-GW190521_030229_PEDataRelease_mixed_cosmo.h5,GWTC-2.1,BBH,C01:IMRPhenomXPHM,5.20658,0.27314,1,-0.13979,24545
6513631/IGWN-GWTC2p1-v2-GW190521_030229_PEDataRelease_mixed_nocosmo.h5,GWTC-2.1,BBH,C01:IMRPhenomXPHM,5.306,0.21986,1,0.00147,148527
6513631/IGWN-GWTC2p1-v2-GW190521_074359_PEDataRelease_mixed_cosmo.h5,GWTC-2.1,BBH,C01:IMRPhenomXPHM,5.37623,0.04943,1,0.07394,104558
6513631/IGWN-GWTC2p1-v2-GW190521_074359_PEDataRelease_mixed_nocosmo.h5,GWTC-2.1,BBH,C01:IMRPhenomXPHM,5.3748,0.05056,1,0.07258,210737
6513631/IGWN-GWTC2p1-v2-GW190527_092055_PEDataRelease_mixed_cosmo.h5,GWTC-2.1,BBH,C01:IMRPhenomXPHM,5.3126,0.26509,1,0.08308,28052
6513631/IGWN-GWTC2p1-v2-GW190527_092055_PEDataRelease_mixed_nocosmo.h5,GWTC-2.1,BBH,C01:IMRPhenomXPHM,5.34275,0.23314,1,0.12064,141653
6513631/IGWN-GWTC2p1-v2-GW190602_175927_PEDataRelease_mixed_cosmo.h5,GWTC-2.1,BBH,C01:IMRPhenomXPHM,5.34092,0.18118,1,0.11594,34581
6513631/IGWN-GWTC2p1-v2-GW190602_175927_PEDataRelease_mixed_nocosmo.h5,GWTC-2.1,BBH,C01:IMRPhenomXPHM,5.36732,0.16595,1,0.15214,155451
6513631/IGWN-GWTC2p1-v2-GW190620_030421_PEDataRelease_mixed_cosmo.h5,GWTC-2.1,BBH,C01:IMRPhenomXPHM,5.40508,0.25547,1,0.30651,32655
6513631/IGWN-GWTC2p1-v2-GW190620_030421_PEDataRelease_mixed_nocosmo.h5,GWTC-2.1,BBH,C01:IMRPhenomXPHM,5.43967,0.21496,1,0.33267,152410
6513631/IGWN-GWTC2p1-v2-GW190630_185205_PEDataRelease_mixed_cosmo.h5,GWTC-2.1,BBH,C01:IMRPhenomXPHM,5.36847,0.08126,1,0.09184,87638
6513631/IGWN-GWTC2p1-v2-GW190630_185205_PEDataRelease_mixed_nocosmo.h5,GWTC-2.1,BBH,C01:IMRPhenomXPHM,5.36557,0.08254,1,0.09412,171387
6513631/IGWN-GWTC2p1-v2-GW190701_203306_PEDataRelease_mixed_cosmo.h5,GWTC-2.1,BBH,C01:IMRPhenomXPHM,5.29595,0.10662,1,-0.09697,54580
6513631/IGWN-GWTC2p1-v2-GW190701_203306_PEDataRelease_mixed_nocosmo.h5,GWTC-2.1,BBH,C01:IMRPhenomXPHM,5.30224,0.10102,1,-0.08496,160160
6513631/IGWN-GWTC2p1-v2-GW190706_222641_PEDataRelease_mixed_cosmo.h5,GWTC-2.1,BBH,C01:IMRPhenomXPHM,5.36767,0.21675,1,0.28452,23977
6513631/IGWN-GWTC2p1-v2-GW190706_222641_PEDataRelease_mixed_nocosmo.h5,GWTC-2.1,BBH,C01:IMRPhenomXPHM,5.40953,0.19251,1,0.322,159868
6513631/IGWN-GWTC2p1-v2-GW190707_093326_PEDataRelease_mixed_cosmo.h5,GWTC-2.1,BBH,C01:IMRPhenomXPHM,5.31092,0.06005,1,-0.06406,203490
6513631/IGWN-GWTC2p1-v2-GW190707_093326_PEDataRelease_mixed_nocosmo.h5,GWTC-2.1,BBH,C01:IMRPhenomXPHM,5.31066,0.06179,1,-0.06341,367463
6513631/IGWN-GWTC2p1-v2-GW190708_232457_PEDataRelease_mixed_cosmo.h5,GWTC-2.1,BBH,C01:IMRPhenomXPHM,5.34188,0.06638,1,0.01851,51021
6513631/IGWN-GWTC2p1-v2-GW190708_232457_PEDataRelease_mixed_nocosmo.h5,GWTC-2.1,BBH,C01:IMRPhenomXPHM,5.34133,0.06695,1,0.01964,94772
6513631/IGWN-GWTC2p1-v2-GW190719_215514_PEDataRelease_mixed_cosmo.h5,GWTC-2.1,BBH,C01:IMRPhenomXPHM,5.36463,0.2918,1,0.25003,20708
6513631/IGWN-GWTC2p1-v2-GW190719_215514_PEDataRelease_mixed_nocosmo.h5,GWTC-2.1,BBH,C01:IMRPhenomXPHM,5.39785,0.25831,1,0.30411,153538
6513631/IGWN-GWTC2p1-v2-GW190720_000836_PEDataRelease_mixed_cosmo.h5,GWTC-2.1,BBH,C01:IMRPhenomXPHM,5.32902,0.1265,1,0.174,86699
6513631/IGWN-GWTC2p1-v2-GW190720_000836_PEDataRelease_mixed_nocosmo.h5,GWTC-2.1,BBH,C01:IMRPhenomXPHM,5.32849,0.1271,1,0.17495,131644
6513631/IGWN-GWTC2p1-v2-GW190725_174728_PEDataRelease_mixed_cosmo.h5,GWTC-2.1,BBH,C01:IMRPhenomXPHM,5.22388,0.22292,1,-0.03894,79206
6513631/IGWN-GWTC2p1-v2-GW190725_174728_PEDataRelease_mixed_nocosmo.h5,GWTC-2.1,BBH,C01:IMRPhenomXPHM,5.22206,0.22348,1,-0.03561,170198
6513631/IGWN-GWTC2p1-v2-GW190727_060333_PEDataRelease_mixed_cosmo.h5,GWTC-2.1,BBH,C01:IMRPhenomXPHM,5.38128,0.11037,1,0.08388,38894
6513631/IGWN-GWTC2p1-v2-GW190727_060333_PEDataRelease_mixed_nocosmo.h5,GWTC-2.1,BBH,C01:IMRPhenomXPHM,5.38788,0.10183,1,0.09895,162922
6513631/IGWN-GWTC2p1-v2-GW190728_064510_PEDataRelease_mixed_cosmo.h5,GWTC-2.1,BBH,C01:IMRPhenomXPHM,5.34308,0.17298,1,0.14024,11485
6513631/IGWN-GWTC2p1-v2-GW190728_064510_PEDataRelease_mixed_nocosmo.h5,GWTC-2.1,BBH,C01:IMRPhenomXPHM,5.34415,0.17611,1,0.13951,20000
6513631/IGWN-GWTC2p1-v2-GW190731_140936_PEDataRelease_mixed_cosmo.h5,GWTC-2.1,BBH,C01:IMRPhenomXPHM,5.3481,0.13255,1,0.0525,21267
6513631/IGWN-GWTC2p1-v2-GW190731_140936_PEDataRelease_mixed_nocosmo.h5,GWTC-2.1,BBH,C01:IMRPhenomXPHM,5.36527,0.12301,1,0.07869,126255
6513631/IGWN-GWTC2p1-v2-GW190803_022701_PEDataRelease_mixed_cosmo.h5,GWTC-2.1,BBH,C01:IMRPhenomXPHM,5.33121,0.11324,1,-0.01465,20574
6513631/IGWN-GWTC2p1-v2-GW190803_022701_PEDataRelease_mixed_nocosmo.h5,GWTC-2.1,BBH,C01:IMRPhenomXPHM,5.34082,0.10503,1,0.00276,101656
6513631/IGWN-GWTC2p1-v2-GW190805_211137_PEDataRelease_mixed_cosmo.h5,GWTC-2.1,BBH,C01:IMRPhenomXPHM,5.49991,0.17726,1,0.38683,11786
6513631/IGWN-GWTC2p1-v2-GW190805_211137_PEDataRelease_mixed_nocosmo.h5,GWTC-2.1,BBH,C01:IMRPhenomXPHM,5.52385,0.15301,1,0.42437,169040
6513631/IGWN-GWTC2p1-v2-GW190814_211039_PEDataRelease_mixed_cosmo.h5,GWTC-2.1,BBH,C01:IMRPhenomXPHM,4.18887,0.04004,0,0.00372,78254
6513631/IGWN-GWTC2p1-v2-GW190814_211039_PEDataRelease_mixed_nocosmo.h5,GWTC-2.1,BBH,C01:IMRPhenomXPHM,4.18876,0.04005,0,0.0038,89500
6513631/IGWN-GWTC2p1-v2-GW190828_063405_PEDataRelease_mixed_cosmo.h5,GWTC-2.1,BBH,C01:IMRPhenomXPHM,5.42344,0.06053,1,0.154,42966
6513631/IGWN-GWTC2p1-v2-GW190828_063405_PEDataRelease_mixed_nocosmo.h5,GWTC-2.1,BBH,C01:IMRPhenomXPHM,5.42545,0.06034,1,0.16038,128000
6513631/IGWN-GWTC2p1-v2-GW190828_065509_PEDataRelease_mixed_cosmo.h5,GWTC-2.1,BBH,C01:IMRPhenomXPHM,5.17685,0.12794,1,0.05386,71723
6513631/IGWN-GWTC2p1-v2-GW190828_065509_PEDataRelease_mixed_nocosmo.h5,GWTC-2.1,BBH,C01:IMRPhenomXPHM,5.17838,0.12783,1,0.05534,181548
6513631/IGWN-GWTC2p1-v2-GW190910_112807_PEDataRelease_mixed_cosmo.h5,GWTC-2.1,BBH,C01:IMRPhenomXPHM,5.34674,0.06876,1,-0.01124,54830
6513631/IGWN-GWTC2p1-v2-GW190910_112807_PEDataRelease_mixed_nocosmo.h5,GWTC-2.1,BBH,C01:IMRPhenomXPHM,5.35009,0.06816,1,-0.00538,159609
6513631/IGWN-GWTC2p1-v2-GW190915_235702_PEDataRelease_mixed_cosmo.h5,GWTC-2.1,BBH,C01:IMRPhenomXPHM,5.32849,0.08406,1,-0.03877,50133
6513631/IGWN-GWTC2p1-v2-GW190915_235702_PEDataRelease_mixed_nocosmo.h5,GWTC-2.1,BBH,C01:IMRPhenomXPHM,5.33251,0.08149,1,-0.0297,144305
6513631/IGWN-GWTC2p1-v2-GW190916_200658_PEDataRelease_mixed_cosmo.h5,GWTC-2.1,BBH,C01:IMRPhenomXPHM,5.34532,0.26267,1,0.19233,13058
6513631/IGWN-GWTC2p1-v2-GW190916_200658_PEDataRelease_mixed_nocosmo.h5,GWTC-2.1,BBH,C01:IMRPhenomXPHM,5.40277,0.22256,1,0.27255,107199
6513631/IGWN-GWTC2p1-v2-GW190917_114630_PEDataRelease_mixed_cosmo.h5,GWTC-2.1,BBH,C01:IMRPhenomXPHM,4.66196,0.21511,0,-0.07597,12312
6513631/IGWN-GWTC2p1-v2-GW190917_114630_PEDataRelease_mixed_nocosmo.h5,GWTC-2.1,BBH,C01:IMRPhenomXPHM,4.66025,0.21288,0,-0.07453,20000
6513631/IGWN-GWTC2p1-v2-GW190924_021846_PEDataRelease_mixed_cosmo.h5,GWTC-2.1,BBH,C01:IMRPhenomXPHM,5.24278,0.1667,1,0.04571,32797
6513631/IGWN-GWTC2p1-v2-GW190924_021846_PEDataRelease_mixed_nocosmo.h5,GWTC-2.1,BBH,C01:IMRPhenomXPHM,5.24254,0.16867,1,0.04632,46372
6513631/IGWN-GWTC2p1-v2-GW190925_232845_PEDataRelease_mixed_cosmo.h5,GWTC-2.1,BBH,C01:IMRPhenomXPHM,5.36411,0.09103,1,0.08113,87963
6513631/IGWN-GWTC2p1-v2-GW190925_232845_PEDataRelease_mixed_nocosmo.h5,GWTC-2.1,BBH,C01:IMRPhenomXPHM,5.36467,0.09148,1,0.08292,164960
6513631/IGWN-GWTC2p1-v2-GW190926_050336_PEDataRelease_mixed_cosmo.h5,GWTC-2.1,BBH,C01:IMRPhenomXPHM,5.20404,0.22349,1,-0.02025,20327
6513631/IGWN-GWTC2p1-v2-GW190926_050336_PEDataRelease_mixed_nocosmo.h5,GWTC-2.1,BBH,C01:IMRPhenomXPHM,5.26148,0.19774,1,-0.00762,157760
6513631/IGWN-GWTC2p1-v2-GW190929_012149_PEDataRelease_mixed_cosmo.h5,GWTC-2.1,BBH,C01:IMRPhenomXPHM,5.09587,0.23823,1,-0.03058,30749
6513631/IGWN-GWTC2p1-v2-GW190929_012149_PEDataRelease_mixed_nocosmo.h5,GWTC-2.1,BBH,C01:IMRPhenomXPHM,5.14432,0.2187,1,-0.02032,153782
6513631/IGWN-GWTC2p1-v2-GW190930_133541_PEDataRelease_mixed_cosmo.h5,GWTC-2.1,BBH,C01:IMRPhenomXPHM,5.34836,0.17158,1,0.14723,80472
6513631/IGWN-GWTC2p1-v2-GW190930_133541_PEDataRelease_mixed_nocosmo.h5,GWTC-2.1,BBH,C01:IMRPhenomXPHM,5.34801,0.17477,1,0.14869,137344
8177023/IGWN-GWTC3p0-v2-GW191103_012549_PEDataRelease_mixed_cosmo.h5,GWTC-3,BBH,C01:IMRPhenomXPHM,5.39698,0.12688,1,0.21565,9914
8177023/IGWN-GWTC3p0-v2-GW191103_012549_PEDataRelease_mixed_nocosmo.h5,GWTC-3,BBH,C01:IMRPhenomXPHM,5.39454,0.13019,1,0.21747,167837
8177023/IGWN-GWTC3p0-v2-GW191105_143521_PEDataRelease_mixed_cosmo.h5,GWTC-3,BBH,C01:IMRPhenomXPHM,5.31464,0.08891,1,-0.01842,65529
8177023/IGWN-GWTC3p0-v2-GW191105_143521_PEDataRelease_mixed_nocosmo.h5,GWTC-3,BBH,C01:IMRPhenomXPHM,5.3138,0.08988,1,-0.01765,142741
8177023/IGWN-GWTC3p0-v2-GW191109_010717_PEDataRelease_mixed_cosmo.h5,GWTC-3,BBH,C01:IMRPhenomXPHM,5.21662,0.13503,1,-0.31121,109061
8177023/IGWN-GWTC3p0-v2-GW191109_010717_PEDataRelease_mixed_nocosmo.h5,GWTC-3,BBH,C01:IMRPhenomXPHM,5.22473,0.13003,1,-0.29381,270070
8177023/IGWN-GWTC3p0-v2-GW191113_071753_PEDataRelease_mixed_cosmo.h5,GWTC-3,BBH,C01:IMRPhenomXPHM,4.60658,0.29456,0,0.00325,52362
8177023/IGWN-GWTC3p0-v2-GW191113_071753_PEDataRelease_mixed_nocosmo.h5,GWTC-3,BBH,C01:IMRPhenomXPHM,4.64229,0.32157,0,0.01005,129899
8177023/IGWN-GWTC3p0-v2-GW191126_115259_PEDataRelease_mixed_cosmo.h5,GWTC-3,BBH,C01:IMRPhenomXPHM,5.40362,0.10175,1,0.21004,55315
8177023/IGWN-GWTC3p0-v2-GW191126_115259_PEDataRelease_mixed_nocosmo.h5,GWTC-3,BBH,C01:IMRPhenomXPHM,5.40293,0.10477,1,0.21218,158918
8177023/IGWN-GWTC3p0-v2-GW191127_050227_PEDataRelease_mixed_cosmo.h5,GWTC-3,BBH,C01:IMRPhenomXPHM,5.13709,0.46659,1,0.17683,27156
8177023/IGWN-GWTC3p0-v2-GW191127_050227_PEDataRelease_mixed_nocosmo.h5,GWTC-3,BBH,C01:IMRPhenomXPHM,5.30971,0.37063,1,0.25876,185048
8177023/IGWN-GWTC3p0-v2-GW191129_134029_PEDataRelease_mixed_cosmo.h5,GWTC-3,BBH,C01:IMRPhenomXPHM,5.30982,0.0912,1,0.06483,77231
8177023/IGWN-GWTC3p0-v2-GW191129_134029_PEDataRelease_mixed_nocosmo.h5,GWTC-3,BBH,C01:IMRPhenomXPHM,5.30884,0.0916,1,0.06575,135743
8177023/IGWN-GWTC3p0-v2-GW191204_110529_PEDataRelease_mixed_cosmo.h5,GWTC-3,BBH,C01:IMRPhenomXPHM,5.33959,0.14171,1,0.03726,41745
8177023/IGWN-GWTC3p0-v2-GW191204_110529_PEDataRelease_mixed_nocosmo.h5,GWTC-3,BBH,C01:IMRPhenomXPHM,5.34086,0.14486,1,0.04441,155223
8177023/IGWN-GWTC3p0-v2-GW191204_171526_PEDataRelease_mixed_cosmo.h5,GWTC-3,BBH,C01:IMRPhenomXPHM,5.38723,0.0632,1,0.15916,128624
8177023/IGWN-GWTC3p0-v2-GW191204_171526_PEDataRelease_mixed_nocosmo.h5,GWTC-3,BBH,C01:IMRPhenomXPHM,5.38686,0.06349,1,0.15941,206292
8177023/IGWN-GWTC3p0-v2-GW191215_223052_PEDataRelease_mixed_cosmo.h5,GWTC-3,BBH,C01:IMRPhenomXPHM,5.30972,0.07814,1,-0.05359,6913
8177023/IGWN-GWTC3p0-v2-GW191215_223052_PEDataRelease_mixed_nocosmo.h5,GWTC-3,BBH,C01:IMRPhenomXPHM,5.31361,0.07863,1,-0.0423,20000
8177023/IGWN-GWTC3p0-v2-GW191216_213338_PEDataRelease_mixed_cosmo.h5,GWTC-3,BBH,C01:IMRPhenomXPHM,5.32471,0.14014,1,0.11736,249520
8177023/IGWN-GWTC3p0-v2-GW191216_213338_PEDataRelease_mixed_nocosmo.h5,GWTC-3,BBH,C01:IMRPhenomXPHM,5.3247,0.14214,1,0.11733,315108
8177023/IGWN-GWTC3p0-v2-GW191219_163120_PEDataRelease_mixed_cosmo.h5,GWTC-3,BBH,C01:IMRPhenomXPHM:HighSpin,3.27212,0.04671,0,0.00477,14965
8177023/IGWN-GWTC3p0-v2-GW191219_163120_PEDataRelease_mixed_nocosmo.h5,GWTC-3,BBH,C01:IMRPhenomXPHM:HighSpin,3.27267,0.06026,0,0.005,20000
8177023/IGWN-GWTC3p0-v2-GW191222_033537_PEDataRelease_mixed_cosmo.h5,GWTC-3,BBH,C01:IMRPhenomXPHM,5.32091,0.09516,1,-0.05429,26560
8177023/IGWN-GWTC3p0-v2-GW191222_033537_PEDataRelease_mixed_nocosmo.h5,GWTC-3,BBH,C01:IMRPhenomXPHM,5.3257,0.09348,1,-0.03986,135537
8177023/IGWN-GWTC3p0-v2-GW191230_180458_PEDataRelease_mixed_cosmo.h5,GWTC-3,BBH,C01:IMRPhenomXPHM,5.31554,0.12508,1,-0.05857,21752
8177023/IGWN-GWTC3p0-v2-GW191230_180458_PEDataRelease_mixed_nocosmo.h5,GWTC-3,BBH,C01:IMRPhenomXPHM,5.32517,0.11144,1,-0.03895,139585
8177023/IGWN-GWTC3p0-v2-GW200105_162426_PEDataRelease_mixed_cosmo.h5,GWTC-3,BBH,C01:IMRPhenomXPHM:HighSpin,4.68829,0.13669,0,0.00069,20000
8177023/IGWN-GWTC3p0-v2-GW200105_162426_PEDataRelease_mixed_nocosmo.h5,GWTC-3,BBH,C01:IMRPhenomXPHM,4.68829,0.13669,0,0.00069,20000
8177023/IGWN-GWTC3p0-v2-GW200112_155838_PEDataRelease_mixed_cosmo.h5,GWTC-3,BBH,C01:IMRPhenomXPHM,5.36123,0.06623,1,0.044,68706
8177023/IGWN-GWTC3p0-v2-GW200112_155838_PEDataRelease_mixed_nocosmo.h5,GWTC-3,BBH,C01:IMRPhenomXPHM,5.3634,0.06569,1,0.04814,157304
8177023/IGWN-GWTC3p0-v2-GW200115_042309_PEDataRelease_mixed_cosmo.h5,GWTC-3,BBH,C01:IMRPhenomXPHM:HighSpin,4.7412,0.21086,0,-0.16812,16089
8177023/IGWN-GWTC3p0-v2-GW200115_042309_PEDataRelease_mixed_nocosmo.h5,GWTC-3,BBH,C01:IMRPhenomXPHM:HighSpin,4.74169,0.21101,0,-0.16874,20000
8177023/IGWN-GWTC3p0-v2-GW200128_022011_PEDataRelease_mixed_cosmo.h5,GWTC-3,BBH,C01:IMRPhenomXPHM,5.38214,0.09514,1,0.07971,26969
8177023/IGWN-GWTC3p0-v2-GW200128_022011_PEDataRelease_mixed_nocosmo.h5,GWTC-3,BBH,C01:IMRPhenomXPHM,5.3861,0.09111,1,0.0915,150506
8177023/IGWN-GWTC3p0-v2-GW200129_065458_PEDataRelease_mixed_cosmo.h5,GWTC-3,BBH,C01:IMRPhenomXPHM,5.38488,0.10739,1,0.10751,87429
8177023/IGWN-GWTC3p0-v2-GW200129_065458_PEDataRelease_mixed_nocosmo.h5,GWTC-3,BBH,C01:IMRPhenomXPHM,5.38486,0.10561,1,0.10956,148072
8177023/IGWN-GWTC3p0-v2-GW200202_154313_PEDataRelease_mixed_cosmo.h5,GWTC-3,BBH,C01:IMRPhenomXPHM,5.34633,0.08693,1,0.03609,126430
8177023/IGWN-GWTC3p0-v2-GW200202_154313_PEDataRelease_mixed_nocosmo.h5,GWTC-3,BBH,C01:IMRPhenomXPHM,5.34602,0.08729,1,0.03626,170115
8177023/IGWN-GWTC3p0-v2-GW200208_130117_PEDataRelease_mixed_cosmo.h5,GWTC-3,BBH,C01:IMRPhenomXPHM,5.29367,0.10773,1,-0.08538,38722
8177023/IGWN-GWTC3p0-v2-GW200208_130117_PEDataRelease_mixed_nocosmo.h5,GWTC-3,BBH,C01:IMRPhenomXPHM,5.30511,0.10359,1,-0.06466,104414
8177023/IGWN-GWTC3p0-v2-GW200208_222617_PEDataRelease_mixed_cosmo.h5,GWTC-3,BBH,C01:IMRPhenomXPHM,4.89226,0.4282,1,0.62366,24495
8177023/IGWN-GWTC3p0-v2-GW200208_222617_PEDataRelease_mixed_nocosmo.h5,GWTC-3,BBH,C01:IMRPhenomXPHM,5.04559,0.39244,1,0.66692,209178
8177023/IGWN-GWTC3p0-v2-GW200209_085452_PEDataRelease_mixed_cosmo.h5,GWTC-3,BBH,C01:IMRPhenomXPHM,5.29459,0.10164,1,-0.1248,30588
8177023/IGWN-GWTC3p0-v2-GW200209_085452_PEDataRelease_mixed_nocosmo.h5,GWTC-3,BBH,C01:IMRPhenomXPHM,5.30377,0.09325,1,-0.10655,161419
8177023/IGWN-GWTC3p0-v2-GW200210_092254_PEDataRelease_mixed_cosmo.h5,GWTC-3,BBH,C01:IMRPhenomXPHM,4.22393,0.14627,0,0.03461,78491
8177023/IGWN-GWTC3p0-v2-GW200210_092254_PEDataRelease_mixed_nocosmo.h5,GWTC-3,BBH,C01:IMRPhenomXPHM,4.22785,0.15017,0,0.03108,141688
8177023/IGWN-GWTC3p0-v2-GW200216_220804_PEDataRelease_mixed_cosmo.h5,GWTC-3,BBH,C01:IMRPhenomXPHM,5.29999,0.28015,1,0.08052,17943
8177023/IGWN-GWTC3p0-v2-GW200216_220804_PEDataRelease_mixed_nocosmo.h5,GWTC-3,BBH,C01:IMRPhenomXPHM,5.34859,0.22306,1,0.12547,145692
8177023/IGWN-GWTC3p0-v2-GW200219_094415_PEDataRelease_mixed_cosmo.h5,GWTC-3,BBH,C01:IMRPhenomXPHM,5.29721,0.10675,1,-0.09682,28386
8177023/IGWN-GWTC3p0-v2-GW200219_094415_PEDataRelease_mixed_nocosmo.h5,GWTC-3,BBH,C01:IMRPhenomXPHM,5.30588,0.09839,1,-0.0841,154656
8177023/IGWN-GWTC3p0-v2-GW200220_061928_PEDataRelease_mixed_cosmo.h5,GWTC-3,BBH,C01:IMRPhenomXPHM,5.33283,0.23488,1,0.03726,7327
8177023/IGWN-GWTC3p0-v2-GW200220_061928_PEDataRelease_mixed_nocosmo.h5,GWTC-3,BBH,C01:IMRPhenomXPHM,5.35991,0.16681,1,0.08048,123819
8177023/IGWN-GWTC3p0-v2-GW200220_124850_PEDataRelease_mixed_cosmo.h5,GWTC-3,BBH,C01:IMRPhenomXPHM,5.30265,0.11766,1,-0.07409,13497
8177023/IGWN-GWTC3p0-v2-GW200220_124850_PEDataRelease_mixed_nocosmo.h5,GWTC-3,BBH,C01:IMRPhenomXPHM,5.31584,0.10604,1,-0.05354,96667
8177023/IGWN-GWTC3p0-v2-GW200224_222234_PEDataRelease_mixed_cosmo.h5,GWTC-3,BBH,C01:IMRPhenomXPHM,5.39807,0.07635,1,0.1001,88200
8177023/IGWN-GWTC3p0-v2-GW200224_222234_PEDataRelease_mixed_nocosmo.h5,GWTC-3,BBH,C01:IMRPhenomXPHM,5.39961,0.0731,1,0.10325,216261
8177023/IGWN-GWTC3p0-v2-GW200225_060421_PEDataRelease_mixed_cosmo.h5,GWTC-3,BBH,C01:IMRPhenomXPHM,5.28045,0.09485,1,-0.13808,88167
8177023/IGWN-GWTC3p0-v2-GW200225_060421_PEDataRelease_mixed_nocosmo.h5,GWTC-3,BBH,C01:IMRPhenomXPHM,5.2858,0.09283,1,-0.12709,195767
8177023/IGWN-GWTC3p0-v2-GW200302_015811_PEDataRelease_mixed_cosmo.h5,GWTC-3,BBH,C01:IMRPhenomXPHM,5.20193,0.1637,1,-0.00115,39475
8177023/IGWN-GWTC3p0-v2-GW200302_015811_PEDataRelease_mixed_nocosmo.h5,GWTC-3,BBH,C01:IMRPhenomXPHM,5.22511,0.16147,1,0.0131,104245
8177023/IGWN-GWTC3p0-v2-GW200306_093714_PEDataRelease_mixed_cosmo.h5,GWTC-3,BBH,C01:IMRPhenomXPHM,5.37645,0.28672,1,0.31023,29333
8177023/IGWN-GWTC3p0-v2-GW200306_093714_PEDataRelease_mixed_nocosmo.h5,GWTC-3,BBH,C01:IMRPhenomXPHM,5.421,0.26437,1,0.35688,116436
8177023/IGWN-GWTC3p0-v2-GW200308_173609_PEDataRelease_mixed_cosmo.h5,GWTC-3,BBH,C01:IMRPhenomXPHM,5.18551,0.53315,1,0.127,3341
8177023/IGWN-GWTC3p0-v2-GW200308_173609_PEDataRelease_mixed_nocosmo.h5,GWTC-3,BBH,C01:IMRPhenomXPHM,5.17086,0.53186,1,0.0576,132606
8177023/IGWN-GWTC3p0-v2-GW200311_115853_PEDataRelease_mixed_cosmo.h5,GWTC-3,BBH,C01:IMRPhenomXPHM,5.33818,0.07607,1,-0.03566,109150
8177023/IGWN-GWTC3p0-v2-GW200311_115853_PEDataRelease_mixed_nocosmo.h5,GWTC-3,BBH,C01:IMRPhenomXPHM,5.33905,0.07449,1,-0.03254,202628
8177023/IGWN-GWTC3p0-v2-GW200316_215756_PEDataRelease_mixed_cosmo.h5,GWTC-3,BBH,C01:IMRPhenomXPHM,5.29163,0.17553,1,0.15073,67196
8177023/IGWN-GWTC3p0-v2-GW200316_215756_PEDataRelease_mixed_nocosmo.h5,GWTC-3,BBH,C01:IMRPhenomXPHM,5.29347,0.17645,1,0.14885,134403
8177023/IGWN-GWTC3p0-v2-GW200322_091133_PEDataRelease_mixed_cosmo.h5,GWTC-3,BBH,C01:IMRPhenomXPHM,5.02623,0.78426,1,0.10082,4140
8177023/IGWN-GWTC3p0-v2-GW200322_091133_PEDataRelease_mixed_nocosmo.h5,GWTC-3,BBH,C01:IMRPhenomXPHM,4.63211,0.8829,0,0.03725,137340
IGWN-GWTC4p0-0f954158d_720-GW230518_125908-combined_PEDataRelease.hdf5,GWTC-4,BBH,C00:IMRPhenomXPHM-SpinTaylor,4.55241,0.06338,0,-0.01241,11711
IGWN-GWTC4p0-0f954158d_720-GW230529_181500-combined_PEDataRelease.hdf5,GWTC-4,BBH,C00:IMRPhenomXPHM:HighSpin,5.06675,0.11441,1,-0.11246,5489
IGWN-GWTC4p0-0f954158d_720-GW230601_224134-combined_PEDataRelease.hdf5,GWTC-4,BBH,C00:IMRPhenomXPHM-SpinTaylor,5.30293,0.11634,1,-0.02015,14438
IGWN-GWTC4p0-0f954158d_720-GW230605_065343-combined_PEDataRelease.hdf5,GWTC-4,BBH,C00:IMRPhenomXPHM-SpinTaylor,5.3287,0.08123,1,0.06829,15769
IGWN-GWTC4p0-0f954158d_720-GW230606_004305-combined_PEDataRelease.hdf5,GWTC-4,BBH,C00:IMRPhenomXPHM-SpinTaylor,5.2668,0.12462,1,-0.13613,13904
IGWN-GWTC4p0-0f954158d_720-GW230608_205047-combined_PEDataRelease.hdf5,GWTC-4,BBH,C00:IMRPhenomXPHM-SpinTaylor,5.32344,0.15037,1,0.04976,13528
IGWN-GWTC4p0-0f954158d_720-GW230609_064958-combined_PEDataRelease.hdf5,GWTC-4,BBH,C00:IMRPhenomXPHM-SpinTaylor,5.27794,0.10504,1,-0.14268,13019
IGWN-GWTC4p0-0f954158d_720-GW230624_113103-combined_PEDataRelease.hdf5,GWTC-4,BBH,C00:IMRPhenomXPHM-SpinTaylor,5.34441,0.13217,1,0.13669,15846
IGWN-GWTC4p0-0f954158d_720-GW230627_015337-combined_PEDataRelease.hdf5,GWTC-4,BBH,C00:IMRPhenomXPHM-SpinTaylor,5.33628,0.04277,1,0.02096,9688
IGWN-GWTC4p0-0f954158d_720-GW230628_231200-combined_PEDataRelease.hdf5,GWTC-4,BBH,C00:IMRPhenomXPHM-SpinTaylor,5.36124,0.05125,1,-0.00228,15446
IGWN-GWTC4p0-0f954158d_720-GW230630_125806-combined_PEDataRelease.hdf5,GWTC-4,BBH,C00:IMRPhenomXPHM-SpinTaylor,5.39305,0.18689,1,0.20262,16819
IGWN-GWTC4p0-0f954158d_720-GW230630_234532-combined_PEDataRelease.hdf5,GWTC-4,BBH,C00:IMRPhenomXPHM-SpinTaylor,5.30131,0.07368,1,-0.04014,15135
IGWN-GWTC4p0-0f954158d_720-GW230702_185453-combined_PEDataRelease.hdf5,GWTC-4,BBH,C00:IMRPhenomXPHM-SpinTaylor,5.13821,0.22133,1,0.05871,17288
IGWN-GWTC4p0-0f954158d_720-GW230704_021211-combined_PEDataRelease.hdf5,GWTC-4,BBH,C00:IMRPhenomXPHM-SpinTaylor,5.28105,0.12649,1,-0.01389,23018
IGWN-GWTC4p0-0f954158d_720-GW230704_212616-combined_PEDataRelease.hdf5,GWTC-4,BBH,C00:IMRPhenomXPHM-SpinTaylor,5.38206,0.25624,1,0.37719,23006
IGWN-GWTC4p0-0f954158d_720-GW230706_104333-combined_PEDataRelease.hdf5,GWTC-4,BBH,C00:IMRPhenomXPHM-SpinTaylor,5.40878,0.07499,1,0.19291,15235
IGWN-GWTC4p0-0f954158d_720-GW230707_124047-combined_PEDataRelease.hdf5,GWTC-4,BBH,C00:IMRPhenomXPHM-SpinTaylor,5.333,0.08199,1,-0.04347,13678
IGWN-GWTC4p0-0f954158d_720-GW230708_053705-combined_PEDataRelease.hdf5,GWTC-4,BBH,C00:IMRPhenomXPHM-SpinTaylor,5.38436,0.07464,1,0.07729,15934
IGWN-GWTC4p0-0f954158d_720-GW230708_230935-combined_PEDataRelease.hdf5,GWTC-4,BBH,C00:IMRPhenomXPHM-SpinTaylor,5.29116,0.16924,1,0.02428,14977
IGWN-GWTC4p0-0f954158d_720-GW230709_122727-combined_PEDataRelease.hdf5,GWTC-4,BBH,C00:IMRPhenomXPHM-SpinTaylor,5.35381,0.1688,1,0.09451,12263
IGWN-GWTC4p0-0f954158d_720-GW230712_090405-combined_PEDataRelease.hdf5,GWTC-4,BBH,C00:IMRPhenomXPHM-SpinTaylor,5.08814,0.27933,1,-0.04105,26163
IGWN-GWTC4p0-0f954158d_720-GW230723_101834-combined_PEDataRelease.hdf5,GWTC-4,BBH,C00:IMRPhenomXPHM-SpinTaylor,5.24801,0.10718,1,-0.15887,15000
IGWN-GWTC4p0-0f954158d_720-GW230726_002940-combined_PEDataRelease.hdf5,GWTC-4,BBH,C00:IMRPhenomXPHM-SpinTaylor,5.34321,0.06778,1,-0.01655,13791
IGWN-GWTC4p0-0f954158d_720-GW230729_082317-combined_PEDataRelease.hdf5,GWTC-4,BBH,C00:IMRPhenomXPHM-SpinTaylor,5.33515,0.14794,1,0.12476,12605
IGWN-GWTC4p0-0f954158d_720-GW230731_215307-combined_PEDataRelease.hdf5,GWTC-4,BBH,C00:IMRPhenomXPHM-SpinTaylor,5.32715,0.04799,1,-0.04788,10904
IGWN-GWTC4p0-0f954158d_720-GW230803_033412-combined_PEDataRelease.hdf5,GWTC-4,BBH,C00:IMRPhenomXPHM-SpinTaylor,5.33373,0.15002,1,0.09899,16784
IGWN-GWTC4p0-0f954158d_720-GW230805_034249-combined_PEDataRelease.hdf5,GWTC-4,BBH,C00:IMRPhenomXPHM-SpinTaylor,5.33543,0.15431,1,0.08199,16941
IGWN-GWTC4p0-0f954158d_720-GW230806_204041-combined_PEDataRelease.hdf5,GWTC-4,BBH,C00:IMRPhenomXPHM-SpinTaylor,5.36262,0.13465,1,0.09289,14235
IGWN-GWTC4p0-0f954158d_720-GW230811_032116-combined_PEDataRelease.hdf5,GWTC-4,BBH,C00:IMRPhenomXPHM-SpinTaylor,5.30473,0.09819,1,0.01711,17874
IGWN-GWTC4p0-0f954158d_720-GW230814_061920-combined_PEDataRelease.hdf5,GWTC-4,BBH,C00:IMRPhenomXPHM-SpinTaylor,5.31596,0.1325,1,0.05286,13478
IGWN-GWTC4p0-0f954158d_720-GW230814_230901-combined_PEDataRelease.hdf5,GWTC-4,BBH,C00:IMRPhenomXPHM-SpinTaylor,5.35945,0.01846,1,-0.01034,13460
IGWN-GWTC4p0-0f954158d_720-GW230819_171910-combined_PEDataRelease.hdf5,GWTC-4,BBH,C00:IMRPhenomXPHM-SpinTaylor,5.14527,0.30734,1,-0.02915,15680
IGWN-GWTC4p0-0f954158d_720-GW230820_212515-combined_PEDataRelease.hdf5,GWTC-4,BBH,C00:IMRPhenomXPHM-SpinTaylor,5.31583,0.30179,1,0.20929,15759
IGWN-GWTC4p0-0f954158d_720-GW230824_033047-combined_PEDataRelease.hdf5,GWTC-4,BBH,C00:IMRPhenomXPHM-SpinTaylor,5.32298,0.13723,1,0.00218,13206
IGWN-GWTC4p0-0f954158d_720-GW230825_041334-combined_PEDataRelease.hdf5,GWTC-4,BBH,C00:IMRPhenomXPHM-SpinTaylor,5.46935,0.14311,1,0.31738,13826
IGWN-GWTC4p0-0f954158d_720-GW230831_015414-combined_PEDataRelease.hdf5,GWTC-4,BBH,C00:IMRPhenomXPHM-SpinTaylor,5.35369,0.12777,1,0.04275,14508
IGWN-GWTC4p0-0f954158d_720-GW230904_051013-combined_PEDataRelease.hdf5,GWTC-4,BBH,C00:IMRPhenomXPHM-SpinTaylor,5.33891,0.08416,1,0.05618,15560
IGWN-GWTC4p0-0f954158d_720-GW230911_195324-combined_PEDataRelease.hdf5,GWTC-4,BBH,C00:IMRPhenomXPHM-SpinTaylor,5.25947,0.11833,1,-0.029,18595
IGWN-GWTC4p0-0f954158d_720-GW230914_111401-combined_PEDataRelease.hdf5,GWTC-4,BBH,C00:IMRPhenomXPHM-SpinTaylor,5.33799,0.13903,1,0.12752,18353
IGWN-GWTC4p0-0f954158d_720-GW230919_215712-combined_PEDataRelease.hdf5,GWTC-4,BBH,C00:IMRPhenomXPHM-SpinTaylor,5.42664,0.04916,1,0.18229,15670
IGWN-GWTC4p0-0f954158d_720-GW230920_071124-combined_PEDataRelease.hdf5,GWTC-4,BBH,C00:IMRPhenomXPHM-SpinTaylor,5.34031,0.10097,1,-0.00189,15199
IGWN-GWTC4p0-0f954158d_720-GW230922_020344-combined_PEDataRelease.hdf5,GWTC-4,BBH,C00:IMRPhenomXPHM-SpinTaylor,5.34382,0.0785,1,0.03535,19000
IGWN-GWTC4p0-0f954158d_720-GW230922_040658-combined_PEDataRelease.hdf5,GWTC-4,BBH,C00:IMRPhenomXPHM-SpinTaylor,5.4457,0.22737,1,0.33778,14201
IGWN-GWTC4p0-0f954158d_720-GW230924_124453-combined_PEDataRelease.hdf5,GWTC-4,BBH,C00:IMRPhenomXPHM-SpinTaylor,5.36288,0.05297,1,0.01957,14630
IGWN-GWTC4p0-0f954158d_720-GW230927_043729-combined_PEDataRelease.hdf5,GWTC-4,BBH,C00:IMRPhenomXPHM-SpinTaylor,5.35326,0.07204,1,0.0071,13148
IGWN-GWTC4p0-0f954158d_720-GW230927_153832-combined_PEDataRelease.hdf5,GWTC-4,BBH,C00:IMRPhenomXPHM-SpinTaylor,5.35863,0.03783,1,0.04056,14161
IGWN-GWTC4p0-0f954158d_720-GW230928_215827-combined_PEDataRelease.hdf5,GWTC-4,BBH,C00:IMRPhenomXPHM-SpinTaylor,5.50068,0.16403,1,0.42045,19357
IGWN-GWTC4p0-0f954158d_720-GW230930_110730-combined_PEDataRelease.hdf5,GWTC-4,BBH,C00:IMRPhenomXPHM-SpinTaylor,5.34389,0.1146,1,0.02766,11732
IGWN-GWTC4p0-0f954158d_720-GW231001_140220-combined_PEDataRelease.hdf5,GWTC-4,BBH,C00:IMRPhenomXPHM-SpinTaylor,5.20984,0.18448,1,-0.04788,16041
IGWN-GWTC4p0-0f954158d_720-GW231004_232346-combined_PEDataRelease.hdf5,GWTC-4,BBH,C00:IMRPhenomXPHM-SpinTaylor,5.20081,0.18936,1,-0.05118,15804
IGWN-GWTC4p0-0f954158d_720-GW231005_021030-combined_PEDataRelease.hdf5,GWTC-4,BBH,C00:IMRPhenomXPHM-SpinTaylor,5.31847,0.18777,1,0.11233,13730
IGWN-GWTC4p0-0f954158d_720-GW231005_091549-combined_PEDataRelease.hdf5,GWTC-4,BBH,C00:IMRPhenomXPHM-SpinTaylor,5.32519,0.10717,1,-0.03843,12902
IGWN-GWTC4p0-0f954158d_720-GW231008_142521-combined_PEDataRelease.hdf5,GWTC-4,BBH,C00:IMRPhenomXPHM-SpinTaylor,5.25411,0.18451,1,-0.02524,16800
IGWN-GWTC4p0-0f954158d_720-GW231014_040532-combined_PEDataRelease.hdf5,GWTC-4,BBH,C00:IMRPhenomXPHM-SpinTaylor,5.39742,0.13692,1,0.18128,16903
IGWN-GWTC4p0-0f954158d_720-GW231018_233037-combined_PEDataRelease.hdf5,GWTC-4,BBH,C00:IMRPhenomXPHM-SpinTaylor,5.29969,0.11047,1,0.01478,15611
IGWN-GWTC4p0-0f954158d_720-GW231020_142947-combined_PEDataRelease.hdf5,GWTC-4,BBH,C00:IMRPhenomXPHM-SpinTaylor,5.34416,0.15539,1,0.15116,14942
IGWN-GWTC4p0-0f954158d_720-GW231028_153006-combined_PEDataRelease.hdf5,GWTC-4,BBH,C00:IMRPhenomXPHM-SpinTaylor,5.58597,0.12946,1,0.49569,15128
IGWN-GWTC4p0-0f954158d_720-GW231029_111508-combined_PEDataRelease.hdf5,GWTC-4,BBH,C00:IMRPhenomXPHM-SpinTaylor,5.35636,0.16123,1,0.14528,13488
IGWN-GWTC4p0-0f954158d_720-GW231102_071736-combined_PEDataRelease.hdf5,GWTC-4,BBH,C00:IMRPhenomXPHM-SpinTaylor,5.36361,0.09338,1,0.07405,15330
IGWN-GWTC4p0-0f954158d_720-GW231104_133418-combined_PEDataRelease.hdf5,GWTC-4,BBH,C00:IMRPhenomXPHM-SpinTaylor,5.3873,0.07213,1,0.14553,13042
IGWN-GWTC4p0-0f954158d_720-GW231108_125142-combined_PEDataRelease.hdf5,GWTC-4,BBH,C00:IMRPhenomXPHM-SpinTaylor,5.31141,0.04841,1,-0.07625,16031
IGWN-GWTC4p0-0f954158d_720-GW231110_040320-combined_PEDataRelease.hdf5,GWTC-4,BBH,C00:IMRPhenomXPHM-SpinTaylor,5.37099,0.08562,1,0.17464,16586
IGWN-GWTC4p0-0f954158d_720-GW231113_122623-combined_PEDataRelease.hdf5,GWTC-4,BBH,C00:IMRPhenomXPHM-SpinTaylor,5.49228,0.16196,1,0.36482,17278
IGWN-GWTC4p0-0f954158d_720-GW231113_200417-combined_PEDataRelease.hdf5,GWTC-4,BBH,C00:IMRPhenomXPHM-SpinTaylor,5.36428,0.08846,1,0.12531,13984
IGWN-GWTC4p0-0f954158d_720-GW231114_043211-combined_PEDataRelease.hdf5,GWTC-4,BBH,C00:IMRPhenomXPHM-SpinTaylor,5.07038,0.15025,1,0.09097,17986
IGWN-GWTC4p0-0f954158d_720-GW231118_005626-combined_PEDataRelease.hdf5,GWTC-4,BBH,C00:IMRPhenomXPHM-SpinTaylor,5.41535,0.11216,1,0.39286,17887
IGWN-GWTC4p0-0f954158d_720-GW231118_071402-combined_PEDataRelease.hdf5,GWTC-4,BBH,C00:IMRPhenomXPHM-SpinTaylor,5.38122,0.1401,1,0.12777,15567
IGWN-GWTC4p0-0f954158d_720-GW231118_090602-combined_PEDataRelease.hdf5,GWTC-4,BBH,C00:IMRPhenomXPHM-SpinTaylor,5.25852,0.26587,1,0.11951,17286
IGWN-GWTC4p0-0f954158d_720-GW231119_075248-combined_PEDataRelease.hdf5,GWTC-4,BBH,C00:IMRPhenomXPHM-SpinTaylor,5.32686,0.15115,1,-0.00049,14216
IGWN-GWTC4p0-0f954158d_720-GW231123_135430-combined_PEDataRelease.hdf5,GWTC-4,BBH,C00:IMRPhenomXPHM-SpinTaylor,5.2957,0.07631,1,0.03907,19980
IGWN-GWTC4p0-0f954158d_720-GW231127_165300-combined_PEDataRelease.hdf5,GWTC-4,BBH,C00:IMRPhenomXPHM-SpinTaylor,5.306,0.19005,1,0.04064,14592
IGWN-GWTC4p0-0f954158d_720-GW231129_081745-combined_PEDataRelease.hdf5,GWTC-4,BBH,C00:IMRPhenomXPHM-SpinTaylor,5.26245,0.16046,1,0.0274,14785
IGWN-GWTC4p0-0f954158d_720-GW231206_233134-combined_PEDataRelease.hdf5,GWTC-4,BBH,C00:IMRPhenomXPHM-SpinTaylor,5.31785,0.07233,1,-0.09006,13230
IGWN-GWTC4p0-0f954158d_720-GW231206_233901-combined_PEDataRelease.hdf5,GWTC-4,BBH,C00:IMRPhenomXPHM-SpinTaylor,5.33583,0.0652,1,-0.02925,15034
IGWN-GWTC4p0-0f954158d_720-GW231213_111417-combined_PEDataRelease.hdf5,GWTC-4,BBH,C00:IMRPhenomXPHM-SpinTaylor,5.38029,0.09033,1,0.0767,14380
IGWN-GWTC4p0-0f954158d_720-GW231221_135041-combined_PEDataRelease.hdf5,GWTC-4,BBH,C00:IMRPhenomXPHM-SpinTaylor,5.29813,0.20095,1,0.03933,16198
IGWN-GWTC4p0-0f954158d_720-GW231223_032836-combined_PEDataRelease.hdf5,GWTC-4,BBH,C00:IMRPhenomXPHM-SpinTaylor,5.23927,0.16868,1,-0.16159,15011
IGWN-GWTC4p0-0f954158d_720-GW231223_075055-combined_PEDataRelease.hdf5,GWTC-4,BBH,C00:IMRPhenomXPHM-SpinTaylor,5.2897,0.13807,1,0.07208,18392
IGWN-GWTC4p0-0f954158d_720-GW231223_202619-combined_PEDataRelease.hdf5,GWTC-4,BBH,C00:IMRPhenomXPHM-SpinTaylor,5.37843,0.06877,1,0.10497,13892
IGWN-GWTC4p0-0f954158d_720-GW231224_024321-combined_PEDataRelease.hdf5,GWTC-4,BBH,C00:IMRPhenomXPHM-SpinTaylor,5.34842,0.03787,1,-0.00516,16775
IGWN-GWTC4p0-0f954158d_720-GW231226_101520-combined_PEDataRelease.hdf5,GWTC-4,BBH,C00:IMRPhenomXPHM-SpinTaylor,5.33863,0.02668,1,-0.0738,15030
IGWN-GWTC4p0-0f954158d_720-GW231230_170116-combined_PEDataRelease.hdf5,GWTC-4,BBH,C00:IMRPhenomXPHM-SpinTaylor,5.22859,0.18299,1,-0.21668,15694
IGWN-GWTC4p0-0f954158d_720-GW231231_154016-combined_PEDataRelease.hdf5,GWTC-4,BBH,C00:IMRPhenomXPHM-SpinTaylor,5.33311,0.04632,1,-0.02865,13245
IGWN-GWTC4p0-0f954158d_720-GW240104_164932-combined_PEDataRelease.hdf5,GWTC-4,BBH,C00:IMRPhenomXPHM-SpinTaylor,5.39889,0.08088,1,0.12554,14325
IGWN-GWTC4p0-0f954158d_720-GW240107_013215-combined_PEDataRelease.hdf5,GWTC-4,BBH,C00:IMRPhenomXPHM-SpinTaylor,5.36989,0.28232,1,0.33875,18048
IGWN-GWTC4p0-0f954158d_720-GW240109_050431-combined_PEDataRelease.hdf5,GWTC-4,BBH,C00:IMRPhenomXPHM-SpinTaylor,5.25834,0.0862,1,-0.07599,15285
