event_file,catalog,waveform_key,median_n,in_bbh_band,n_samples,e_chi2_eff,med_chi_eff,e_chi2_final,med_chi_final,e_chi_orb2_direct,e_chi_orb2_healy,chi_orb_healy,e_a1_sq,e_a2_sq,e_kerr_ratio_eff,e_kerr_ratio_final,med_eta,med_q,med_chirp_mass,med_chip,gb_event_pop_beta
6513631/IGWN-GWTC2p1-v2-GW150914_095045_PEDataRelease_mixed_nocosmo.h5,GWTC-2.1,C01:IMRPhenomXPHM,5.34051,1,199766,0.010817,-0.05474,0.467205,0.6827,0.456388,0.472777,0.68759,0.282492,0.258001,1.99453,1.72932,0.24825,0.84545,27.725,0.51048,0.92363
6513631/IGWN-GWTC2p1-v2-GW151012_095443_PEDataRelease_mixed_nocosmo.h5,GWTC-2.1,C01:IMRPhenomXPHM,5.29529,1,137933,0.042728,0.11781,0.489495,0.69369,0.446766,0.411393,0.6414,0.249121,0.29675,1.97775,1.71007,0.22909,0.55133,15.513,0.35923,0.98746
6513631/IGWN-GWTC2p1-v2-GW151226_033853_PEDataRelease_mixed_nocosmo.h5,GWTC-2.1,C01:IMRPhenomXPHM,5.33179,1,188541,0.062672,0.20309,0.590768,0.75345,0.528096,0.400482,0.63284,0.416299,0.292802,1.9676,1.63628,0.22555,0.52353,8.838,0.522,1.02734
6513631/IGWN-GWTC2p1-v2-GW170104_101158_PEDataRelease_mixed_nocosmo.h5,GWTC-2.1,C01:IMRPhenomXPHM,5.31072,1,169007,0.012855,-0.03911,0.445784,0.6692,0.432929,0.454491,0.67416,0.223678,0.261239,1.99347,1.74332,0.24267,0.70758,21.033,0.41119,0.92771
6513631/IGWN-GWTC2p1-v2-GW170608_020116_PEDataRelease_mixed_nocosmo.h5,GWTC-2.1,C01:IMRPhenomXPHM,5.3509,1,285112,0.008835,0.0436,0.488128,0.69554,0.479293,0.455365,0.67481,0.19527,0.227572,1.99552,1.71499,0.24294,0.71221,7.927,0.36138,0.91967
6513631/IGWN-GWTC2p1-v2-GW170729_185629_PEDataRelease_mixed_nocosmo.h5,GWTC-2.1,C01:IMRPhenomXPHM,5.44022,1,173308,0.108822,0.30642,0.604562,0.79724,0.49574,0.422994,0.65038,0.439227,0.320617,1.94281,1.62113,0.23281,0.58447,34.029,0.42656,1.11964
6513631/IGWN-GWTC2p1-v2-GW170809_082821_PEDataRelease_mixed_nocosmo.h5,GWTC-2.1,C01:IMRPhenomXPHM,5.36348,1,177783,0.01805,0.08327,0.513843,0.71562,0.495793,0.454421,0.67411,0.275733,0.277046,1.99086,1.69542,0.24265,0.70721,24.682,0.45167,0.9381
6513631/IGWN-GWTC2p1-v2-GW170814_103043_PEDataRelease_mixed_nocosmo.h5,GWTC-2.1,C01:IMRPhenomXPHM,5.37934,1,197034,0.009331,0.06135,0.508594,0.70946,0.499263,0.469251,0.68502,0.208451,0.267158,1.9953,1.70007,0.24718,0.80795,23.875,0.40284,0.92066
6513631/IGWN-GWTC2p1-v2-GW170818_022509_PEDataRelease_mixed_nocosmo.h5,GWTC-2.1,C01:IMRPhenomXPHM,5.33763,1,160046,0.016159,-0.03465,0.485717,0.69529,0.469558,0.46819,0.68424,0.360838,0.341828,1.99179,1.71551,0.24686,0.79837,26.716,0.58979,0.93432
6513631/IGWN-GWTC2p1-v2-GW170823_131358_PEDataRelease_mixed_nocosmo.h5,GWTC-2.1,C01:IMRPhenomXPHM,5.36976,1,136399,0.020924,0.06507,0.515321,0.71803,0.494397,0.464186,0.68131,0.327327,0.300712,1.98937,1.69389,0.24564,0.76667,28.222,0.51768,0.94385
6513631/IGWN-GWTC2p1-v2-GW190403_051519_PEDataRelease_mixed_nocosmo.h5,GWTC-2.1,C01:IMRPhenomXPHM,5.40018,1,178895,0.467162,0.69593,0.824825,0.91976,0.357663,0.244999,0.49497,0.801235,0.415263,1.71939,1.40637,0.16962,0.27631,33.146,0.35847,1.83632
6513631/IGWN-GWTC2p1-v2-GW190408_181802_PEDataRelease_mixed_nocosmo.h5,GWTC-2.1,C01:IMRPhenomXPHM,5.32146,1,127008,0.010262,-0.02912,0.447736,0.66965,0.437474,0.459367,0.67777,0.178136,0.248297,1.99478,1.74216,0.24417,0.73497,18.329,0.35628,0.92252
6513631/IGWN-GWTC2p1-v2-GW190412_053044_PEDataRelease_mixed_nocosmo.h5,GWTC-2.1,C01:IMRPhenomXPHM,5.02076,1,264789,0.065333,0.24789,0.433589,0.6573,0.368256,0.249252,0.49925,0.138309,0.337172,1.96665,1.75223,0.17132,0.28123,13.326,0.20143,1.03267
6513631/IGWN-GWTC2p1-v2-GW190413_052954_PEDataRelease_mixed_nocosmo.h5,GWTC-2.1,C01:IMRPhenomXPHM,5.32943,1,144722,0.030345,-0.00355,0.471245,0.68499,0.4409,0.459743,0.67804,0.275438,0.296052,1.98439,1.72432,0.24428,0.73725,24.153,0.43979,0.96269
6513631/IGWN-GWTC2p1-v2-GW190413_134308_PEDataRelease_mixed_nocosmo.h5,GWTC-2.1,C01:IMRPhenomXPHM,5.31107,1,155335,0.035307,0.02107,0.479127,0.69349,0.44382,0.442921,0.66552,0.364658,0.319335,1.98175,1.71777,0.23908,0.65431,32.703,0.51729,0.97261
6513631/IGWN-GWTC2p1-v2-GW190421_213856_PEDataRelease_mixed_nocosmo.h5,GWTC-2.1,C01:IMRPhenomXPHM,5.31039,1,147856,0.0307,-0.08395,0.438381,0.66439,0.407681,0.466255,0.68283,0.276842,0.300475,1.98417,1.74752,0.24627,0.78228,30.576,0.45301,0.9634
6513631/IGWN-GWTC2p1-v2-GW190426_190642_PEDataRelease_mixed_nocosmo.h5,GWTC-2.1,C01:IMRPhenomXPHM,5.44931,1,155608,0.146959,0.29754,0.631739,0.79785,0.48478,0.459914,0.67817,0.504028,0.382936,1.91905,1.59611,0.24433,0.7383,71.665,0.51509,1.19592
6513631/IGWN-GWTC2p1-v2-GW190503_185404_PEDataRelease_mixed_nocosmo.h5,GWTC-2.1,C01:IMRPhenomXPHM,5.29839,1,166116,0.027768,-0.04251,0.433047,0.66461,0.405279,0.449115,0.67016,0.267081,0.290061,1.98569,1.75052,0.24101,0.68117,29.141,0.42429,0.95754
6513631/IGWN-GWTC2p1-v2-GW190512_180714_PEDataRelease_mixed_nocosmo.h5,GWTC-2.1,C01:IMRPhenomXPHM,5.238,1,181271,0.008914,0.02944,0.428129,0.65265,0.419215,0.396606,0.62977,0.144102,0.29436,1.99551,1.75517,0.22428,0.5143,14.411,0.29074,0.91983
6513631/IGWN-GWTC2p1-v2-GW190513_205428_PEDataRelease_mixed_nocosmo.h5,GWTC-2.1,C01:IMRPhenomXPHM,5.28214,1,180002,0.046268,0.15022,0.506914,0.71222,0.460646,0.383532,0.6193,0.264517,0.300344,1.97612,1.69742,0.21996,0.48519,21.399,0.35526,0.99454
6513631/IGWN-GWTC2p1-v2-GW190514_065416_PEDataRelease_mixed_nocosmo.h5,GWTC-2.1,C01:IMRPhenomXPHM,5.29992,1,123633,0.040365,-0.06762,0.440257,0.66435,0.399892,0.459965,0.67821,0.301597,0.310713,1.97902,1.74517,0.24435,0.73862,27.745,0.45364,0.98273
6513631/IGWN-GWTC2p1-v2-GW190517_055101_PEDataRelease_mixed_nocosmo.h5,GWTC-2.1,C01:IMRPhenomXPHM,5.55257,1,161299,0.231549,0.47323,0.75361,0.87245,0.522061,0.426027,0.65271,0.780755,0.427033,1.87351,1.49269,0.23377,0.59388,25.718,0.58611,1.3651
6513631/IGWN-GWTC2p1-v2-GW190519_153544_PEDataRelease_mixed_nocosmo.h5,GWTC-2.1,C01:IMRPhenomXPHM,5.45327,1,150207,0.124647,0.33665,0.628022,0.79705,0.503376,0.436291,0.66052,0.424748,0.427877,1.93452,1.60559,0.23701,0.62873,41.824,0.48244,1.15129
6513631/IGWN-GWTC2p1-v2-GW190521_030229_PEDataRelease_mixed_nocosmo.h5,GWTC-2.1,C01:IMRPhenomXPHM,5.306,1,148527,0.074626,0.00147,0.44551,0.6753,0.370884,0.441841,0.66471,0.383088,0.34616,1.96042,1.73779,0.23875,0.64994,62.472,0.46499,1.05125
6513631/IGWN-GWTC2p1-v2-GW190521_074359_PEDataRelease_mixed_nocosmo.h5,GWTC-2.1,C01:IMRPhenomXPHM,5.3748,1,210737,0.010491,0.07258,0.492773,0.70105,0.482282,0.463205,0.68059,0.123036,0.220452,1.99471,1.71149,0.24534,0.75974,32.906,0.29755,0.92298
6513631/IGWN-GWTC2p1-v2-GW190527_092055_PEDataRelease_mixed_nocosmo.h5,GWTC-2.1,C01:IMRPhenomXPHM,5.34275,1,141653,0.049587,0.12064,0.517584,0.72347,0.467996,0.433885,0.6587,0.344313,0.325153,1.97416,1.68755,0.23625,0.6201,23.988,0.46518,1.00117
6513631/IGWN-GWTC2p1-v2-GW190602_175927_PEDataRelease_mixed_nocosmo.h5,GWTC-2.1,C01:IMRPhenomXPHM,5.36732,1,155451,0.046621,0.15214,0.531809,0.73455,0.485187,0.443033,0.66561,0.33034,0.346651,1.97599,1.67959,0.23912,0.65477,47.265,0.46587,0.99524
6513631/IGWN-GWTC2p1-v2-GW190620_030421_PEDataRelease_mixed_nocosmo.h5,GWTC-2.1,C01:IMRPhenomXPHM,5.43967,1,152410,0.124806,0.33267,0.63483,0.80682,0.510024,0.420879,0.64875,0.51596,0.368236,1.93428,1.59902,0.23213,0.5781,36.247,0.52583,1.15161
6513631/IGWN-GWTC2p1-v2-GW190630_185205_PEDataRelease_mixed_nocosmo.h5,GWTC-2.1,C01:IMRPhenomXPHM,5.36557,1,171387,0.016694,0.09412,0.490106,0.70167,0.473412,0.454377,0.67408,0.121396,0.250214,1.99157,1.71295,0.24263,0.70698,24.868,0.29888,0.93539
6513631/IGWN-GWTC2p1-v2-GW190701_203306_PEDataRelease_mixed_nocosmo.h5,GWTC-2.1,C01:IMRPhenomXPHM,5.30224,1,160160,0.03498,-0.08496,0.433832,0.66178,0.398851,0.46353,0.68083,0.290709,0.304827,1.98187,1.75039,0.24544,0.762,39.779,0.45865,0.97196
6513631/IGWN-GWTC2p1-v2-GW190706_222641_PEDataRelease_mixed_nocosmo.h5,GWTC-2.1,C01:IMRPhenomXPHM,5.40953,1,159868,0.123149,0.322,0.639656,0.81215,0.516507,0.407478,0.63834,0.554026,0.368429,1.93482,1.59324,0.22782,0.54102,43.489,0.57738,1.1483
6513631/IGWN-GWTC2p1-v2-GW190707_093326_PEDataRelease_mixed_nocosmo.h5,GWTC-2.1,C01:IMRPhenomXPHM,5.31066,1,367463,0.006969,-0.06341,0.434625,0.65882,0.427656,0.45748,0.67637,0.126205,0.256294,1.99648,1.75167,0.24359,0.7239,8.45,0.32539,0.91594
6513631/IGWN-GWTC2p1-v2-GW190708_232457_PEDataRelease_mixed_nocosmo.h5,GWTC-2.1,C01:IMRPhenomXPHM,5.34133,1,94772,0.00467,0.01964,0.470729,0.68511,0.466059,0.458179,0.67689,0.163382,0.224476,1.99765,1.72706,0.2438,0.72793,12.988,0.33256,0.91134
6513631/IGWN-GWTC2p1-v2-GW190719_215514_PEDataRelease_mixed_nocosmo.h5,GWTC-2.1,C01:IMRPhenomXPHM,5.39785,1,153538,0.135769,0.30411,0.615018,0.78804,0.479249,0.415232,0.64438,0.452652,0.354333,1.92602,1.60972,0.23032,0.56183,22.296,0.45696,1.17354
6513631/IGWN-GWTC2p1-v2-GW190720_000836_PEDataRelease_mixed_nocosmo.h5,GWTC-2.1,C01:IMRPhenomXPHM,5.32849,1,131644,0.042276,0.17495,0.522157,0.71897,0.479881,0.412013,0.64188,0.21893,0.312568,1.97843,1.69026,0.22929,0.553,8.95,0.35239,0.98655
6513631/IGWN-GWTC2p1-v2-GW190725_174728_PEDataRelease_mixed_nocosmo.h5,GWTC-2.1,C01:IMRPhenomXPHM,5.22206,1,170198,0.02879,-0.03561,0.423695,0.64622,0.394905,0.402816,0.63468,0.222706,0.322639,1.98488,1.75761,0.22631,0.52924,7.383,0.36546,0.95958
6513631/IGWN-GWTC2p1-v2-GW190727_060333_PEDataRelease_mixed_nocosmo.h5,GWTC-2.1,C01:IMRPhenomXPHM,5.38788,1,162922,0.031165,0.09895,0.538094,0.73325,0.506929,0.466994,0.68337,0.362999,0.315135,1.98405,1.67667,0.24649,0.78823,28.975,0.54264,0.96433
6513631/IGWN-GWTC2p1-v2-GW190728_064510_PEDataRelease_mixed_nocosmo.h5,GWTC-2.1,C01:IMRPhenomXPHM,5.34415,1,20000,0.043949,0.13951,0.51755,0.71522,0.473601,0.429346,0.65525,0.200991,0.281467,1.97696,1.69373,0.23482,0.60462,8.593,0.32929,0.9899
6513631/IGWN-GWTC2p1-v2-GW190731_140936_PEDataRelease_mixed_nocosmo.h5,GWTC-2.1,C01:IMRPhenomXPHM,5.36527,1,126255,0.028646,0.07869,0.501453,0.71025,0.472807,0.458391,0.67705,0.253089,0.29506,1.98535,1.70282,0.24387,0.72917,28.049,0.41295,0.95929
6513631/IGWN-GWTC2p1-v2-GW190803_022701_PEDataRelease_mixed_nocosmo.h5,GWTC-2.1,C01:IMRPhenomXPHM,5.34082,1,101656,0.022124,0.00276,0.474738,0.68949,0.452614,0.462967,0.68042,0.269742,0.28846,1.98868,1.7224,0.24527,0.7581,27.02,0.44743,0.94625
6513631/IGWN-GWTC2p1-v2-GW190805_211137_PEDataRelease_mixed_nocosmo.h5,GWTC-2.1,C01:IMRPhenomXPHM,5.52385,1,169040,0.200611,0.42437,0.69559,0.84353,0.494979,0.45131,0.6718,0.609533,0.419264,1.89016,1.54443,0.24169,0.69155,29.667,0.52677,1.30322
6513631/IGWN-GWTC2p1-v2-GW190814_211039_PEDataRelease_mixed_nocosmo.h5,GWTC-2.1,C01:IMRPhenomXPHM,4.18876,0,89500,0.00269,0.0038,0.080173,0.28261,0.077482,0.079727,0.28236,0.003647,0.310277,1.99864,1.95906,0.09004,0.11118,6.107,0.04043,0.90738
6513631/IGWN-GWTC2p1-v2-GW190828_063405_PEDataRelease_mixed_nocosmo.h5,GWTC-2.1,C01:IMRPhenomXPHM,5.42545,1,128000,0.033864,0.16038,0.556273,0.74489,0.522409,0.47046,0.6859,0.288369,0.266302,1.98279,1.66455,0.24755,0.8197,24.344,0.44428,0.96973
6513631/IGWN-GWTC2p1-v2-GW190828_065509_PEDataRelease_mixed_nocosmo.h5,GWTC-2.1,C01:IMRPhenomXPHM,5.17838,1,181548,0.013618,0.05534,0.414053,0.64144,0.400435,0.361535,0.60128,0.136243,0.289272,1.9931,1.76439,0.21255,0.44192,13.233,0.26665,0.92924
6513631/IGWN-GWTC2p1-v2-GW190910_112807_PEDataRelease_mixed_nocosmo.h5,GWTC-2.1,C01:IMRPhenomXPHM,5.35009,1,159609,0.012072,-0.00538,0.475529,0.68861,0.463457,0.466824,0.68324,0.221414,0.247286,1.99388,1.72284,0.24644,0.78684,32.205,0.39871,0.92614
6513631/IGWN-GWTC2p1-v2-GW190915_235702_PEDataRelease_mixed_nocosmo.h5,GWTC-2.1,C01:IMRPhenomXPHM,5.33251,1,144305,0.016589,-0.0297,0.479497,0.69165,0.462908,0.464834,0.68179,0.340418,0.318492,1.99156,1.71983,0.24584,0.7714,23.967,0.56152,0.93518
6513631/IGWN-GWTC2p1-v2-GW190916_200658_PEDataRelease_mixed_nocosmo.h5,GWTC-2.1,C01:IMRPhenomXPHM,5.40277,1,107199,0.109443,0.27255,0.579273,0.772,0.469829,0.425939,0.65264,0.386796,0.351179,1.94166,1.63945,0.23374,0.59361,26.59,0.42147,1.12089
6513631/IGWN-GWTC2p1-v2-GW190917_114630_PEDataRelease_mixed_nocosmo.h5,GWTC-2.1,C01:IMRPhenomXPHM,4.66025,0,20000,0.053231,-0.07453,0.188775,0.41656,0.135544,0.18311,0.42791,0.164719,0.318419,1.97195,1.89992,0.1435,0.21014,3.658,0.17305,1.00846
6513631/IGWN-GWTC2p1-v2-GW190924_021846_PEDataRelease_mixed_nocosmo.h5,GWTC-2.1,C01:IMRPhenomXPHM,5.24254,1,46372,0.019593,0.04632,0.446574,0.66463,0.426981,0.394304,0.62794,0.156192,0.263516,1.98987,1.74313,0.22352,0.50895,5.773,0.28805,0.94119
6513631/IGWN-GWTC2p1-v2-GW190925_232845_PEDataRelease_mixed_nocosmo.h5,GWTC-2.1,C01:IMRPhenomXPHM,5.36467,1,164960,0.01882,0.08292,0.505292,0.70731,0.486473,0.460423,0.67854,0.208248,0.27142,1.99039,1.70197,0.24449,0.74145,15.597,0.3775,0.93964
6513631/IGWN-GWTC2p1-v2-GW190926_050336_PEDataRelease_mixed_nocosmo.h5,GWTC-2.1,C01:IMRPhenomXPHM,5.26148,1,157760,0.032551,-0.00762,0.438029,0.66436,0.405478,0.421464,0.6492,0.289354,0.318863,1.98315,1.74514,0.23232,0.57984,23.891,0.42374,0.9671
6513631/IGWN-GWTC2p1-v2-GW190929_012149_PEDataRelease_mixed_nocosmo.h5,GWTC-2.1,C01:IMRPhenomXPHM,5.14432,1,153782,0.024737,-0.02032,0.384401,0.61911,0.359664,0.359277,0.5994,0.219981,0.311784,1.98729,1.78015,0.21178,0.43781,34.803,0.32758,0.95147
6513631/IGWN-GWTC2p1-v2-GW190930_133541_PEDataRelease_mixed_nocosmo.h5,GWTC-2.1,C01:IMRPhenomXPHM,5.34801,1,137344,0.048,0.14869,0.524771,0.72068,0.47677,0.435221,0.65971,0.235326,0.30325,1.97498,1.68771,0.23667,0.62485,8.476,0.35994,0.998
8177023/IGWN-GWTC3p0-v2-GW191103_012549_PEDataRelease_mixed_nocosmo.h5,GWTC-3,C01:IMRPhenomXPHM,5.39454,1,167837,0.061875,0.21747,0.567158,0.74829,0.505283,0.440699,0.66385,0.301231,0.347445,1.96815,1.65641,0.23839,0.64542,8.256,0.42701,1.02575
8177023/IGWN-GWTC3p0-v2-GW191105_143521_PEDataRelease_mixed_nocosmo.h5,GWTC-3,C01:IMRPhenomXPHM,5.3138,1,142741,0.006971,-0.01765,0.447576,0.66813,0.440605,0.451108,0.67165,0.156942,0.245788,1.99647,1.74266,0.24162,0.69057,7.757,0.31786,0.91594
8177023/IGWN-GWTC3p0-v2-GW191109_010717_PEDataRelease_mixed_nocosmo.h5,GWTC-3,C01:IMRPhenomXPHM,5.22473,1,270070,0.136135,-0.29381,0.365095,0.59728,0.22896,0.459867,0.67814,0.573394,0.477758,1.92639,1.79127,0.24432,0.73801,46.3,0.54853,1.17427
8177023/IGWN-GWTC3p0-v2-GW191113_071753_PEDataRelease_mixed_nocosmo.h5,GWTC-3,C01:IMRPhenomXPHM,4.64229,0,129899,0.032271,0.01005,0.270703,0.44037,0.238432,0.172252,0.41503,0.138958,0.317336,1.98299,1.84749,0.13858,0.19933,10.57,0.18475,0.96654
8177023/IGWN-GWTC3p0-v2-GW191126_115259_PEDataRelease_mixed_nocosmo.h5,GWTC-3,C01:IMRPhenomXPHM,5.40293,1,158918,0.054525,0.21218,0.563176,0.74771,0.508651,0.448138,0.66943,0.277195,0.321106,1.9721,1.65968,0.24071,0.6767,8.502,0.40837,1.01105
8177023/IGWN-GWTC3p0-v2-GW191127_050227_PEDataRelease_mixed_nocosmo.h5,GWTC-3,C01:IMRPhenomXPHM,5.30971,1,185048,0.104756,0.25876,0.591739,0.78325,0.486983,0.376128,0.61329,0.491421,0.359314,1.94421,1.62753,0.21749,0.46992,31.201,0.52802,1.11151
8177023/IGWN-GWTC3p0-v2-GW191129_134029_PEDataRelease_mixed_nocosmo.h5,GWTC-3,C01:IMRPhenomXPHM,5.30884,1,135743,0.013057,0.06575,0.463611,0.68178,0.450555,0.426754,0.65326,0.119576,0.255118,1.9934,1.73197,0.234,0.5962,7.295,0.27584,0.92811
8177023/IGWN-GWTC3p0-v2-GW191204_110529_PEDataRelease_mixed_nocosmo.h5,GWTC-3,C01:IMRPhenomXPHM,5.34086,1,155223,0.02794,0.04441,0.49583,0.69961,0.46789,0.456817,0.67588,0.284523,0.310758,1.98535,1.70642,0.24338,0.72016,18.724,0.45049,0.95788
8177023/IGWN-GWTC3p0-v2-GW191204_171526_PEDataRelease_mixed_nocosmo.h5,GWTC-3,C01:IMRPhenomXPHM,5.38686,1,206292,0.029363,0.15941,0.542069,0.73435,0.512706,0.443804,0.66619,0.273729,0.255908,1.98518,1.67622,0.23936,0.65795,8.555,0.43639,0.96073
8177023/IGWN-GWTC3p0-v2-GW191215_223052_PEDataRelease_mixed_nocosmo.h5,GWTC-3,C01:IMRPhenomXPHM,5.31361,1,20000,0.015937,-0.0423,0.461245,0.67806,0.445308,0.460155,0.67835,0.289705,0.313786,1.99191,1.73292,0.24441,0.73979,18.013,0.50253,0.93387
8177023/IGWN-GWTC3p0-v2-GW191216_213338_PEDataRelease_mixed_nocosmo.h5,GWTC-3,C01:IMRPhenomXPHM,5.3247,1,315108,0.028509,0.11733,0.490351,0.70053,0.461842,0.421782,0.64945,0.12984,0.279367,1.98526,1.71349,0.23242,0.5808,8.328,0.25773,0.95902
8177023/IGWN-GWTC3p0-v2-GW191219_163120_PEDataRelease_mixed_nocosmo.h5,GWTC-3,C01:IMRPhenomXPHM:HighSpin,3.27267,0,20000,0.002319,0.005,0.025852,0.15709,0.023533,0.013094,0.11443,0.014842,0.315368,1.99883,1.98691,0.03438,0.03697,4.326,0.10453,0.90664
8177023/IGWN-GWTC3p0-v2-GW191222_033537_PEDataRelease_mixed_nocosmo.h5,GWTC-3,C01:IMRPhenomXPHM,5.3257,1,135537,0.020083,-0.03986,0.448989,0.67286,0.428907,0.465347,0.68216,0.227708,0.269083,1.98974,1.74067,0.24599,0.77525,32.622,0.40375,0.94217
8177023/IGWN-GWTC3p0-v2-GW191230_180458_PEDataRelease_mixed_nocosmo.h5,GWTC-3,C01:IMRPhenomXPHM,5.32517,1,139585,0.031227,-0.03895,0.473274,0.68552,0.442047,0.465288,0.68212,0.346193,0.32702,1.98382,1.7226,0.24597,0.7748,35.123,0.52674,0.96445
8177023/IGWN-GWTC3p0-v2-GW200105_162426_PEDataRelease_mixed_nocosmo.h5,GWTC-3,C01:IMRPhenomXPHM,4.68829,0,20000,0.016364,0.00069,0.200804,0.43979,0.184441,0.183591,0.42847,0.047885,0.310805,1.99155,1.89376,0.14371,0.21063,3.417,0.11532,0.93473
8177023/IGWN-GWTC3p0-v2-GW200112_155838_PEDataRelease_mixed_nocosmo.h5,GWTC-3,C01:IMRPhenomXPHM,5.3634,1,157304,0.010248,0.04814,0.487585,0.69834,0.477338,0.463149,0.68055,0.168408,0.239334,1.99484,1.71488,0.24532,0.75936,26.902,0.35473,0.9225
8177023/IGWN-GWTC3p0-v2-GW200115_042309_PEDataRelease_mixed_nocosmo.h5,GWTC-3,C01:IMRPhenomXPHM:HighSpin,4.74169,0,20000,0.074494,-0.16874,0.194655,0.4302,0.120161,0.221512,0.47065,0.228787,0.333441,1.96059,1.89698,0.16005,0.25013,2.427,0.26403,1.05099
8177023/IGWN-GWTC3p0-v2-GW200128_022011_PEDataRelease_mixed_nocosmo.h5,GWTC-3,C01:IMRPhenomXPHM,5.3861,1,150506,0.026578,0.0915,0.536446,0.73223,0.509868,0.466871,0.68328,0.353972,0.318512,1.98645,1.67817,0.24646,0.78723,29.97,0.53883,0.95516
8177023/IGWN-GWTC3p0-v2-GW200129_065458_PEDataRelease_mixed_nocosmo.h5,GWTC-3,C01:IMRPhenomXPHM,5.38486,1,148072,0.019607,0.10956,0.559584,0.74752,0.539977,0.456182,0.67541,0.577613,0.395153,1.99009,1.66231,0.24319,0.71665,26.668,0.76399,0.94121
8177023/IGWN-GWTC3p0-v2-GW200202_154313_PEDataRelease_mixed_nocosmo.h5,GWTC-3,C01:IMRPhenomXPHM,5.34602,1,170115,0.008126,0.03626,0.473157,0.68756,0.465031,0.455284,0.67475,0.132858,0.236785,1.99586,1.72548,0.24291,0.71178,7.477,0.29687,0.91825
8177023/IGWN-GWTC3p0-v2-GW200208_130117_PEDataRelease_mixed_nocosmo.h5,GWTC-3,C01:IMRPhenomXPHM,5.30511,1,104414,0.028217,-0.06466,0.430902,0.66129,0.402685,0.459288,0.67771,0.240174,0.278156,1.98546,1.75245,0.24414,0.73449,27.382,0.39864,0.95843
8177023/IGWN-GWTC3p0-v2-GW200208_222617_PEDataRelease_mixed_nocosmo.h5,GWTC-3,C01:IMRPhenomXPHM,5.04559,1,209178,0.409085,0.66692,0.792466,0.92768,0.383382,0.130865,0.36175,0.758984,0.342923,1.75246,1.4217,0.11862,0.15946,23.877,0.42759,1.72017
8177023/IGWN-GWTC3p0-v2-GW200209_085452_PEDataRelease_mixed_nocosmo.h5,GWTC-3,C01:IMRPhenomXPHM,5.30377,1,161419,0.04166,-0.10655,0.445706,0.66791,0.404046,0.467188,0.68351,0.364373,0.341625,1.97831,1.74229,0.24655,0.78983,25.802,0.54396,0.98532
8177023/IGWN-GWTC3p0-v2-GW200210_092254_PEDataRelease_mixed_nocosmo.h5,GWTC-3,C01:IMRPhenomXPHM,4.22785,0,141688,0.024277,0.03108,0.140983,0.36018,0.116706,0.083597,0.28913,0.07655,0.323103,1.98757,1.9263,0.09243,0.11488,6.525,0.17356,0.95055
8177023/IGWN-GWTC3p0-v2-GW200216_220804_PEDataRelease_mixed_nocosmo.h5,GWTC-3,C01:IMRPhenomXPHM,5.34859,1,145692,0.055521,0.12547,0.516545,0.72344,0.461025,0.442864,0.66548,0.341135,0.33486,1.97107,1.68848,0.23907,0.65408,32.489,0.45885,1.01304
8177023/IGWN-GWTC3p0-v2-GW200219_094415_PEDataRelease_mixed_nocosmo.h5,GWTC-3,C01:IMRPhenomXPHM,5.30588,1,154656,0.031461,-0.0841,0.435447,0.66248,0.403987,0.464276,0.68138,0.287268,0.31046,1.98376,1.74947,0.24567,0.76732,26.801,0.45771,0.96492
8177023/IGWN-GWTC3p0-v2-GW200220_061928_PEDataRelease_mixed_nocosmo.h5,GWTC-3,C01:IMRPhenomXPHM,5.35991,1,123819,0.060295,0.08048,0.523846,0.71892,0.463551,0.45961,0.67795,0.365878,0.333255,1.96818,1.68352,0.24424,0.73644,54.98,0.49177,1.02259
8177023/IGWN-GWTC3p0-v2-GW200220_124850_PEDataRelease_mixed_nocosmo.h5,GWTC-3,C01:IMRPhenomXPHM,5.31584,1,96667,0.034344,-0.05354,0.458309,0.67629,0.423965,0.463254,0.68063,0.326423,0.317574,1.98223,1.73307,0.24535,0.76008,26.478,0.49327,0.97069
8177023/IGWN-GWTC3p0-v2-GW200224_222234_PEDataRelease_mixed_nocosmo.h5,GWTC-3,C01:IMRPhenomXPHM,5.39961,1,216261,0.018346,0.10325,0.539297,0.73462,0.52095,0.46881,0.6847,0.322717,0.288461,1.99073,1.6773,0.24705,0.8039,30.753,0.51465,0.93869
8177023/IGWN-GWTC3p0-v2-GW200225_060421_PEDataRelease_mixed_nocosmo.h5,GWTC-3,C01:IMRPhenomXPHM,5.2858,1,195767,0.039429,-0.12709,0.423274,0.6593,0.383845,0.459093,0.67756,0.397229,0.308931,1.97967,1.75759,0.24408,0.73332,14.172,0.55826,0.98086
8177023/IGWN-GWTC3p0-v2-GW200302_015811_PEDataRelease_mixed_nocosmo.h5,GWTC-3,C01:IMRPhenomXPHM,5.22511,1,104245,0.023058,0.0131,0.427015,0.65274,0.403957,0.393452,0.62726,0.231978,0.303302,1.98813,1.75325,0.22324,0.507,22.82,0.36308,0.94812
8177023/IGWN-GWTC3p0-v2-GW200306_093714_PEDataRelease_mixed_nocosmo.h5,GWTC-3,C01:IMRPhenomXPHM,5.421,1,116436,0.144436,0.35688,0.606722,0.8038,0.462286,0.41419,0.64358,0.45378,0.354014,1.92243,1.61614,0.22999,0.55894,17.249,0.43971,1.19087
8177023/IGWN-GWTC3p0-v2-GW200308_173609_PEDataRelease_mixed_nocosmo.h5,GWTC-3,C01:IMRPhenomXPHM,5.17086,1,132606,0.102287,0.0576,0.455337,0.67393,0.35305,0.332412,0.57655,0.389939,0.333745,1.94318,1.72028,0.20243,0.39257,37.688,0.42156,1.10657
8177023/IGWN-GWTC3p0-v2-GW200311_115853_PEDataRelease_mixed_nocosmo.h5,GWTC-3,C01:IMRPhenomXPHM,5.33905,1,202628,0.013087,-0.03254,0.469952,0.68467,0.456865,0.467976,0.68409,0.259858,0.281565,1.99336,1.72672,0.24679,0.7965,26.27,0.47223,0.92817
8177023/IGWN-GWTC3p0-v2-GW200316_215756_PEDataRelease_mixed_nocosmo.h5,GWTC-3,C01:IMRPhenomXPHM,5.29347,1,134403,0.048189,0.14885,0.497036,0.70294,0.448846,0.400061,0.6325,0.173665,0.309329,1.97506,1.70848,0.22541,0.52251,8.748,0.29567,0.99838
8177023/IGWN-GWTC3p0-v2-GW200322_091133_PEDataRelease_mixed_nocosmo.h5,GWTC-3,C01:IMRPhenomXPHM,4.63211,0,137340,0.102115,0.03725,0.39698,0.63079,0.294865,0.158366,0.39795,0.369797,0.336678,1.94333,1.75723,0.13211,0.18575,25.278,0.40971,1.10623
IGWN-GWTC4p0-0f954158d_720-GW230518_125908-combined_PEDataRelease.hdf5,UNKNOWN,C00:IMRPhenomXPHM-SpinTaylor,4.55241,0,11711,0.004319,-0.01241,0.149779,0.38523,0.14546,0.148935,0.38592,0.010663,0.298203,1.99783,1.92204,0.1276,0.17666,2.799,0.07242,0.91064
IGWN-GWTC4p0-0f954158d_720-GW230529_181500-combined_PEDataRelease.hdf5,UNKNOWN,C00:IMRPhenomXPHM:HighSpin,5.06675,1,5489,0.022446,-0.11246,0.342127,0.58201,0.31968,0.342933,0.5856,0.270261,0.282564,1.98864,1.81048,0.20613,0.40954,1.939,0.4151,0.94689
IGWN-GWTC4p0-0f954158d_720-GW230601_224134-combined_PEDataRelease.hdf5,UNKNOWN,C00:IMRPhenomXPHM-SpinTaylor,5.30293,1,14438,0.029146,-0.02015,0.458412,0.67017,0.429265,0.448109,0.66941,0.28537,0.295276,1.98504,1.73241,0.2407,0.67657,45.732,0.43172,0.96029
IGWN-GWTC4p0-0f954158d_720-GW230605_065343-combined_PEDataRelease.hdf5,UNKNOWN,C00:IMRPhenomXPHM-SpinTaylor,5.3287,1,15769,0.012117,0.06829,0.472873,0.68666,0.460756,0.439457,0.66292,0.131768,0.274241,1.99388,1.72546,0.238,0.64059,12.009,0.2892,0.92623
IGWN-GWTC4p0-0f954158d_720-GW230606_004305-combined_PEDataRelease.hdf5,UNKNOWN,C00:IMRPhenomXPHM-SpinTaylor,5.2668,1,13904,0.047134,-0.13613,0.399286,0.63598,0.352152,0.455439,0.67486,0.293015,0.313739,1.97552,1.77296,0.24296,0.71261,26.327,0.42368,0.99627
IGWN-GWTC4p0-0f954158d_720-GW230608_205047-combined_PEDataRelease.hdf5,UNKNOWN,C00:IMRPhenomXPHM-SpinTaylor,5.32344,1,13528,0.025179,0.04976,0.479782,0.6953,0.454603,0.438053,0.66186,0.28177,0.309327,1.98714,1.71747,0.23756,0.63526,32.748,0.43284,0.95236
IGWN-GWTC4p0-0f954158d_720-GW230609_064958-combined_PEDataRelease.hdf5,UNKNOWN,C00:IMRPhenomXPHM-SpinTaylor,5.27794,1,13019,0.04407,-0.14268,0.403498,0.64021,0.359428,0.459151,0.67761,0.290591,0.310766,1.97721,1.77048,0.2441,0.73367,25.398,0.43134,0.99014
IGWN-GWTC4p0-0f954158d_720-GW230624_113103-combined_PEDataRelease.hdf5,UNKNOWN,C00:IMRPhenomXPHM-SpinTaylor,5.34441,1,15846,0.040467,0.13669,0.50959,0.70887,0.469123,0.43533,0.6598,0.197126,0.311167,1.97915,1.69715,0.23671,0.62524,17.896,0.32539,0.98293
IGWN-GWTC4p0-0f954158d_720-GW230627_015337-combined_PEDataRelease.hdf5,UNKNOWN,C00:IMRPhenomXPHM-SpinTaylor,5.33628,1,9688,0.00246,0.02096,0.45527,0.67722,0.45281,0.451079,0.67162,0.042748,0.124502,1.99877,1.73795,0.24162,0.69043,6.015,0.17776,0.90692
IGWN-GWTC4p0-0f954158d_720-GW230628_231200-combined_PEDataRelease.hdf5,UNKNOWN,C00:IMRPhenomXPHM-SpinTaylor,5.36124,1,15446,0.008476,-0.00228,0.5013,0.70189,0.492824,0.472869,0.68766,0.306665,0.30278,1.99573,1.7047,0.24827,0.84659,25.523,0.54062,0.91895
IGWN-GWTC4p0-0f954158d_720-GW230630_125806-combined_PEDataRelease.hdf5,UNKNOWN,C00:IMRPhenomXPHM-SpinTaylor,5.39305,1,16819,0.074721,0.20262,0.575474,0.76549,0.500753,0.442174,0.66496,0.431468,0.364793,1.96081,1.64417,0.23885,0.65128,35.404,0.5052,1.05144
IGWN-GWTC4p0-0f954158d_720-GW230630_234532-combined_PEDataRelease.hdf5,UNKNOWN,C00:IMRPhenomXPHM-SpinTaylor,5.30131,1,15135,0.005964,-0.04014,0.432753,0.65831,0.42679,0.447326,0.66882,0.142395,0.243688,1.997,1.75279,0.24045,0.67306,7.07,0.30227,0.91393
IGWN-GWTC4p0-0f954158d_720-GW230702_185453-combined_PEDataRelease.hdf5,UNKNOWN,C00:IMRPhenomXPHM-SpinTaylor,5.13821,1,17288,0.029262,0.05871,0.393428,0.62707,0.364166,0.34164,0.5845,0.137968,0.312481,1.98498,1.77604,0.20568,0.4074,23.059,0.24833,0.96052
IGWN-GWTC4p0-0f954158d_720-GW230704_021211-combined_PEDataRelease.hdf5,UNKNOWN,C00:IMRPhenomXPHM-SpinTaylor,5.28105,1,23018,0.016133,-0.01389,0.426515,0.65607,0.410382,0.430045,0.65578,0.142109,0.270386,1.99181,1.75523,0.23504,0.60694,22.103,0.28586,0.93427
IGWN-GWTC4p0-0f954158d_720-GW230704_212616-combined_PEDataRelease.hdf5,UNKNOWN,C00:IMRPhenomXPHM-SpinTaylor,5.38206,1,23006,0.170918,0.37719,0.626267,0.80352,0.455349,0.3882,0.62306,0.484698,0.351553,1.90684,1.60016,0.22151,0.49525,54.745,0.42775,1.24384
IGWN-GWTC4p0-0f954158d_720-GW230706_104333-combined_PEDataRelease.hdf5,UNKNOWN,C00:IMRPhenomXPHM-SpinTaylor,5.40878,1,15235,0.042923,0.19291,0.565911,0.74955,0.522989,0.455616,0.67499,0.295756,0.357242,1.97816,1.65717,0.24301,0.71357,11.819,0.4536,0.98785
IGWN-GWTC4p0-0f954158d_720-GW230707_124047-combined_PEDataRelease.hdf5,UNKNOWN,C00:IMRPhenomXPHM-SpinTaylor,5.333,1,13678,0.027165,-0.04347,0.470749,0.68417,0.443585,0.46982,0.68543,0.313228,0.316253,1.98608,1.72542,0.24735,0.81336,34.967,0.50699,0.95633
IGWN-GWTC4p0-0f954158d_720-GW230708_053705-combined_PEDataRelease.hdf5,UNKNOWN,C00:IMRPhenomXPHM-SpinTaylor,5.38436,1,15934,0.024566,0.07729,0.537673,0.73006,0.513107,0.469246,0.68502,0.358062,0.341736,1.98749,1.67736,0.24718,0.80791,22.289,0.55593,0.95113
IGWN-GWTC4p0-0f954158d_720-GW230708_230935-combined_PEDataRelease.hdf5,UNKNOWN,C00:IMRPhenomXPHM-SpinTaylor,5.29116,1,14977,0.028352,0.02428,0.464629,0.67963,0.436277,0.427695,0.65398,0.272537,0.303924,1.98547,1.72756,0.2343,0.59922,42.77,0.40331,0.9587
IGWN-GWTC4p0-0f954158d_720-GW230709_122727-combined_PEDataRelease.hdf5,UNKNOWN,C00:IMRPhenomXPHM-SpinTaylor,5.35381,1,12263,0.041512,0.09451,0.51023,0.71681,0.468718,0.452476,0.67266,0.320334,0.325571,1.97856,1.695,0.24205,0.69728,31.417,0.46598,0.98502
IGWN-GWTC4p0-0f954158d_720-GW230712_090405-combined_PEDataRelease.hdf5,UNKNOWN,C00:IMRPhenomXPHM-SpinTaylor,5.08814,1,26163,0.035241,-0.04105,0.422821,0.64775,0.38758,0.341664,0.58452,0.425247,0.340338,1.9818,1.75354,0.20569,0.40744,15.693,0.58124,0.97248
IGWN-GWTC4p0-0f954158d_720-GW230723_101834-combined_PEDataRelease.hdf5,UNKNOWN,C00:IMRPhenomXPHM-SpinTaylor,5.24801,1,15000,0.043988,-0.15887,0.403868,0.61603,0.35988,0.438703,0.66235,0.295421,0.341129,1.97747,1.76871,0.23777,0.63771,11.5,0.41387,0.98998
IGWN-GWTC4p0-0f954158d_720-GW230726_002940-combined_PEDataRelease.hdf5,UNKNOWN,C00:IMRPhenomXPHM-SpinTaylor,5.34321,1,13791,0.016669,-0.01655,0.480489,0.69077,0.46382,0.468347,0.68436,0.276903,0.294383,1.99154,1.71918,0.2469,0.79975,27.183,0.4708,0.93534
IGWN-GWTC4p0-0f954158d_720-GW230729_082317-combined_PEDataRelease.hdf5,UNKNOWN,C00:IMRPhenomXPHM-SpinTaylor,5.33515,1,12605,0.0339,0.12476,0.504378,0.70663,0.470478,0.431065,0.65656,0.195366,0.307391,1.98261,1.70271,0.23536,0.61037,8.346,0.33581,0.9698
IGWN-GWTC4p0-0f954158d_720-GW230731_215307-combined_PEDataRelease.hdf5,UNKNOWN,C00:IMRPhenomXPHM-SpinTaylor,5.32715,1,10904,0.00414,-0.04788,0.450337,0.66986,0.446197,0.463627,0.6809,0.169521,0.229165,1.99792,1.74113,0.24547,0.76269,7.765,0.35508,0.91028
IGWN-GWTC4p0-0f954158d_720-GW230803_033412-combined_PEDataRelease.hdf5,UNKNOWN,C00:IMRPhenomXPHM-SpinTaylor,5.33373,1,16784,0.039639,0.09899,0.526588,0.72826,0.486949,0.428968,0.65496,0.388275,0.307111,1.97961,1.68312,0.2347,0.60337,31.347,0.52317,0.98128
IGWN-GWTC4p0-0f954158d_720-GW230805_034249-combined_PEDataRelease.hdf5,UNKNOWN,C00:IMRPhenomXPHM-SpinTaylor,5.33543,1,16941,0.030235,0.08199,0.530807,0.73023,0.500572,0.438956,0.66254,0.444603,0.319575,1.98456,1.6809,0.23785,0.63868,23.389,0.62865,0.96247
IGWN-GWTC4p0-0f954158d_720-GW230806_204041-combined_PEDataRelease.hdf5,UNKNOWN,C00:IMRPhenomXPHM-SpinTaylor,5.36262,1,14235,0.034113,0.09289,0.509472,0.71447,0.475359,0.455273,0.67474,0.282027,0.306893,1.98249,1.6967,0.24291,0.71172,35.812,0.43236,0.97023
IGWN-GWTC4p0-0f954158d_720-GW230811_032116-combined_PEDataRelease.hdf5,UNKNOWN,C00:IMRPhenomXPHM-SpinTaylor,5.30473,1,17874,0.010668,0.01711,0.477672,0.6896,0.467004,0.43296,0.658,0.256513,0.29105,1.99462,1.72113,0.23596,0.61686,24.064,0.44339,0.92334
IGWN-GWTC4p0-0f954158d_720-GW230814_061920-combined_PEDataRelease.hdf5,UNKNOWN,C00:IMRPhenomXPHM-SpinTaylor,5.31596,1,13478,0.024317,0.05286,0.466361,0.68357,0.442044,0.433602,0.65848,0.170766,0.295297,1.98758,1.72781,0.23616,0.61911,46.722,0.311,0.95063
IGWN-GWTC4p0-0f954158d_720-GW230814_230901-combined_PEDataRelease.hdf5,UNKNOWN,C00:IMRPhenomXPHM-SpinTaylor,5.35945,1,13460,0.001464,-0.01034,0.460157,0.67904,0.458693,0.473095,0.68782,0.041788,0.062285,1.99927,1.73465,0.24834,0.84942,26.868,0.14231,0.90493
IGWN-GWTC4p0-0f954158d_720-GW230819_171910-combined_PEDataRelease.hdf5,UNKNOWN,C00:IMRPhenomXPHM-SpinTaylor,5.14527,1,15680,0.058953,-0.02915,0.435263,0.65425,0.376311,0.368105,0.60672,0.4449,0.344779,1.96894,1.74219,0.21478,0.45421,42.639,0.54888,1.01991
IGWN-GWTC4p0-0f954158d_720-GW230820_212515-combined_PEDataRelease.hdf5,UNKNOWN,C00:IMRPhenomXPHM-SpinTaylor,5.31583,1,15759,0.076684,0.20929,0.513705,0.73364,0.43702,0.387763,0.62271,0.315956,0.35843,1.95972,1.68711,0.22137,0.49429,37.503,0.38534,1.05537
IGWN-GWTC4p0-0f954158d_720-GW230824_033047-combined_PEDataRelease.hdf5,UNKNOWN,C00:IMRPhenomXPHM-SpinTaylor,5.32298,1,13206,0.019497,0.00218,0.468211,0.68693,0.448713,0.451363,0.67184,0.289417,0.296712,1.99008,1.72609,0.2417,0.6918,36.987,0.46152,0.94099
IGWN-GWTC4p0-0f954158d_720-GW230825_041334-combined_PEDataRelease.hdf5,UNKNOWN,C00:IMRPhenomXPHM-SpinTaylor,5.46935,1,13826,0.118134,0.31738,0.630671,0.80459,0.512537,0.44358,0.66602,0.486555,0.352029,1.93766,1.60181,0.23929,0.65702,29.415,0.48599,1.13827
IGWN-GWTC4p0-0f954158d_720-GW230831_015414-combined_PEDataRelease.hdf5,UNKNOWN,C00:IMRPhenomXPHM-SpinTaylor,5.35369,1,14508,0.02945,0.04275,0.51526,0.71602,0.48581,0.461266,0.67917,0.378606,0.332366,1.98491,1.69249,0.24475,0.7468,31.23,0.56093,0.9609
IGWN-GWTC4p0-0f954158d_720-GW230904_051013-combined_PEDataRelease.hdf5,UNKNOWN,C00:IMRPhenomXPHM-SpinTaylor,5.33891,1,15560,0.010255,0.05618,0.480953,0.69169,0.470698,0.446603,0.66828,0.159486,0.260039,1.99482,1.71993,0.24023,0.66988,7.553,0.32252,0.92251
IGWN-GWTC4p0-0f954158d_720-GW230911_195324-combined_PEDataRelease.hdf5,UNKNOWN,C00:IMRPhenomXPHM-SpinTaylor,5.25947,1,18595,0.015676,-0.029,0.449666,0.67082,0.43399,0.415604,0.64467,0.328761,0.308706,1.99204,1.73968,0.23044,0.56288,23.132,0.52094,0.93335
IGWN-GWTC4p0-0f954158d_720-GW230914_111401-combined_PEDataRelease.hdf5,UNKNOWN,C00:IMRPhenomXPHM-SpinTaylor,5.33799,1,18353,0.029849,0.12752,0.483702,0.70031,0.453853,0.429633,0.65546,0.156207,0.348011,1.9848,1.71552,0.23491,0.60557,39.877,0.32883,0.9617
IGWN-GWTC4p0-0f954158d_720-GW230919_215712-combined_PEDataRelease.hdf5,UNKNOWN,C00:IMRPhenomXPHM-SpinTaylor,5.42664,1,15670,0.038588,0.18229,0.55917,0.74626,0.520582,0.46799,0.6841,0.252702,0.292228,1.98041,1.66295,0.2468,0.79663,21.145,0.42829,0.97918
IGWN-GWTC4p0-0f954158d_720-GW230920_071124-combined_PEDataRelease.hdf5,UNKNOWN,C00:IMRPhenomXPHM-SpinTaylor,5.34031,1,15199,0.016115,-0.00189,0.479646,0.68967,0.463531,0.462789,0.68029,0.267402,0.29437,1.99182,1.71913,0.24521,0.75689,23.958,0.46229,0.93423
IGWN-GWTC4p0-0f954158d_720-GW230922_020344-combined_PEDataRelease.hdf5,UNKNOWN,C00:IMRPhenomXPHM-SpinTaylor,5.34382,1,19000,0.014453,0.03535,0.506644,0.71145,0.492191,0.453316,0.67329,0.330132,0.310449,1.99269,1.70093,0.24231,0.70151,29.915,0.53426,0.93091
IGWN-GWTC4p0-0f954158d_720-GW230922_040658-combined_PEDataRelease.hdf5,UNKNOWN,C00:IMRPhenomXPHM-SpinTaylor,5.4457,1,14201,0.132894,0.33778,0.613414,0.79341,0.48052,0.442461,0.66518,0.424195,0.378795,1.92935,1.61527,0.23894,0.65244,50.93,0.44932,1.16779
IGWN-GWTC4p0-0f954158d_720-GW230924_124453-combined_PEDataRelease.hdf5,UNKNOWN,C00:IMRPhenomXPHM-SpinTaylor,5.36288,1,14630,0.010037,0.01957,0.488211,0.69528,0.478174,0.469678,0.68533,0.191981,0.242726,1.99494,1.71439,0.24731,0.812,22.259,0.38268,0.92207
IGWN-GWTC4p0-0f954158d_720-GW230927_043729-combined_PEDataRelease.hdf5,UNKNOWN,C00:IMRPhenomXPHM-SpinTaylor,5.35326,1,13148,0.014509,0.0071,0.48398,0.69415,0.469471,0.468995,0.68483,0.245457,0.272578,1.99265,1.71682,0.2471,0.80559,26.755,0.44812,0.93102
IGWN-GWTC4p0-0f954158d_720-GW230927_153832-combined_PEDataRelease.hdf5,UNKNOWN,C00:IMRPhenomXPHM-SpinTaylor,5.35863,1,14161,0.003613,0.04056,0.485349,0.69518,0.481736,0.46086,0.67887,0.171776,0.229623,1.99819,1.71707,0.24462,0.74421,16.437,0.36309,0.90923
IGWN-GWTC4p0-0f954158d_720-GW230928_215827-combined_PEDataRelease.hdf5,UNKNOWN,C00:IMRPhenomXPHM-SpinTaylor,5.50068,1,19357,0.182629,0.42045,0.698132,0.84314,0.515503,0.409882,0.64022,0.636338,0.297975,1.90251,1.54484,0.2286,0.5473,35.724,0.44175,1.26726
IGWN-GWTC4p0-0f954158d_720-GW230930_110730-combined_PEDataRelease.hdf5,UNKNOWN,C00:IMRPhenomXPHM-SpinTaylor,5.34389,1,11732,0.024363,0.02766,0.485615,0.6949,0.461253,0.460116,0.67832,0.264839,0.286634,1.98757,1.71427,0.2444,0.73955,24.892,0.4272,0.95073
IGWN-GWTC4p0-0f954158d_720-GW231001_140220-combined_PEDataRelease.hdf5,UNKNOWN,C00:IMRPhenomXPHM-SpinTaylor,5.20984,1,16041,0.039667,-0.04788,0.398331,0.63294,0.358664,0.399162,0.63179,0.250667,0.31815,1.97935,1.77148,0.22512,0.52035,46.756,0.3595,0.98133
IGWN-GWTC4p0-0f954158d_720-GW231004_232346-combined_PEDataRelease.hdf5,UNKNOWN,C00:IMRPhenomXPHM-SpinTaylor,5.20081,1,15804,0.042652,-0.05118,0.399218,0.63536,0.356565,0.396259,0.62949,0.291561,0.327964,1.97774,1.77156,0.22417,0.51348,40.7,0.4228,0.9873
IGWN-GWTC4p0-0f954158d_720-GW231005_021030-combined_PEDataRelease.hdf5,UNKNOWN,C00:IMRPhenomXPHM-SpinTaylor,5.31847,1,13730,0.059978,0.11233,0.524903,0.72491,0.464925,0.420439,0.64841,0.390388,0.330622,1.96863,1.68248,0.23199,0.57679,53.414,0.48798,1.02196
IGWN-GWTC4p0-0f954158d_720-GW231005_091549-combined_PEDataRelease.hdf5,UNKNOWN,C00:IMRPhenomXPHM-SpinTaylor,5.32519,1,12902,0.023047,-0.03843,0.457212,0.67629,0.434165,0.464965,0.68188,0.273818,0.297638,1.98822,1.73465,0.24588,0.77237,21.497,0.45139,0.94809
IGWN-GWTC4p0-0f954158d_720-GW231008_142521-combined_PEDataRelease.hdf5,UNKNOWN,C00:IMRPhenomXPHM-SpinTaylor,5.25411,1,16800,0.022363,-0.02524,0.413698,0.65008,0.391336,0.417239,0.64594,0.218794,0.307631,1.98854,1.76215,0.23097,0.5675,28.91,0.36927,0.94673
IGWN-GWTC4p0-0f954158d_720-GW231014_040532-combined_PEDataRelease.hdf5,UNKNOWN,C00:IMRPhenomXPHM-SpinTaylor,5.39742,1,16903,0.05586,0.18128,0.565173,0.75155,0.509313,0.456104,0.67535,0.384967,0.331616,1.97108,1.65521,0.24316,0.71622,15.076,0.51813,1.01372
IGWN-GWTC4p0-0f954158d_720-GW231018_233037-combined_PEDataRelease.hdf5,UNKNOWN,C00:IMRPhenomXPHM-SpinTaylor,5.29969,1,15611,0.009188,0.01478,0.448796,0.67149,0.439608,0.434808,0.6594,0.149285,0.273756,1.99534,1.74161,0.23654,0.62337,7.911,0.3089,0.92038
IGWN-GWTC4p0-0f954158d_720-GW231020_142947-combined_PEDataRelease.hdf5,UNKNOWN,C00:IMRPhenomXPHM-SpinTaylor,5.34416,1,14942,0.043661,0.15116,0.517306,0.71514,0.473644,0.430085,0.65581,0.208417,0.27048,1.97755,1.6939,0.23505,0.60707,8.071,0.31687,0.98932
IGWN-GWTC4p0-0f954158d_720-GW231028_153006-combined_PEDataRelease.hdf5,UNKNOWN,C00:IMRPhenomXPHM-SpinTaylor,5.58597,1,15128,0.250419,0.49569,0.731301,0.85676,0.480882,0.452981,0.67304,0.665077,0.396845,1.86439,1.51592,0.2422,0.69981,64.299,0.49203,1.40284
IGWN-GWTC4p0-0f954158d_720-GW231029_111508-combined_PEDataRelease.hdf5,UNKNOWN,C00:IMRPhenomXPHM-SpinTaylor,5.35636,1,13488,0.041772,0.14528,0.514713,0.72409,0.472942,0.43474,0.65935,0.284437,0.344875,1.97856,1.69208,0.23652,0.62313,44.048,0.42609,0.98554
IGWN-GWTC4p0-0f954158d_720-GW231102_071736-combined_PEDataRelease.hdf5,UNKNOWN,C00:IMRPhenomXPHM-SpinTaylor,5.36361,1,15330,0.019582,0.07405,0.505486,0.70931,0.485903,0.453985,0.67378,0.238673,0.281015,1.99006,1.70079,0.24251,0.70494,44.481,0.38453,0.94116
IGWN-GWTC4p0-0f954158d_720-GW231104_133418-combined_PEDataRelease.hdf5,UNKNOWN,C00:IMRPhenomXPHM-SpinTaylor,5.3873,1,13042,0.026367,0.14553,0.528473,0.72531,0.502105,0.454074,0.67385,0.196968,0.309524,1.98667,1.68604,0.24254,0.7054,8.853,0.36809,0.95473
IGWN-GWTC4p0-0f954158d_720-GW231108_125142-combined_PEDataRelease.hdf5,UNKNOWN,C00:IMRPhenomXPHM-SpinTaylor,5.31141,1,16031,0.012383,-0.07625,0.440477,0.66217,0.428094,0.462255,0.67989,0.192552,0.287353,1.99375,1.74744,0.24505,0.75329,17.345,0.39979,0.92677
IGWN-GWTC4p0-0f954158d_720-GW231110_040320-combined_PEDataRelease.hdf5,UNKNOWN,C00:IMRPhenomXPHM-SpinTaylor,5.37099,1,16586,0.036001,0.17464,0.545175,0.73608,0.509174,0.434481,0.65915,0.27003,0.362157,1.98174,1.67319,0.23644,0.62221,13.472,0.42714,0.974
IGWN-GWTC4p0-0f954158d_720-GW231113_122623-combined_PEDataRelease.hdf5,UNKNOWN,C00:IMRPhenomXPHM-SpinTaylor,5.49228,1,17278,0.148738,0.36482,0.652568,0.81649,0.503831,0.448788,0.66992,0.509103,0.371665,1.92066,1.58287,0.24091,0.67966,28.472,0.48473,1.19948
IGWN-GWTC4p0-0f954158d_720-GW231113_200417-combined_PEDataRelease.hdf5,UNKNOWN,C00:IMRPhenomXPHM-SpinTaylor,5.36428,1,13984,0.022627,0.12531,0.52423,0.72095,0.501603,0.443943,0.66629,0.233873,0.304646,1.98853,1.68899,0.2394,0.65852,8.021,0.40647,0.94725
IGWN-GWTC4p0-0f954158d_720-GW231114_043211-combined_PEDataRelease.hdf5,UNKNOWN,C00:IMRPhenomXPHM-SpinTaylor,5.07038,1,17986,0.021987,0.09097,0.373928,0.60842,0.351941,0.305701,0.5529,0.073691,0.298317,1.98881,1.79073,0.19282,0.35297,11.653,0.17682,0.94597
IGWN-GWTC4p0-0f954158d_720-GW231118_005626-combined_PEDataRelease.hdf5,UNKNOWN,C00:IMRPhenomXPHM-SpinTaylor,5.41535,1,17887,0.157454,0.39286,0.671769,0.81425,0.514315,0.386318,0.62155,0.517501,0.383721,1.91753,1.56976,0.22089,0.49115,12.792,0.49154,1.21691
IGWN-GWTC4p0-0f954158d_720-GW231118_071402-combined_PEDataRelease.hdf5,UNKNOWN,C00:IMRPhenomXPHM-SpinTaylor,5.38122,1,15567,0.044648,0.12777,0.533351,0.73233,0.488702,0.455682,0.67504,0.324798,0.322566,1.97694,1.67871,0.24303,0.71392,31.101,0.46399,0.9913
IGWN-GWTC4p0-0f954158d_720-GW231118_090602-combined_PEDataRelease.hdf5,UNKNOWN,C00:IMRPhenomXPHM-SpinTaylor,5.25852,1,17286,0.060212,0.11951,0.508363,0.70053,0.448151,0.385895,0.6212,0.248039,0.288269,1.96836,1.69931,0.22075,0.49024,8.37,0.35482,1.02242
IGWN-GWTC4p0-0f954158d_720-GW231119_075248-combined_PEDataRelease.hdf5,UNKNOWN,C00:IMRPhenomXPHM-SpinTaylor,5.32686,1,14216,0.027941,-0.00049,0.46679,0.68472,0.438849,0.45854,0.67716,0.2859,0.302234,1.98565,1.72661,0.24391,0.73004,34.536,0.44518,0.95788
IGWN-GWTC4p0-0f954158d_720-GW231123_135430-combined_PEDataRelease.hdf5,UNKNOWN,C00:IMRPhenomXPHM-SpinTaylor,5.2957,1,19980,0.013708,0.03907,0.493435,0.70843,0.479727,0.434492,0.65916,0.62029,0.462188,1.99305,1.71016,0.23644,0.62225,102.33,0.74838,0.92942
IGWN-GWTC4p0-0f954158d_720-GW231127_165300-combined_PEDataRelease.hdf5,UNKNOWN,C00:IMRPhenomXPHM-SpinTaylor,5.306,1,14592,0.036807,0.04064,0.470949,0.69009,0.434143,0.433344,0.65829,0.31543,0.325896,1.981,1.7223,0.23608,0.6182,30.555,0.46419,0.97561
IGWN-GWTC4p0-0f954158d_720-GW231129_081745-combined_PEDataRelease.hdf5,UNKNOWN,C00:IMRPhenomXPHM-SpinTaylor,5.26245,1,14785,0.02336,0.0274,0.444559,0.66575,0.4212,0.405512,0.6368,0.198267,0.297373,1.98804,1.74136,0.22719,0.53599,28.14,0.32225,0.94872
IGWN-GWTC4p0-0f954158d_720-GW231206_233134-combined_PEDataRelease.hdf5,UNKNOWN,C00:IMRPhenomXPHM-SpinTaylor,5.31785,1,13230,0.027235,-0.09006,0.447515,0.66907,0.42028,0.46996,0.68554,0.299089,0.311008,1.98607,1.74174,0.24739,0.81472,26.897,0.48506,0.95647
IGWN-GWTC4p0-0f954158d_720-GW231206_233901-combined_PEDataRelease.hdf5,UNKNOWN,C00:IMRPhenomXPHM-SpinTaylor,5.33583,1,15034,0.00748,-0.02925,0.473032,0.6868,0.465552,0.464985,0.6819,0.261421,0.319531,1.99624,1.72486,0.24588,0.77253,28.417,0.50993,0.91696
IGWN-GWTC4p0-0f954158d_720-GW231213_111417-combined_PEDataRelease.hdf5,UNKNOWN,C00:IMRPhenomXPHM-SpinTaylor,5.38029,1,14380,0.024746,0.0767,0.522837,0.72113,0.498091,0.467739,0.68391,0.306692,0.293103,1.98739,1.6882,0.24672,0.79446,26.759,0.48651,0.95149
IGWN-GWTC4p0-0f954158d_720-GW231221_135041-combined_PEDataRelease.hdf5,UNKNOWN,C00:IMRPhenomXPHM-SpinTaylor,5.29813,1,16198,0.057907,0.03933,0.506975,0.7037,0.449069,0.439419,0.66289,0.426032,0.338662,1.96973,1.69491,0.23799,0.64045,31.226,0.5574,1.01781
IGWN-GWTC4p0-0f954158d_720-GW231223_032836-combined_PEDataRelease.hdf5,UNKNOWN,C00:IMRPhenomXPHM-SpinTaylor,5.23927,1,15011,0.074438,-0.16159,0.400017,0.6309,0.325579,0.452891,0.67297,0.405152,0.357325,1.96053,1.77084,0.24218,0.69936,32.325,0.51944,1.05088
IGWN-GWTC4p0-0f954158d_720-GW231223_075055-combined_PEDataRelease.hdf5,UNKNOWN,C00:IMRPhenomXPHM-SpinTaylor,5.2897,1,18392,0.018654,0.07208,0.488451,0.69511,0.469797,0.415464,0.64457,0.247338,0.281062,1.99049,1.71417,0.2304,0.56248,7.814,0.40788,0.93931
IGWN-GWTC4p0-0f954158d_720-GW231223_202619-combined_PEDataRelease.hdf5,UNKNOWN,C00:IMRPhenomXPHM-SpinTaylor,5.37843,1,13892,0.017811,0.10497,0.51447,0.71585,0.496659,0.461275,0.67917,0.19336,0.316788,1.99099,1.69604,0.24475,0.74686,8.377,0.39129,0.93762
IGWN-GWTC4p0-0f954158d_720-GW231224_024321-combined_PEDataRelease.hdf5,UNKNOWN,C00:IMRPhenomXPHM-SpinTaylor,5.34842,1,16775,0.001586,-0.00516,0.473364,0.68539,0.471778,0.466302,0.68286,0.205511,0.199805,1.99921,1.7254,0.24628,0.78265,7.141,0.38157,0.90517
IGWN-GWTC4p0-0f954158d_720-GW231226_101520-combined_PEDataRelease.hdf5,UNKNOWN,C00:IMRPhenomXPHM-SpinTaylor,5.33863,1,15030,0.007762,-0.0738,0.458598,0.67451,0.450836,0.47509,0.68927,0.199709,0.265252,1.9961,1.73548,0.24894,0.87799,32.558,0.45836,0.91752
IGWN-GWTC4p0-0f954158d_720-GW231230_170116-combined_PEDataRelease.hdf5,UNKNOWN,C00:IMRPhenomXPHM-SpinTaylor,5.22859,1,15694,0.088637,-0.21668,0.368921,0.61121,0.280284,0.453498,0.67342,0.385492,0.355208,1.95276,1.79147,0.24236,0.70244,36.731,0.46726,1.07927
IGWN-GWTC4p0-0f954158d_720-GW231231_154016-combined_PEDataRelease.hdf5,UNKNOWN,C00:IMRPhenomXPHM-SpinTaylor,5.33311,1,13245,0.005346,-0.02865,0.453872,0.67259,0.448526,0.46404,0.6812,0.156318,0.232349,1.99732,1.73854,0.24559,0.76562,17.109,0.33654,0.91269
IGWN-GWTC4p0-0f954158d_720-GW240104_164932-combined_PEDataRelease.hdf5,UNKNOWN,C00:IMRPhenomXPHM-SpinTaylor,5.39889,1,14325,0.027053,0.12554,0.557781,0.74723,0.530728,0.465766,0.68247,0.396564,0.34101,1.98626,1.6628,0.24612,0.77846,32.198,0.60873,0.95611
IGWN-GWTC4p0-0f954158d_720-GW240107_013215-combined_PEDataRelease.hdf5,UNKNOWN,C00:IMRPhenomXPHM-SpinTaylor,5.36989,1,18048,0.143914,0.33875,0.604227,0.78964,0.460314,0.389592,0.62417,0.458379,0.383642,1.92253,1.61876,0.22197,0.49832,34.62,0.45603,1.18983
IGWN-GWTC4p0-0f954158d_720-GW240109_050431-combined_PEDataRelease.hdf5,UNKNOWN,C00:IMRPhenomXPHM-SpinTaylor,5.25834,1,15285,0.021558,-0.07599,0.406892,0.63747,0.385333,0.432956,0.65799,0.181586,0.275043,1.98901,1.76896,0.23596,0.61685,19.71,0.3304,0.94512
