event_file,catalog,waveform_key,median_n,std_n,in_bbh_band,median_q,mean_q,std_q,q_bin,median_chi_eff,e_chi2,beta_posterior,n_samples
6513631/IGWN-GWTC2p1-v2-GW150914_095045_PEDataRelease_mixed_nocosmo.h5,GWTC-2.1,C01:IMRPhenomXPHM,5.34051,0.04596,1,0.84545,0.83022,0.11315,0.8-1.0,-0.05474,0.010817,0.97837,199766
6513631/IGWN-GWTC2p1-v2-GW151012_095443_PEDataRelease_mixed_nocosmo.h5,GWTC-2.1,C01:IMRPhenomXPHM,5.29529,0.20384,1,0.55133,0.56246,0.22194,0.4-0.6,0.11781,0.042728,0.91454,137933
6513631/IGWN-GWTC2p1-v2-GW151226_033853_PEDataRelease_mixed_nocosmo.h5,GWTC-2.1,C01:IMRPhenomXPHM,5.33179,0.18991,1,0.52353,0.53995,0.23208,0.4-0.6,0.20309,0.062672,0.87466,188541
6513631/IGWN-GWTC2p1-v2-GW170104_101158_PEDataRelease_mixed_nocosmo.h5,GWTC-2.1,C01:IMRPhenomXPHM,5.31072,0.08524,1,0.70758,0.71039,0.15848,0.6-0.8,-0.03911,0.012855,0.97429,169007
6513631/IGWN-GWTC2p1-v2-GW170608_020116_PEDataRelease_mixed_nocosmo.h5,GWTC-2.1,C01:IMRPhenomXPHM,5.3509,0.08871,1,0.71221,0.69567,0.18966,0.6-0.8,0.0436,0.008835,0.98233,285112
6513631/IGWN-GWTC2p1-v2-GW170729_185629_PEDataRelease_mixed_nocosmo.h5,GWTC-2.1,C01:IMRPhenomXPHM,5.44022,0.1788,1,0.58447,0.60628,0.17705,0.4-0.6,0.30642,0.108822,0.78236,173308
6513631/IGWN-GWTC2p1-v2-GW170809_082821_PEDataRelease_mixed_nocosmo.h5,GWTC-2.1,C01:IMRPhenomXPHM,5.36348,0.08655,1,0.70721,0.70878,0.16309,0.6-0.8,0.08327,0.01805,0.9639,177783
6513631/IGWN-GWTC2p1-v2-GW170814_103043_PEDataRelease_mixed_nocosmo.h5,GWTC-2.1,C01:IMRPhenomXPHM,5.37934,0.04614,1,0.80795,0.7988,0.12379,0.8-1.0,0.06135,0.009331,0.98134,197034
6513631/IGWN-GWTC2p1-v2-GW170818_022509_PEDataRelease_mixed_nocosmo.h5,GWTC-2.1,C01:IMRPhenomXPHM,5.33763,0.06602,1,0.79837,0.78676,0.13317,0.6-0.8,-0.03465,0.016159,0.96768,160046
6513631/IGWN-GWTC2p1-v2-GW170823_131358_PEDataRelease_mixed_nocosmo.h5,GWTC-2.1,C01:IMRPhenomXPHM,5.36976,0.09842,1,0.76667,0.74955,0.16038,0.6-0.8,0.06507,0.020924,0.95815,136399
6513631/IGWN-GWTC2p1-v2-GW190403_051519_PEDataRelease_mixed_nocosmo.h5,GWTC-2.1,C01:IMRPhenomXPHM,5.40018,0.29268,1,0.27631,0.35676,0.22173,0.2-0.4,0.69593,0.467162,0.06568,178895
6513631/IGWN-GWTC2p1-v2-GW190408_181802_PEDataRelease_mixed_nocosmo.h5,GWTC-2.1,C01:IMRPhenomXPHM,5.32146,0.07264,1,0.73497,0.73269,0.1528,0.6-0.8,-0.02912,0.010262,0.97948,127008
6513631/IGWN-GWTC2p1-v2-GW190412_053044_PEDataRelease_mixed_nocosmo.h5,GWTC-2.1,C01:IMRPhenomXPHM,5.02076,0.0788,1,0.28123,0.28502,0.04815,0.2-0.4,0.24789,0.065333,0.86933,264789
6513631/IGWN-GWTC2p1-v2-GW190413_052954_PEDataRelease_mixed_nocosmo.h5,GWTC-2.1,C01:IMRPhenomXPHM,5.32943,0.1112,1,0.73725,0.72658,0.16682,0.6-0.8,-0.00355,0.030345,0.93931,144722
6513631/IGWN-GWTC2p1-v2-GW190413_134308_PEDataRelease_mixed_nocosmo.h5,GWTC-2.1,C01:IMRPhenomXPHM,5.31107,0.1697,1,0.65431,0.65254,0.19743,0.6-0.8,0.02107,0.035307,0.92939,155335
6513631/IGWN-GWTC2p1-v2-GW190421_213856_PEDataRelease_mixed_nocosmo.h5,GWTC-2.1,C01:IMRPhenomXPHM,5.31039,0.09766,1,0.78228,0.76064,0.15895,0.6-0.8,-0.08395,0.0307,0.9386,147856
6513631/IGWN-GWTC2p1-v2-GW190426_190642_PEDataRelease_mixed_nocosmo.h5,GWTC-2.1,C01:IMRPhenomXPHM,5.44931,0.16698,1,0.7383,0.6988,0.2105,0.6-0.8,0.29754,0.146959,0.70608,155608
6513631/IGWN-GWTC2p1-v2-GW190503_185404_PEDataRelease_mixed_nocosmo.h5,GWTC-2.1,C01:IMRPhenomXPHM,5.29839,0.13215,1,0.68117,0.67988,0.1781,0.6-0.8,-0.04251,0.027768,0.94446,166116
6513631/IGWN-GWTC2p1-v2-GW190512_180714_PEDataRelease_mixed_nocosmo.h5,GWTC-2.1,C01:IMRPhenomXPHM,5.238,0.10916,1,0.5143,0.55023,0.16974,0.4-0.6,0.02944,0.008914,0.98217,181271
6513631/IGWN-GWTC2p1-v2-GW190513_205428_PEDataRelease_mixed_nocosmo.h5,GWTC-2.1,C01:IMRPhenomXPHM,5.28214,0.1623,1,0.48519,0.53747,0.19353,0.4-0.6,0.15022,0.046268,0.90746,180002
6513631/IGWN-GWTC2p1-v2-GW190514_065416_PEDataRelease_mixed_nocosmo.h5,GWTC-2.1,C01:IMRPhenomXPHM,5.29992,0.12757,1,0.73862,0.72125,0.17737,0.6-0.8,-0.06762,0.040365,0.91927,123633
6513631/IGWN-GWTC2p1-v2-GW190517_055101_PEDataRelease_mixed_nocosmo.h5,GWTC-2.1,C01:IMRPhenomXPHM,5.55257,0.19653,1,0.59388,0.60101,0.18428,0.4-0.6,0.47323,0.231549,0.5369,161299
6513631/IGWN-GWTC2p1-v2-GW190519_153544_PEDataRelease_mixed_nocosmo.h5,GWTC-2.1,C01:IMRPhenomXPHM,5.45327,0.12437,1,0.62873,0.63601,0.15222,0.6-0.8,0.33665,0.124647,0.75071,150207
6513631/IGWN-GWTC2p1-v2-GW190521_030229_PEDataRelease_mixed_nocosmo.h5,GWTC-2.1,C01:IMRPhenomXPHM,5.306,0.21986,1,0.64994,0.65632,0.182,0.6-0.8,0.00147,0.074626,0.85075,148527
6513631/IGWN-GWTC2p1-v2-GW190521_074359_PEDataRelease_mixed_nocosmo.h5,GWTC-2.1,C01:IMRPhenomXPHM,5.3748,0.05056,1,0.75974,0.7612,0.11305,0.6-0.8,0.07258,0.010491,0.97902,210737
6513631/IGWN-GWTC2p1-v2-GW190527_092055_PEDataRelease_mixed_nocosmo.h5,GWTC-2.1,C01:IMRPhenomXPHM,5.34275,0.23314,1,0.6201,0.61465,0.2203,0.6-0.8,0.12064,0.049587,0.90083,141653
6513631/IGWN-GWTC2p1-v2-GW190602_175927_PEDataRelease_mixed_nocosmo.h5,GWTC-2.1,C01:IMRPhenomXPHM,5.36732,0.16595,1,0.65477,0.6501,0.19566,0.6-0.8,0.15214,0.046621,0.90676,155451
6513631/IGWN-GWTC2p1-v2-GW190620_030421_PEDataRelease_mixed_nocosmo.h5,GWTC-2.1,C01:IMRPhenomXPHM,5.43967,0.21496,1,0.5781,0.5918,0.2048,0.4-0.6,0.33267,0.124806,0.75039,152410
6513631/IGWN-GWTC2p1-v2-GW190630_185205_PEDataRelease_mixed_nocosmo.h5,GWTC-2.1,C01:IMRPhenomXPHM,5.36557,0.08254,1,0.70698,0.70802,0.16228,0.6-0.8,0.09412,0.016694,0.96661,171387
6513631/IGWN-GWTC2p1-v2-GW190701_203306_PEDataRelease_mixed_nocosmo.h5,GWTC-2.1,C01:IMRPhenomXPHM,5.30224,0.10102,1,0.762,0.74546,0.161,0.6-0.8,-0.08496,0.03498,0.93004,160160
6513631/IGWN-GWTC2p1-v2-GW190706_222641_PEDataRelease_mixed_nocosmo.h5,GWTC-2.1,C01:IMRPhenomXPHM,5.40953,0.19251,1,0.54102,0.55666,0.17568,0.4-0.6,0.322,0.123149,0.7537,159868
6513631/IGWN-GWTC2p1-v2-GW190707_093326_PEDataRelease_mixed_nocosmo.h5,GWTC-2.1,C01:IMRPhenomXPHM,5.31066,0.06179,1,0.7239,0.72232,0.1561,0.6-0.8,-0.06341,0.006969,0.98606,367463
6513631/IGWN-GWTC2p1-v2-GW190708_232457_PEDataRelease_mixed_nocosmo.h5,GWTC-2.1,C01:IMRPhenomXPHM,5.34133,0.06695,1,0.72793,0.71638,0.17218,0.6-0.8,0.01964,0.00467,0.99066,94772
6513631/IGWN-GWTC2p1-v2-GW190719_215514_PEDataRelease_mixed_nocosmo.h5,GWTC-2.1,C01:IMRPhenomXPHM,5.39785,0.25831,1,0.56183,0.57003,0.23049,0.4-0.6,0.30411,0.135769,0.72846,153538
6513631/IGWN-GWTC2p1-v2-GW190720_000836_PEDataRelease_mixed_nocosmo.h5,GWTC-2.1,C01:IMRPhenomXPHM,5.32849,0.1271,1,0.553,0.57452,0.20752,0.4-0.6,0.17495,0.042276,0.91545,131644
6513631/IGWN-GWTC2p1-v2-GW190725_174728_PEDataRelease_mixed_nocosmo.h5,GWTC-2.1,C01:IMRPhenomXPHM,5.22206,0.22348,1,0.52924,0.55015,0.23334,0.4-0.6,-0.03561,0.02879,0.94242,170198
6513631/IGWN-GWTC2p1-v2-GW190727_060333_PEDataRelease_mixed_nocosmo.h5,GWTC-2.1,C01:IMRPhenomXPHM,5.38788,0.10183,1,0.78823,0.7673,0.15537,0.6-0.8,0.09895,0.031165,0.93767,162922
6513631/IGWN-GWTC2p1-v2-GW190728_064510_PEDataRelease_mixed_nocosmo.h5,GWTC-2.1,C01:IMRPhenomXPHM,5.34415,0.17611,1,0.60462,0.59876,0.22628,0.6-0.8,0.13951,0.043949,0.9121,20000
6513631/IGWN-GWTC2p1-v2-GW190731_140936_PEDataRelease_mixed_nocosmo.h5,GWTC-2.1,C01:IMRPhenomXPHM,5.36527,0.12301,1,0.72917,0.71625,0.17399,0.6-0.8,0.07869,0.028646,0.94271,126255
6513631/IGWN-GWTC2p1-v2-GW190803_022701_PEDataRelease_mixed_nocosmo.h5,GWTC-2.1,C01:IMRPhenomXPHM,5.34082,0.10503,1,0.7581,0.74291,0.16224,0.6-0.8,0.00276,0.022124,0.95575,101656
6513631/IGWN-GWTC2p1-v2-GW190805_211137_PEDataRelease_mixed_nocosmo.h5,GWTC-2.1,C01:IMRPhenomXPHM,5.52385,0.15301,1,0.69155,0.68332,0.18619,0.6-0.8,0.42437,0.200611,0.59878,169040
6513631/IGWN-GWTC2p1-v2-GW190814_211039_PEDataRelease_mixed_nocosmo.h5,GWTC-2.1,C01:IMRPhenomXPHM,4.18876,0.04005,0,0.11118,0.1116,0.00934,0.0-0.2,0.0038,0.00269,0.99462,89500
6513631/IGWN-GWTC2p1-v2-GW190828_063405_PEDataRelease_mixed_nocosmo.h5,GWTC-2.1,C01:IMRPhenomXPHM,5.42545,0.06034,1,0.8197,0.80534,0.127,0.8-1.0,0.16038,0.033864,0.93227,128000
6513631/IGWN-GWTC2p1-v2-GW190828_065509_PEDataRelease_mixed_nocosmo.h5,GWTC-2.1,C01:IMRPhenomXPHM,5.17838,0.12783,1,0.44192,0.47872,0.16339,0.4-0.6,0.05534,0.013618,0.97276,181548
6513631/IGWN-GWTC2p1-v2-GW190910_112807_PEDataRelease_mixed_nocosmo.h5,GWTC-2.1,C01:IMRPhenomXPHM,5.35009,0.06816,1,0.78684,0.77998,0.13209,0.6-0.8,-0.00538,0.012072,0.97586,159609
6513631/IGWN-GWTC2p1-v2-GW190915_235702_PEDataRelease_mixed_nocosmo.h5,GWTC-2.1,C01:IMRPhenomXPHM,5.33251,0.08149,1,0.7714,0.75969,0.14864,0.6-0.8,-0.0297,0.016589,0.96682,144305
6513631/IGWN-GWTC2p1-v2-GW190916_200658_PEDataRelease_mixed_nocosmo.h5,GWTC-2.1,C01:IMRPhenomXPHM,5.40277,0.22256,1,0.59361,0.60143,0.21572,0.4-0.6,0.27255,0.109443,0.78111,107199
6513631/IGWN-GWTC2p1-v2-GW190917_114630_PEDataRelease_mixed_nocosmo.h5,GWTC-2.1,C01:IMRPhenomXPHM,4.66025,0.21288,0,0.21014,0.25444,0.12912,0.2-0.4,-0.07453,0.053231,0.89354,20000
6513631/IGWN-GWTC2p1-v2-GW190924_021846_PEDataRelease_mixed_nocosmo.h5,GWTC-2.1,C01:IMRPhenomXPHM,5.24254,0.16867,1,0.50895,0.52403,0.19847,0.4-0.6,0.04632,0.019593,0.96081,46372
6513631/IGWN-GWTC2p1-v2-GW190925_232845_PEDataRelease_mixed_nocosmo.h5,GWTC-2.1,C01:IMRPhenomXPHM,5.36467,0.09148,1,0.74145,0.72399,0.17743,0.6-0.8,0.08292,0.01882,0.96236,164960
6513631/IGWN-GWTC2p1-v2-GW190926_050336_PEDataRelease_mixed_nocosmo.h5,GWTC-2.1,C01:IMRPhenomXPHM,5.26148,0.19774,1,0.57984,0.59203,0.21128,0.4-0.6,-0.00762,0.032551,0.9349,157760
6513631/IGWN-GWTC2p1-v2-GW190929_012149_PEDataRelease_mixed_nocosmo.h5,GWTC-2.1,C01:IMRPhenomXPHM,5.14432,0.2187,1,0.43781,0.46502,0.17493,0.4-0.6,-0.02032,0.024737,0.95053,153782
6513631/IGWN-GWTC2p1-v2-GW190930_133541_PEDataRelease_mixed_nocosmo.h5,GWTC-2.1,C01:IMRPhenomXPHM,5.34801,0.17477,1,0.62485,0.60863,0.23197,0.6-0.8,0.14869,0.048,0.904,137344
8177023/IGWN-GWTC3p0-v2-GW191103_012549_PEDataRelease_mixed_nocosmo.h5,GWTC-3,C01:IMRPhenomXPHM,5.39454,0.13019,1,0.64542,0.63549,0.21468,0.6-0.8,0.21747,0.061875,0.87625,167837
8177023/IGWN-GWTC3p0-v2-GW191105_143521_PEDataRelease_mixed_nocosmo.h5,GWTC-3,C01:IMRPhenomXPHM,5.3138,0.08988,1,0.69057,0.68303,0.18572,0.6-0.8,-0.01765,0.006971,0.98606,142741
8177023/IGWN-GWTC3p0-v2-GW191109_010717_PEDataRelease_mixed_nocosmo.h5,GWTC-3,C01:IMRPhenomXPHM,5.22473,0.13003,1,0.73801,0.73825,0.14196,0.6-0.8,-0.29381,0.136135,0.72773,270070
8177023/IGWN-GWTC3p0-v2-GW191113_071753_PEDataRelease_mixed_nocosmo.h5,GWTC-3,C01:IMRPhenomXPHM,4.64229,0.32157,0,0.19933,0.27361,0.18368,0.0-0.2,0.01005,0.032271,0.93546,129899
8177023/IGWN-GWTC3p0-v2-GW191126_115259_PEDataRelease_mixed_nocosmo.h5,GWTC-3,C01:IMRPhenomXPHM,5.40293,0.10477,1,0.6767,0.66808,0.19554,0.6-0.8,0.21218,0.054525,0.89095,158918
8177023/IGWN-GWTC3p0-v2-GW191127_050227_PEDataRelease_mixed_nocosmo.h5,GWTC-3,C01:IMRPhenomXPHM,5.30971,0.37063,1,0.46992,0.49704,0.25391,0.4-0.6,0.25876,0.104756,0.79049,185048
8177023/IGWN-GWTC3p0-v2-GW191129_134029_PEDataRelease_mixed_nocosmo.h5,GWTC-3,C01:IMRPhenomXPHM,5.30884,0.0916,1,0.5962,0.61266,0.18571,0.4-0.6,0.06575,0.013057,0.97389,135743
8177023/IGWN-GWTC3p0-v2-GW191204_110529_PEDataRelease_mixed_nocosmo.h5,GWTC-3,C01:IMRPhenomXPHM,5.34086,0.14486,1,0.72016,0.7006,0.19212,0.6-0.8,0.04441,0.02794,0.94412,155223
8177023/IGWN-GWTC3p0-v2-GW191204_171526_PEDataRelease_mixed_nocosmo.h5,GWTC-3,C01:IMRPhenomXPHM,5.38686,0.06349,1,0.65795,0.66562,0.15914,0.6-0.8,0.15941,0.029363,0.94127,206292
8177023/IGWN-GWTC3p0-v2-GW191215_223052_PEDataRelease_mixed_nocosmo.h5,GWTC-3,C01:IMRPhenomXPHM,5.31361,0.07863,1,0.73979,0.73202,0.15965,0.6-0.8,-0.0423,0.015937,0.96813,20000
8177023/IGWN-GWTC3p0-v2-GW191216_213338_PEDataRelease_mixed_nocosmo.h5,GWTC-3,C01:IMRPhenomXPHM,5.3247,0.14214,1,0.5808,0.59603,0.19714,0.4-0.6,0.11733,0.028509,0.94298,315108
8177023/IGWN-GWTC3p0-v2-GW191219_163120_PEDataRelease_mixed_nocosmo.h5,GWTC-3,C01:IMRPhenomXPHM:HighSpin,3.27267,0.06026,0,0.03697,0.03753,0.01117,0.0-0.2,0.005,0.002319,0.99536,20000
8177023/IGWN-GWTC3p0-v2-GW191222_033537_PEDataRelease_mixed_nocosmo.h5,GWTC-3,C01:IMRPhenomXPHM,5.3257,0.09348,1,0.77525,0.75579,0.15878,0.6-0.8,-0.03986,0.020083,0.95983,135537
8177023/IGWN-GWTC3p0-v2-GW191230_180458_PEDataRelease_mixed_nocosmo.h5,GWTC-3,C01:IMRPhenomXPHM,5.32517,0.11144,1,0.7748,0.75269,0.16616,0.6-0.8,-0.03895,0.031227,0.93755,139585
8177023/IGWN-GWTC3p0-v2-GW200105_162426_PEDataRelease_mixed_nocosmo.h5,GWTC-3,C01:IMRPhenomXPHM,4.68829,0.13669,0,0.21063,0.22439,0.08433,0.2-0.4,0.00069,0.016364,0.96727,20000
8177023/IGWN-GWTC3p0-v2-GW200112_155838_PEDataRelease_mixed_nocosmo.h5,GWTC-3,C01:IMRPhenomXPHM,5.3634,0.06569,1,0.75936,0.75497,0.14322,0.6-0.8,0.04814,0.010248,0.9795,157304
8177023/IGWN-GWTC3p0-v2-GW200115_042309_PEDataRelease_mixed_nocosmo.h5,GWTC-3,C01:IMRPhenomXPHM:HighSpin,4.74169,0.21101,0,0.25013,0.29895,0.15791,0.2-0.4,-0.16874,0.074494,0.85101,20000
8177023/IGWN-GWTC3p0-v2-GW200128_022011_PEDataRelease_mixed_nocosmo.h5,GWTC-3,C01:IMRPhenomXPHM,5.3861,0.09111,1,0.78723,0.76857,0.15109,0.6-0.8,0.0915,0.026578,0.94684,150506
8177023/IGWN-GWTC3p0-v2-GW200129_065458_PEDataRelease_mixed_nocosmo.h5,GWTC-3,C01:IMRPhenomXPHM,5.38486,0.10561,1,0.71665,0.70049,0.1834,0.6-0.8,0.10956,0.019607,0.96079,148072
8177023/IGWN-GWTC3p0-v2-GW200202_154313_PEDataRelease_mixed_nocosmo.h5,GWTC-3,C01:IMRPhenomXPHM,5.34602,0.08729,1,0.71178,0.69921,0.18553,0.6-0.8,0.03626,0.008126,0.98375,170115
8177023/IGWN-GWTC3p0-v2-GW200208_130117_PEDataRelease_mixed_nocosmo.h5,GWTC-3,C01:IMRPhenomXPHM,5.30511,0.10359,1,0.73449,0.72571,0.16289,0.6-0.8,-0.06466,0.028217,0.94357,104414
8177023/IGWN-GWTC3p0-v2-GW200208_222617_PEDataRelease_mixed_nocosmo.h5,GWTC-3,C01:IMRPhenomXPHM,5.04559,0.39244,1,0.15946,0.24948,0.21994,0.0-0.2,0.66692,0.409085,0.18183,209178
8177023/IGWN-GWTC3p0-v2-GW200209_085452_PEDataRelease_mixed_nocosmo.h5,GWTC-3,C01:IMRPhenomXPHM,5.30377,0.09325,1,0.78983,0.77137,0.15041,0.6-0.8,-0.10655,0.04166,0.91668,161419
8177023/IGWN-GWTC3p0-v2-GW200210_092254_PEDataRelease_mixed_nocosmo.h5,GWTC-3,C01:IMRPhenomXPHM,4.22785,0.15017,0,0.11488,0.11639,0.03707,0.0-0.2,0.03108,0.024277,0.95145,141688
8177023/IGWN-GWTC3p0-v2-GW200216_220804_PEDataRelease_mixed_nocosmo.h5,GWTC-3,C01:IMRPhenomXPHM,5.34859,0.22306,1,0.65408,0.6363,0.22191,0.6-0.8,0.12547,0.055521,0.88896,145692
8177023/IGWN-GWTC3p0-v2-GW200219_094415_PEDataRelease_mixed_nocosmo.h5,GWTC-3,C01:IMRPhenomXPHM,5.30588,0.09839,1,0.76732,0.75035,0.15951,0.6-0.8,-0.0841,0.031461,0.93708,154656
8177023/IGWN-GWTC3p0-v2-GW200220_061928_PEDataRelease_mixed_nocosmo.h5,GWTC-3,C01:IMRPhenomXPHM,5.35991,0.16681,1,0.73644,0.71139,0.19067,0.6-0.8,0.08048,0.060295,0.87941,123819
8177023/IGWN-GWTC3p0-v2-GW200220_124850_PEDataRelease_mixed_nocosmo.h5,GWTC-3,C01:IMRPhenomXPHM,5.31584,0.10604,1,0.76008,0.74553,0.1603,0.6-0.8,-0.05354,0.034344,0.93131,96667
8177023/IGWN-GWTC3p0-v2-GW200224_222234_PEDataRelease_mixed_nocosmo.h5,GWTC-3,C01:IMRPhenomXPHM,5.39961,0.0731,1,0.8039,0.78868,0.13806,0.8-1.0,0.10325,0.018346,0.96331,216261
8177023/IGWN-GWTC3p0-v2-GW200225_060421_PEDataRelease_mixed_nocosmo.h5,GWTC-3,C01:IMRPhenomXPHM,5.2858,0.09283,1,0.73332,0.72829,0.15919,0.6-0.8,-0.12709,0.039429,0.92114,195767
8177023/IGWN-GWTC3p0-v2-GW200302_015811_PEDataRelease_mixed_nocosmo.h5,GWTC-3,C01:IMRPhenomXPHM,5.22511,0.16147,1,0.507,0.54239,0.17098,0.4-0.6,0.0131,0.023058,0.95388,104245
8177023/IGWN-GWTC3p0-v2-GW200306_093714_PEDataRelease_mixed_nocosmo.h5,GWTC-3,C01:IMRPhenomXPHM,5.421,0.26437,1,0.55894,0.57007,0.21691,0.4-0.6,0.35688,0.144436,0.71113,116436
8177023/IGWN-GWTC3p0-v2-GW200308_173609_PEDataRelease_mixed_nocosmo.h5,GWTC-3,C01:IMRPhenomXPHM,5.17086,0.53186,1,0.39257,0.43139,0.26823,0.2-0.4,0.0576,0.102287,0.79543,132606
8177023/IGWN-GWTC3p0-v2-GW200311_115853_PEDataRelease_mixed_nocosmo.h5,GWTC-3,C01:IMRPhenomXPHM,5.33905,0.07449,1,0.7965,0.77831,0.14543,0.6-0.8,-0.03254,0.013087,0.97383,202628
8177023/IGWN-GWTC3p0-v2-GW200316_215756_PEDataRelease_mixed_nocosmo.h5,GWTC-3,C01:IMRPhenomXPHM,5.29347,0.17645,1,0.52251,0.53266,0.22272,0.4-0.6,0.14885,0.048189,0.90362,134403
8177023/IGWN-GWTC3p0-v2-GW200322_091133_PEDataRelease_mixed_nocosmo.h5,GWTC-3,C01:IMRPhenomXPHM,4.63211,0.8829,0,0.18575,0.30921,0.29074,0.0-0.2,0.03725,0.102115,0.79577,137340
IGWN-GWTC4p0-0f954158d_720-GW230518_125908-combined_PEDataRelease.hdf5,UNKNOWN,C00:IMRPhenomXPHM-SpinTaylor,4.55241,0.06338,0,0.17666,0.1796,0.02246,0.0-0.2,-0.01241,0.004319,0.99136,11711
IGWN-GWTC4p0-0f954158d_720-GW230529_181500-combined_PEDataRelease.hdf5,UNKNOWN,C00:IMRPhenomXPHM:HighSpin,5.06675,0.11441,1,0.40954,0.45944,0.16806,0.4-0.6,-0.11246,0.022446,0.95511,5489
IGWN-GWTC4p0-0f954158d_720-GW230601_224134-combined_PEDataRelease.hdf5,UNKNOWN,C00:IMRPhenomXPHM-SpinTaylor,5.30293,0.11634,1,0.67657,0.67313,0.16445,0.6-0.8,-0.02015,0.029146,0.94171,14438
IGWN-GWTC4p0-0f954158d_720-GW230605_065343-combined_PEDataRelease.hdf5,UNKNOWN,C00:IMRPhenomXPHM-SpinTaylor,5.3287,0.08123,1,0.64059,0.6492,0.17979,0.6-0.8,0.06829,0.012117,0.97577,15769
IGWN-GWTC4p0-0f954158d_720-GW230606_004305-combined_PEDataRelease.hdf5,UNKNOWN,C00:IMRPhenomXPHM-SpinTaylor,5.2668,0.12462,1,0.71261,0.70306,0.18057,0.6-0.8,-0.13613,0.047134,0.90573,13904
IGWN-GWTC4p0-0f954158d_720-GW230608_205047-combined_PEDataRelease.hdf5,UNKNOWN,C00:IMRPhenomXPHM-SpinTaylor,5.32344,0.15037,1,0.63526,0.64586,0.18622,0.6-0.8,0.04976,0.025179,0.94964,13528
IGWN-GWTC4p0-0f954158d_720-GW230609_064958-combined_PEDataRelease.hdf5,UNKNOWN,C00:IMRPhenomXPHM-SpinTaylor,5.27794,0.10504,1,0.73367,0.72429,0.16369,0.6-0.8,-0.14268,0.04407,0.91186,13019
IGWN-GWTC4p0-0f954158d_720-GW230624_113103-combined_PEDataRelease.hdf5,UNKNOWN,C00:IMRPhenomXPHM-SpinTaylor,5.34441,0.13217,1,0.62524,0.63321,0.18815,0.6-0.8,0.13669,0.040467,0.91907,15846
IGWN-GWTC4p0-0f954158d_720-GW230627_015337-combined_PEDataRelease.hdf5,UNKNOWN,C00:IMRPhenomXPHM-SpinTaylor,5.33628,0.04277,1,0.69043,0.69999,0.14099,0.6-0.8,0.02096,0.00246,0.99508,9688
IGWN-GWTC4p0-0f954158d_720-GW230628_231200-combined_PEDataRelease.hdf5,UNKNOWN,C00:IMRPhenomXPHM-SpinTaylor,5.36124,0.05125,1,0.84659,0.82785,0.11913,0.8-1.0,-0.00228,0.008476,0.98305,15446
IGWN-GWTC4p0-0f954158d_720-GW230630_125806-combined_PEDataRelease.hdf5,UNKNOWN,C00:IMRPhenomXPHM-SpinTaylor,5.39305,0.18689,1,0.65128,0.64615,0.19848,0.6-0.8,0.20262,0.074721,0.85056,16819
IGWN-GWTC4p0-0f954158d_720-GW230630_234532-combined_PEDataRelease.hdf5,UNKNOWN,C00:IMRPhenomXPHM-SpinTaylor,5.30131,0.07368,1,0.67306,0.67719,0.17787,0.6-0.8,-0.04014,0.005964,0.98807,15135
IGWN-GWTC4p0-0f954158d_720-GW230702_185453-combined_PEDataRelease.hdf5,UNKNOWN,C00:IMRPhenomXPHM-SpinTaylor,5.13821,0.22133,1,0.4074,0.45721,0.21633,0.4-0.6,0.05871,0.029262,0.94148,17288
IGWN-GWTC4p0-0f954158d_720-GW230704_021211-combined_PEDataRelease.hdf5,UNKNOWN,C00:IMRPhenomXPHM-SpinTaylor,5.28105,0.12649,1,0.60694,0.62384,0.17741,0.6-0.8,-0.01389,0.016133,0.96773,23018
IGWN-GWTC4p0-0f954158d_720-GW230704_212616-combined_PEDataRelease.hdf5,UNKNOWN,C00:IMRPhenomXPHM-SpinTaylor,5.38206,0.25624,1,0.49525,0.51454,0.22369,0.4-0.6,0.37719,0.170918,0.65816,23006
IGWN-GWTC4p0-0f954158d_720-GW230706_104333-combined_PEDataRelease.hdf5,UNKNOWN,C00:IMRPhenomXPHM-SpinTaylor,5.40878,0.07499,1,0.71357,0.71069,0.16629,0.6-0.8,0.19291,0.042923,0.91415,15235
IGWN-GWTC4p0-0f954158d_720-GW230707_124047-combined_PEDataRelease.hdf5,UNKNOWN,C00:IMRPhenomXPHM-SpinTaylor,5.333,0.08199,1,0.81336,0.79453,0.13931,0.8-1.0,-0.04347,0.027165,0.94567,13678
IGWN-GWTC4p0-0f954158d_720-GW230708_053705-combined_PEDataRelease.hdf5,UNKNOWN,C00:IMRPhenomXPHM-SpinTaylor,5.38436,0.07464,1,0.80791,0.79229,0.1362,0.8-1.0,0.07729,0.024566,0.95087,15934
IGWN-GWTC4p0-0f954158d_720-GW230708_230935-combined_PEDataRelease.hdf5,UNKNOWN,C00:IMRPhenomXPHM-SpinTaylor,5.29116,0.16924,1,0.59922,0.60628,0.18692,0.4-0.6,0.02428,0.028352,0.9433,14977
IGWN-GWTC4p0-0f954158d_720-GW230709_122727-combined_PEDataRelease.hdf5,UNKNOWN,C00:IMRPhenomXPHM-SpinTaylor,5.35381,0.1688,1,0.69728,0.67967,0.19949,0.6-0.8,0.09451,0.041512,0.91698,12263
IGWN-GWTC4p0-0f954158d_720-GW230712_090405-combined_PEDataRelease.hdf5,UNKNOWN,C00:IMRPhenomXPHM-SpinTaylor,5.08814,0.27933,1,0.40744,0.46694,0.23282,0.4-0.6,-0.04105,0.035241,0.92952,26163
IGWN-GWTC4p0-0f954158d_720-GW230723_101834-combined_PEDataRelease.hdf5,UNKNOWN,C00:IMRPhenomXPHM-SpinTaylor,5.24801,0.10718,1,0.63771,0.65006,0.1799,0.6-0.8,-0.15887,0.043988,0.91202,15000
IGWN-GWTC4p0-0f954158d_720-GW230726_002940-combined_PEDataRelease.hdf5,UNKNOWN,C00:IMRPhenomXPHM-SpinTaylor,5.34321,0.06778,1,0.79975,0.78673,0.13407,0.6-0.8,-0.01655,0.016669,0.96666,13791
IGWN-GWTC4p0-0f954158d_720-GW230729_082317-combined_PEDataRelease.hdf5,UNKNOWN,C00:IMRPhenomXPHM-SpinTaylor,5.33515,0.14794,1,0.61037,0.60363,0.22729,0.6-0.8,0.12476,0.0339,0.9322,12605
IGWN-GWTC4p0-0f954158d_720-GW230731_215307-combined_PEDataRelease.hdf5,UNKNOWN,C00:IMRPhenomXPHM-SpinTaylor,5.32715,0.04799,1,0.76269,0.74916,0.15522,0.6-0.8,-0.04788,0.00414,0.99172,10904
IGWN-GWTC4p0-0f954158d_720-GW230803_033412-combined_PEDataRelease.hdf5,UNKNOWN,C00:IMRPhenomXPHM-SpinTaylor,5.33373,0.15002,1,0.60337,0.62248,0.18664,0.6-0.8,0.09899,0.039639,0.92072,16784
IGWN-GWTC4p0-0f954158d_720-GW230805_034249-combined_PEDataRelease.hdf5,UNKNOWN,C00:IMRPhenomXPHM-SpinTaylor,5.33543,0.15431,1,0.63868,0.64204,0.19697,0.6-0.8,0.08199,0.030235,0.93953,16941
IGWN-GWTC4p0-0f954158d_720-GW230806_204041-combined_PEDataRelease.hdf5,UNKNOWN,C00:IMRPhenomXPHM-SpinTaylor,5.36262,0.13465,1,0.71172,0.70026,0.18226,0.6-0.8,0.09289,0.034113,0.93177,14235
IGWN-GWTC4p0-0f954158d_720-GW230811_032116-combined_PEDataRelease.hdf5,UNKNOWN,C00:IMRPhenomXPHM-SpinTaylor,5.30473,0.09819,1,0.61686,0.63363,0.15112,0.6-0.8,0.01711,0.010668,0.97866,17874
IGWN-GWTC4p0-0f954158d_720-GW230814_061920-combined_PEDataRelease.hdf5,UNKNOWN,C00:IMRPhenomXPHM-SpinTaylor,5.31596,0.1325,1,0.61911,0.62659,0.16245,0.6-0.8,0.05286,0.024317,0.95137,13478
IGWN-GWTC4p0-0f954158d_720-GW230814_230901-combined_PEDataRelease.hdf5,UNKNOWN,C00:IMRPhenomXPHM-SpinTaylor,5.35945,0.01846,1,0.84942,0.84568,0.06712,0.8-1.0,-0.01034,0.001464,0.99707,13460
IGWN-GWTC4p0-0f954158d_720-GW230819_171910-combined_PEDataRelease.hdf5,UNKNOWN,C00:IMRPhenomXPHM-SpinTaylor,5.14527,0.30734,1,0.45421,0.48981,0.2426,0.4-0.6,-0.02915,0.058953,0.88209,15680
IGWN-GWTC4p0-0f954158d_720-GW230820_212515-combined_PEDataRelease.hdf5,UNKNOWN,C00:IMRPhenomXPHM-SpinTaylor,5.31583,0.30179,1,0.49429,0.52463,0.24894,0.4-0.6,0.20929,0.076684,0.84663,15759
IGWN-GWTC4p0-0f954158d_720-GW230824_033047-combined_PEDataRelease.hdf5,UNKNOWN,C00:IMRPhenomXPHM-SpinTaylor,5.32298,0.13723,1,0.6918,0.68348,0.18411,0.6-0.8,0.00218,0.019497,0.96101,13206
IGWN-GWTC4p0-0f954158d_720-GW230825_041334-combined_PEDataRelease.hdf5,UNKNOWN,C00:IMRPhenomXPHM-SpinTaylor,5.46935,0.14311,1,0.65702,0.66567,0.17575,0.6-0.8,0.31738,0.118134,0.76373,13826
IGWN-GWTC4p0-0f954158d_720-GW230831_015414-combined_PEDataRelease.hdf5,UNKNOWN,C00:IMRPhenomXPHM-SpinTaylor,5.35369,0.12777,1,0.7468,0.72698,0.17491,0.6-0.8,0.04275,0.02945,0.9411,14508
IGWN-GWTC4p0-0f954158d_720-GW230904_051013-combined_PEDataRelease.hdf5,UNKNOWN,C00:IMRPhenomXPHM-SpinTaylor,5.33891,0.08416,1,0.66988,0.66796,0.18772,0.6-0.8,0.05618,0.010255,0.97949,15560
IGWN-GWTC4p0-0f954158d_720-GW230911_195324-combined_PEDataRelease.hdf5,UNKNOWN,C00:IMRPhenomXPHM-SpinTaylor,5.25947,0.11833,1,0.56288,0.58062,0.14287,0.4-0.6,-0.029,0.015676,0.96865,18595
IGWN-GWTC4p0-0f954158d_720-GW230914_111401-combined_PEDataRelease.hdf5,UNKNOWN,C00:IMRPhenomXPHM-SpinTaylor,5.33799,0.13903,1,0.60557,0.61926,0.16888,0.6-0.8,0.12752,0.029849,0.9403,18353
IGWN-GWTC4p0-0f954158d_720-GW230919_215712-combined_PEDataRelease.hdf5,UNKNOWN,C00:IMRPhenomXPHM-SpinTaylor,5.42664,0.04916,1,0.79663,0.78512,0.13302,0.6-0.8,0.18229,0.038588,0.92282,15670
IGWN-GWTC4p0-0f954158d_720-GW230920_071124-combined_PEDataRelease.hdf5,UNKNOWN,C00:IMRPhenomXPHM-SpinTaylor,5.34031,0.10097,1,0.75689,0.74088,0.16279,0.6-0.8,-0.00189,0.016115,0.96777,15199
IGWN-GWTC4p0-0f954158d_720-GW230922_020344-combined_PEDataRelease.hdf5,UNKNOWN,C00:IMRPhenomXPHM-SpinTaylor,5.34382,0.0785,1,0.70151,0.7085,0.1502,0.6-0.8,0.03535,0.014453,0.97109,19000
IGWN-GWTC4p0-0f954158d_720-GW230922_040658-combined_PEDataRelease.hdf5,UNKNOWN,C00:IMRPhenomXPHM-SpinTaylor,5.4457,0.22737,1,0.65244,0.62953,0.23072,0.6-0.8,0.33778,0.132894,0.73421,14201
IGWN-GWTC4p0-0f954158d_720-GW230924_124453-combined_PEDataRelease.hdf5,UNKNOWN,C00:IMRPhenomXPHM-SpinTaylor,5.36288,0.05297,1,0.812,0.80153,0.12456,0.8-1.0,0.01957,0.010037,0.97993,14630
IGWN-GWTC4p0-0f954158d_720-GW230927_043729-combined_PEDataRelease.hdf5,UNKNOWN,C00:IMRPhenomXPHM-SpinTaylor,5.35326,0.07204,1,0.80559,0.78712,0.13981,0.8-1.0,0.0071,0.014509,0.97098,13148
IGWN-GWTC4p0-0f954158d_720-GW230927_153832-combined_PEDataRelease.hdf5,UNKNOWN,C00:IMRPhenomXPHM-SpinTaylor,5.35863,0.03783,1,0.74421,0.75082,0.12318,0.6-0.8,0.04056,0.003613,0.99277,14161
IGWN-GWTC4p0-0f954158d_720-GW230928_215827-combined_PEDataRelease.hdf5,UNKNOWN,C00:IMRPhenomXPHM-SpinTaylor,5.50068,0.16403,1,0.5473,0.55836,0.15648,0.4-0.6,0.42045,0.182629,0.63474,19357
IGWN-GWTC4p0-0f954158d_720-GW230930_110730-combined_PEDataRelease.hdf5,UNKNOWN,C00:IMRPhenomXPHM-SpinTaylor,5.34389,0.1146,1,0.73955,0.7237,0.17283,0.6-0.8,0.02766,0.024363,0.95127,11732
IGWN-GWTC4p0-0f954158d_720-GW231001_140220-combined_PEDataRelease.hdf5,UNKNOWN,C00:IMRPhenomXPHM-SpinTaylor,5.20984,0.18448,1,0.52035,0.5396,0.16903,0.4-0.6,-0.04788,0.039667,0.92067,16041
IGWN-GWTC4p0-0f954158d_720-GW231004_232346-combined_PEDataRelease.hdf5,UNKNOWN,C00:IMRPhenomXPHM-SpinTaylor,5.20081,0.18936,1,0.51348,0.5367,0.18361,0.4-0.6,-0.05118,0.042652,0.9147,15804
IGWN-GWTC4p0-0f954158d_720-GW231005_021030-combined_PEDataRelease.hdf5,UNKNOWN,C00:IMRPhenomXPHM-SpinTaylor,5.31847,0.18777,1,0.57679,0.58798,0.19637,0.4-0.6,0.11233,0.059978,0.88004,13730
IGWN-GWTC4p0-0f954158d_720-GW231005_091549-combined_PEDataRelease.hdf5,UNKNOWN,C00:IMRPhenomXPHM-SpinTaylor,5.32519,0.10717,1,0.77237,0.75084,0.16466,0.6-0.8,-0.03843,0.023047,0.95391,12902
IGWN-GWTC4p0-0f954158d_720-GW231008_142521-combined_PEDataRelease.hdf5,UNKNOWN,C00:IMRPhenomXPHM-SpinTaylor,5.25411,0.18451,1,0.5675,0.58376,0.19713,0.4-0.6,-0.02524,0.022363,0.95527,16800
IGWN-GWTC4p0-0f954158d_720-GW231014_040532-combined_PEDataRelease.hdf5,UNKNOWN,C00:IMRPhenomXPHM-SpinTaylor,5.39742,0.13692,1,0.71622,0.69985,0.18775,0.6-0.8,0.18128,0.05586,0.88828,16903
IGWN-GWTC4p0-0f954158d_720-GW231018_233037-combined_PEDataRelease.hdf5,UNKNOWN,C00:IMRPhenomXPHM-SpinTaylor,5.29969,0.11047,1,0.62337,0.63263,0.19261,0.6-0.8,0.01478,0.009188,0.98162,15611
IGWN-GWTC4p0-0f954158d_720-GW231020_142947-combined_PEDataRelease.hdf5,UNKNOWN,C00:IMRPhenomXPHM-SpinTaylor,5.34416,0.15539,1,0.60707,0.59253,0.23876,0.6-0.8,0.15116,0.043661,0.91268,14942
IGWN-GWTC4p0-0f954158d_720-GW231028_153006-combined_PEDataRelease.hdf5,UNKNOWN,C00:IMRPhenomXPHM-SpinTaylor,5.58597,0.12946,1,0.69981,0.68343,0.17968,0.6-0.8,0.49569,0.250419,0.49916,15128
IGWN-GWTC4p0-0f954158d_720-GW231029_111508-combined_PEDataRelease.hdf5,UNKNOWN,C00:IMRPhenomXPHM-SpinTaylor,5.35636,0.16123,1,0.62313,0.6335,0.18619,0.6-0.8,0.14528,0.041772,0.91646,13488
IGWN-GWTC4p0-0f954158d_720-GW231102_071736-combined_PEDataRelease.hdf5,UNKNOWN,C00:IMRPhenomXPHM-SpinTaylor,5.36361,0.09338,1,0.70494,0.70625,0.14524,0.6-0.8,0.07405,0.019582,0.96084,15330
IGWN-GWTC4p0-0f954158d_720-GW231104_133418-combined_PEDataRelease.hdf5,UNKNOWN,C00:IMRPhenomXPHM-SpinTaylor,5.3873,0.07213,1,0.7054,0.69847,0.17636,0.6-0.8,0.14553,0.026367,0.94727,13042
IGWN-GWTC4p0-0f954158d_720-GW231108_125142-combined_PEDataRelease.hdf5,UNKNOWN,C00:IMRPhenomXPHM-SpinTaylor,5.31141,0.04841,1,0.75329,0.75435,0.13559,0.6-0.8,-0.07625,0.012383,0.97523,16031
IGWN-GWTC4p0-0f954158d_720-GW231110_040320-combined_PEDataRelease.hdf5,UNKNOWN,C00:IMRPhenomXPHM-SpinTaylor,5.37099,0.08562,1,0.62221,0.6406,0.16952,0.6-0.8,0.17464,0.036001,0.928,16586
IGWN-GWTC4p0-0f954158d_720-GW231113_122623-combined_PEDataRelease.hdf5,UNKNOWN,C00:IMRPhenomXPHM-SpinTaylor,5.49228,0.16196,1,0.67966,0.67035,0.19191,0.6-0.8,0.36482,0.148738,0.70252,17278
IGWN-GWTC4p0-0f954158d_720-GW231113_200417-combined_PEDataRelease.hdf5,UNKNOWN,C00:IMRPhenomXPHM-SpinTaylor,5.36428,0.08846,1,0.65852,0.66302,0.18638,0.6-0.8,0.12531,0.022627,0.95475,13984
IGWN-GWTC4p0-0f954158d_720-GW231114_043211-combined_PEDataRelease.hdf5,UNKNOWN,C00:IMRPhenomXPHM-SpinTaylor,5.07038,0.15025,1,0.35297,0.36522,0.12405,0.2-0.4,0.09097,0.021987,0.95603,17986
IGWN-GWTC4p0-0f954158d_720-GW231118_005626-combined_PEDataRelease.hdf5,UNKNOWN,C00:IMRPhenomXPHM-SpinTaylor,5.41535,0.11216,1,0.49115,0.5202,0.17094,0.4-0.6,0.39286,0.157454,0.68509,17887
IGWN-GWTC4p0-0f954158d_720-GW231118_071402-combined_PEDataRelease.hdf5,UNKNOWN,C00:IMRPhenomXPHM-SpinTaylor,5.38122,0.1401,1,0.71392,0.70234,0.18033,0.6-0.8,0.12777,0.044648,0.9107,15567
IGWN-GWTC4p0-0f954158d_720-GW231118_090602-combined_PEDataRelease.hdf5,UNKNOWN,C00:IMRPhenomXPHM-SpinTaylor,5.25852,0.26587,1,0.49024,0.49206,0.26297,0.4-0.6,0.11951,0.060212,0.87958,17286
IGWN-GWTC4p0-0f954158d_720-GW231119_075248-combined_PEDataRelease.hdf5,UNKNOWN,C00:IMRPhenomXPHM-SpinTaylor,5.32686,0.15115,1,0.73004,0.70539,0.19272,0.6-0.8,-0.00049,0.027941,0.94412,14216
IGWN-GWTC4p0-0f954158d_720-GW231123_135430-combined_PEDataRelease.hdf5,UNKNOWN,C00:IMRPhenomXPHM-SpinTaylor,5.2957,0.07631,1,0.62225,0.6206,0.07476,0.6-0.8,0.03907,0.013708,0.97258,19980
IGWN-GWTC4p0-0f954158d_720-GW231127_165300-combined_PEDataRelease.hdf5,UNKNOWN,C00:IMRPhenomXPHM-SpinTaylor,5.306,0.19005,1,0.6182,0.62277,0.2014,0.6-0.8,0.04064,0.036807,0.92639,14592
IGWN-GWTC4p0-0f954158d_720-GW231129_081745-combined_PEDataRelease.hdf5,UNKNOWN,C00:IMRPhenomXPHM-SpinTaylor,5.26245,0.16046,1,0.53599,0.55649,0.16424,0.4-0.6,0.0274,0.02336,0.95328,14785
IGWN-GWTC4p0-0f954158d_720-GW231206_233134-combined_PEDataRelease.hdf5,UNKNOWN,C00:IMRPhenomXPHM-SpinTaylor,5.31785,0.07233,1,0.81472,0.7965,0.13465,0.8-1.0,-0.09006,0.027235,0.94553,13230
IGWN-GWTC4p0-0f954158d_720-GW231206_233901-combined_PEDataRelease.hdf5,UNKNOWN,C00:IMRPhenomXPHM-SpinTaylor,5.33583,0.0652,1,0.77253,0.76092,0.14713,0.6-0.8,-0.02925,0.00748,0.98504,15034
IGWN-GWTC4p0-0f954158d_720-GW231213_111417-combined_PEDataRelease.hdf5,UNKNOWN,C00:IMRPhenomXPHM-SpinTaylor,5.38029,0.09033,1,0.79446,0.77334,0.15137,0.6-0.8,0.0767,0.024746,0.95051,14380
IGWN-GWTC4p0-0f954158d_720-GW231221_135041-combined_PEDataRelease.hdf5,UNKNOWN,C00:IMRPhenomXPHM-SpinTaylor,5.29813,0.20095,1,0.64045,0.62499,0.22841,0.6-0.8,0.03933,0.057907,0.88419,16198
IGWN-GWTC4p0-0f954158d_720-GW231223_032836-combined_PEDataRelease.hdf5,UNKNOWN,C00:IMRPhenomXPHM-SpinTaylor,5.23927,0.16868,1,0.69936,0.67008,0.2137,0.6-0.8,-0.16159,0.074438,0.85112,15011
IGWN-GWTC4p0-0f954158d_720-GW231223_075055-combined_PEDataRelease.hdf5,UNKNOWN,C00:IMRPhenomXPHM-SpinTaylor,5.2897,0.13807,1,0.56248,0.57996,0.2124,0.4-0.6,0.07208,0.018654,0.96269,18392
IGWN-GWTC4p0-0f954158d_720-GW231223_202619-combined_PEDataRelease.hdf5,UNKNOWN,C00:IMRPhenomXPHM-SpinTaylor,5.37843,0.06877,1,0.74686,0.73004,0.16758,0.6-0.8,0.10497,0.017811,0.96438,13892
IGWN-GWTC4p0-0f954158d_720-GW231224_024321-combined_PEDataRelease.hdf5,UNKNOWN,C00:IMRPhenomXPHM-SpinTaylor,5.34842,0.03787,1,0.78265,0.77238,0.13975,0.6-0.8,-0.00516,0.001586,0.99683,16775
IGWN-GWTC4p0-0f954158d_720-GW231226_101520-combined_PEDataRelease.hdf5,UNKNOWN,C00:IMRPhenomXPHM-SpinTaylor,5.33863,0.02668,1,0.87799,0.86,0.0999,0.8-1.0,-0.0738,0.007762,0.98448,15030
IGWN-GWTC4p0-0f954158d_720-GW231230_170116-combined_PEDataRelease.hdf5,UNKNOWN,C00:IMRPhenomXPHM-SpinTaylor,5.22859,0.18299,1,0.70244,0.67993,0.20393,0.6-0.8,-0.21668,0.088637,0.82273,15694
IGWN-GWTC4p0-0f954158d_720-GW231231_154016-combined_PEDataRelease.hdf5,UNKNOWN,C00:IMRPhenomXPHM-SpinTaylor,5.33311,0.04632,1,0.76562,0.76202,0.13688,0.6-0.8,-0.02865,0.005346,0.98931,13245
IGWN-GWTC4p0-0f954158d_720-GW240104_164932-combined_PEDataRelease.hdf5,UNKNOWN,C00:IMRPhenomXPHM-SpinTaylor,5.39889,0.08088,1,0.77846,0.76549,0.14628,0.6-0.8,0.12554,0.027053,0.94589,14325
IGWN-GWTC4p0-0f954158d_720-GW240107_013215-combined_PEDataRelease.hdf5,UNKNOWN,C00:IMRPhenomXPHM-SpinTaylor,5.36989,0.28232,1,0.49832,0.52805,0.24498,0.4-0.6,0.33875,0.143914,0.71217,18048
IGWN-GWTC4p0-0f954158d_720-GW240109_050431-combined_PEDataRelease.hdf5,UNKNOWN,C00:IMRPhenomXPHM-SpinTaylor,5.25834,0.0862,1,0.61685,0.63758,0.15039,0.6-0.8,-0.07599,0.021558,0.95688,15285
