event_file,catalog,event_type,waveform_key,median_n,std_n,in_bbh_band,median_chi_eff
6513631/IGWN-GWTC2p1-v2-GW150914_095045_PEDataRelease_mixed_nocosmo.h5,GWTC-2.1,BBH,C01:IMRPhenomXPHM,5.34051,0.04596,1,-0.05474
6513631/IGWN-GWTC2p1-v2-GW151012_095443_PEDataRelease_mixed_nocosmo.h5,GWTC-2.1,BBH,C01:IMRPhenomXPHM,5.29529,0.20384,1,0.11781
6513631/IGWN-GWTC2p1-v2-GW151226_033853_PEDataRelease_mixed_nocosmo.h5,GWTC-2.1,BBH,C01:IMRPhenomXPHM,5.33179,0.18991,1,0.20309
6513631/IGWN-GWTC2p1-v2-GW170104_101158_PEDataRelease_mixed_nocosmo.h5,GWTC-2.1,BBH,C01:IMRPhenomXPHM,5.31072,0.08524,1,-0.03911
6513631/IGWN-GWTC2p1-v2-GW170608_020116_PEDataRelease_mixed_nocosmo.h5,GWTC-2.1,BBH,C01:IMRPhenomXPHM,5.3509,0.08871,1,0.0436
6513631/IGWN-GWTC2p1-v2-GW170729_185629_PEDataRelease_mixed_nocosmo.h5,GWTC-2.1,BBH,C01:IMRPhenomXPHM,5.44022,0.1788,1,0.30642
6513631/IGWN-GWTC2p1-v2-GW170809_082821_PEDataRelease_mixed_nocosmo.h5,GWTC-2.1,BBH,C01:IMRPhenomXPHM,5.36348,0.08655,1,0.08327
6513631/IGWN-GWTC2p1-v2-GW170814_103043_PEDataRelease_mixed_nocosmo.h5,GWTC-2.1,BBH,C01:IMRPhenomXPHM,5.37934,0.04614,1,0.06135
6513631/IGWN-GWTC2p1-v2-GW170818_022509_PEDataRelease_mixed_nocosmo.h5,GWTC-2.1,BBH,C01:IMRPhenomXPHM,5.33763,0.06602,1,-0.03465
6513631/IGWN-GWTC2p1-v2-GW170823_131358_PEDataRelease_mixed_nocosmo.h5,GWTC-2.1,BBH,C01:IMRPhenomXPHM,5.36976,0.09842,1,0.06507
6513631/IGWN-GWTC2p1-v2-GW190403_051519_PEDataRelease_mixed_nocosmo.h5,GWTC-2.1,BBH,C01:IMRPhenomXPHM,5.40018,0.29268,1,0.69593
6513631/IGWN-GWTC2p1-v2-GW190408_181802_PEDataRelease_mixed_nocosmo.h5,GWTC-2.1,BBH,C01:IMRPhenomXPHM,5.32146,0.07264,1,-0.02912
6513631/IGWN-GWTC2p1-v2-GW190412_053044_PEDataRelease_mixed_nocosmo.h5,GWTC-2.1,BBH,C01:IMRPhenomXPHM,5.02076,0.0788,1,0.24789
6513631/IGWN-GWTC2p1-v2-GW190413_052954_PEDataRelease_mixed_nocosmo.h5,GWTC-2.1,BBH,C01:IMRPhenomXPHM,5.32943,0.1112,1,-0.00355
6513631/IGWN-GWTC2p1-v2-GW190413_134308_PEDataRelease_mixed_nocosmo.h5,GWTC-2.1,BBH,C01:IMRPhenomXPHM,5.31107,0.1697,1,0.02107
6513631/IGWN-GWTC2p1-v2-GW190421_213856_PEDataRelease_mixed_nocosmo.h5,GWTC-2.1,BBH,C01:IMRPhenomXPHM,5.31039,0.09766,1,-0.08395
6513631/IGWN-GWTC2p1-v2-GW190426_190642_PEDataRelease_mixed_nocosmo.h5,GWTC-2.1,BBH,C01:IMRPhenomXPHM,5.44931,0.16698,1,0.29754
6513631/IGWN-GWTC2p1-v2-GW190503_185404_PEDataRelease_mixed_nocosmo.h5,GWTC-2.1,BBH,C01:IMRPhenomXPHM,5.29839,0.13215,1,-0.04251
6513631/IGWN-GWTC2p1-v2-GW190512_180714_PEDataRelease_mixed_nocosmo.h5,GWTC-2.1,BBH,C01:IMRPhenomXPHM,5.238,0.10916,1,0.02944
6513631/IGWN-GWTC2p1-v2-GW190513_205428_PEDataRelease_mixed_nocosmo.h5,GWTC-2.1,BBH,C01:IMRPhenomXPHM,5.28214,0.1623,1,0.15022
6513631/IGWN-GWTC2p1-v2-GW190514_065416_PEDataRelease_mixed_nocosmo.h5,GWTC-2.1,BBH,C01:IMRPhenomXPHM,5.29992,0.12757,1,-0.06762
6513631/IGWN-GWTC2p1-v2-GW190517_055101_PEDataRelease_mixed_nocosmo.h5,GWTC-2.1,BBH,C01:IMRPhenomXPHM,5.55257,0.19653,1,0.47323
6513631/IGWN-GWTC2p1-v2-GW190519_153544_PEDataRelease_mixed_nocosmo.h5,GWTC-2.1,BBH,C01:IMRPhenomXPHM,5.45327,0.12437,1,0.33665
6513631/IGWN-GWTC2p1-v2-GW190521_030229_PEDataRelease_mixed_nocosmo.h5,GWTC-2.1,BBH,C01:IMRPhenomXPHM,5.306,0.21986,1,0.00147
6513631/IGWN-GWTC2p1-v2-GW190521_074359_PEDataRelease_mixed_nocosmo.h5,GWTC-2.1,BBH,C01:IMRPhenomXPHM,5.3748,0.05056,1,0.07258
6513631/IGWN-GWTC2p1-v2-GW190527_092055_PEDataRelease_mixed_nocosmo.h5,GWTC-2.1,BBH,C01:IMRPhenomXPHM,5.34275,0.23314,1,0.12064
6513631/IGWN-GWTC2p1-v2-GW190602_175927_PEDataRelease_mixed_nocosmo.h5,GWTC-2.1,BBH,C01:IMRPhenomXPHM,5.36732,0.16595,1,0.15214
6513631/IGWN-GWTC2p1-v2-GW190620_030421_PEDataRelease_mixed_nocosmo.h5,GWTC-2.1,BBH,C01:IMRPhenomXPHM,5.43967,0.21496,1,0.33267
6513631/IGWN-GWTC2p1-v2-GW190630_185205_PEDataRelease_mixed_nocosmo.h5,GWTC-2.1,BBH,C01:IMRPhenomXPHM,5.36557,0.08254,1,0.09412
6513631/IGWN-GWTC2p1-v2-GW190701_203306_PEDataRelease_mixed_nocosmo.h5,GWTC-2.1,BBH,C01:IMRPhenomXPHM,5.30224,0.10102,1,-0.08496
6513631/IGWN-GWTC2p1-v2-GW190706_222641_PEDataRelease_mixed_nocosmo.h5,GWTC-2.1,BBH,C01:IMRPhenomXPHM,5.40953,0.19251,1,0.322
6513631/IGWN-GWTC2p1-v2-GW190707_093326_PEDataRelease_mixed_nocosmo.h5,GWTC-2.1,BBH,C01:IMRPhenomXPHM,5.31066,0.06179,1,-0.06341
6513631/IGWN-GWTC2p1-v2-GW190708_232457_PEDataRelease_mixed_nocosmo.h5,GWTC-2.1,BBH,C01:IMRPhenomXPHM,5.34133,0.06695,1,0.01964
6513631/IGWN-GWTC2p1-v2-GW190719_215514_PEDataRelease_mixed_nocosmo.h5,GWTC-2.1,BBH,C01:IMRPhenomXPHM,5.39785,0.25831,1,0.30411
6513631/IGWN-GWTC2p1-v2-GW190720_000836_PEDataRelease_mixed_nocosmo.h5,GWTC-2.1,BBH,C01:IMRPhenomXPHM,5.32849,0.1271,1,0.17495
6513631/IGWN-GWTC2p1-v2-GW190725_174728_PEDataRelease_mixed_nocosmo.h5,GWTC-2.1,BBH,C01:IMRPhenomXPHM,5.22206,0.22348,1,-0.03561
6513631/IGWN-GWTC2p1-v2-GW190727_060333_PEDataRelease_mixed_nocosmo.h5,GWTC-2.1,BBH,C01:IMRPhenomXPHM,5.38788,0.10183,1,0.09895
6513631/IGWN-GWTC2p1-v2-GW190728_064510_PEDataRelease_mixed_nocosmo.h5,GWTC-2.1,BBH,C01:IMRPhenomXPHM,5.34415,0.17611,1,0.13951
6513631/IGWN-GWTC2p1-v2-GW190731_140936_PEDataRelease_mixed_nocosmo.h5,GWTC-2.1,BBH,C01:IMRPhenomXPHM,5.36527,0.12301,1,0.07869
6513631/IGWN-GWTC2p1-v2-GW190803_022701_PEDataRelease_mixed_nocosmo.h5,GWTC-2.1,BBH,C01:IMRPhenomXPHM,5.34082,0.10503,1,0.00276
6513631/IGWN-GWTC2p1-v2-GW190805_211137_PEDataRelease_mixed_nocosmo.h5,GWTC-2.1,BBH,C01:IMRPhenomXPHM,5.52385,0.15301,1,0.42437
6513631/IGWN-GWTC2p1-v2-GW190814_211039_PEDataRelease_mixed_nocosmo.h5,GWTC-2.1,BBH,C01:IMRPhenomXPHM,4.18876,0.04005,0,0.0038
6513631/IGWN-GWTC2p1-v2-GW190828_063405_PEDataRelease_mixed_nocosmo.h5,GWTC-2.1,BBH,C01:IMRPhenomXPHM,5.42545,0.06034,1,0.16038
6513631/IGWN-GWTC2p1-v2-GW190828_065509_PEDataRelease_mixed_nocosmo.h5,GWTC-2.1,BBH,C01:IMRPhenomXPHM,5.17838,0.12783,1,0.05534
6513631/IGWN-GWTC2p1-v2-GW190910_112807_PEDataRelease_mixed_nocosmo.h5,GWTC-2.1,BBH,C01:IMRPhenomXPHM,5.35009,0.06816,1,-0.00538
6513631/IGWN-GWTC2p1-v2-GW190915_235702_PEDataRelease_mixed_nocosmo.h5,GWTC-2.1,BBH,C01:IMRPhenomXPHM,5.33251,0.08149,1,-0.0297
6513631/IGWN-GWTC2p1-v2-GW190916_200658_PEDataRelease_mixed_nocosmo.h5,GWTC-2.1,BBH,C01:IMRPhenomXPHM,5.40277,0.22256,1,0.27255
6513631/IGWN-GWTC2p1-v2-GW190917_114630_PEDataRelease_mixed_nocosmo.h5,GWTC-2.1,BBH,C01:IMRPhenomXPHM,4.66025,0.21288,0,-0.07453
6513631/IGWN-GWTC2p1-v2-GW190924_021846_PEDataRelease_mixed_nocosmo.h5,GWTC-2.1,BBH,C01:IMRPhenomXPHM,5.24254,0.16867,1,0.04632
6513631/IGWN-GWTC2p1-v2-GW190925_232845_PEDataRelease_mixed_nocosmo.h5,GWTC-2.1,BBH,C01:IMRPhenomXPHM,5.36467,0.09148,1,0.08292
6513631/IGWN-GWTC2p1-v2-GW190926_050336_PEDataRelease_mixed_nocosmo.h5,GWTC-2.1,BBH,C01:IMRPhenomXPHM,5.26148,0.19774,1,-0.00762
6513631/IGWN-GWTC2p1-v2-GW190929_012149_PEDataRelease_mixed_nocosmo.h5,GWTC-2.1,BBH,C01:IMRPhenomXPHM,5.14432,0.2187,1,-0.02032
6513631/IGWN-GWTC2p1-v2-GW190930_133541_PEDataRelease_mixed_nocosmo.h5,GWTC-2.1,BBH,C01:IMRPhenomXPHM,5.34801,0.17477,1,0.14869
8177023/IGWN-GWTC3p0-v2-GW191103_012549_PEDataRelease_mixed_nocosmo.h5,GWTC-3,BBH,C01:IMRPhenomXPHM,5.39454,0.13019,1,0.21747
8177023/IGWN-GWTC3p0-v2-GW191105_143521_PEDataRelease_mixed_nocosmo.h5,GWTC-3,BBH,C01:IMRPhenomXPHM,5.3138,0.08988,1,-0.01765
8177023/IGWN-GWTC3p0-v2-GW191109_010717_PEDataRelease_mixed_nocosmo.h5,GWTC-3,BBH,C01:IMRPhenomXPHM,5.22473,0.13003,1,-0.29381
8177023/IGWN-GWTC3p0-v2-GW191113_071753_PEDataRelease_mixed_nocosmo.h5,GWTC-3,BBH,C01:IMRPhenomXPHM,4.64229,0.32157,0,0.01005
8177023/IGWN-GWTC3p0-v2-GW191126_115259_PEDataRelease_mixed_nocosmo.h5,GWTC-3,BBH,C01:IMRPhenomXPHM,5.40293,0.10477,1,0.21218
8177023/IGWN-GWTC3p0-v2-GW191127_050227_PEDataRelease_mixed_nocosmo.h5,GWTC-3,BBH,C01:IMRPhenomXPHM,5.30971,0.37063,1,0.25876
8177023/IGWN-GWTC3p0-v2-GW191129_134029_PEDataRelease_mixed_nocosmo.h5,GWTC-3,BBH,C01:IMRPhenomXPHM,5.30884,0.0916,1,0.06575
8177023/IGWN-GWTC3p0-v2-GW191204_110529_PEDataRelease_mixed_nocosmo.h5,GWTC-3,BBH,C01:IMRPhenomXPHM,5.34086,0.14486,1,0.04441
8177023/IGWN-GWTC3p0-v2-GW191204_171526_PEDataRelease_mixed_nocosmo.h5,GWTC-3,BBH,C01:IMRPhenomXPHM,5.38686,0.06349,1,0.15941
8177023/IGWN-GWTC3p0-v2-GW191215_223052_PEDataRelease_mixed_nocosmo.h5,GWTC-3,BBH,C01:IMRPhenomXPHM,5.31361,0.07863,1,-0.0423
8177023/IGWN-GWTC3p0-v2-GW191216_213338_PEDataRelease_mixed_nocosmo.h5,GWTC-3,BBH,C01:IMRPhenomXPHM,5.3247,0.14214,1,0.11733
8177023/IGWN-GWTC3p0-v2-GW191219_163120_PEDataRelease_mixed_nocosmo.h5,GWTC-3,BBH,C01:IMRPhenomXPHM:HighSpin,3.27267,0.06026,0,0.005
8177023/IGWN-GWTC3p0-v2-GW191222_033537_PEDataRelease_mixed_nocosmo.h5,GWTC-3,BBH,C01:IMRPhenomXPHM,5.3257,0.09348,1,-0.03986
8177023/IGWN-GWTC3p0-v2-GW191230_180458_PEDataRelease_mixed_nocosmo.h5,GWTC-3,BBH,C01:IMRPhenomXPHM,5.32517,0.11144,1,-0.03895
8177023/IGWN-GWTC3p0-v2-GW200105_162426_PEDataRelease_mixed_nocosmo.h5,GWTC-3,BBH,C01:IMRPhenomXPHM,4.68829,0.13669,0,0.00069
8177023/IGWN-GWTC3p0-v2-GW200112_155838_PEDataRelease_mixed_nocosmo.h5,GWTC-3,BBH,C01:IMRPhenomXPHM,5.3634,0.06569,1,0.04814
8177023/IGWN-GWTC3p0-v2-GW200115_042309_PEDataRelease_mixed_nocosmo.h5,GWTC-3,BBH,C01:IMRPhenomXPHM:HighSpin,4.74169,0.21101,0,-0.16874
8177023/IGWN-GWTC3p0-v2-GW200128_022011_PEDataRelease_mixed_nocosmo.h5,GWTC-3,BBH,C01:IMRPhenomXPHM,5.3861,0.09111,1,0.0915
8177023/IGWN-GWTC3p0-v2-GW200129_065458_PEDataRelease_mixed_nocosmo.h5,GWTC-3,BBH,C01:IMRPhenomXPHM,5.38486,0.10561,1,0.10956
8177023/IGWN-GWTC3p0-v2-GW200202_154313_PEDataRelease_mixed_nocosmo.h5,GWTC-3,BBH,C01:IMRPhenomXPHM,5.34602,0.08729,1,0.03626
8177023/IGWN-GWTC3p0-v2-GW200208_130117_PEDataRelease_mixed_nocosmo.h5,GWTC-3,BBH,C01:IMRPhenomXPHM,5.30511,0.10359,1,-0.06466
8177023/IGWN-GWTC3p0-v2-GW200208_222617_PEDataRelease_mixed_nocosmo.h5,GWTC-3,BBH,C01:IMRPhenomXPHM,5.04559,0.39244,1,0.66692
8177023/IGWN-GWTC3p0-v2-GW200209_085452_PEDataRelease_mixed_nocosmo.h5,GWTC-3,BBH,C01:IMRPhenomXPHM,5.30377,0.09325,1,-0.10655
8177023/IGWN-GWTC3p0-v2-GW200210_092254_PEDataRelease_mixed_nocosmo.h5,GWTC-3,BBH,C01:IMRPhenomXPHM,4.22785,0.15017,0,0.03108
8177023/IGWN-GWTC3p0-v2-GW200216_220804_PEDataRelease_mixed_nocosmo.h5,GWTC-3,BBH,C01:IMRPhenomXPHM,5.34859,0.22306,1,0.12547
8177023/IGWN-GWTC3p0-v2-GW200219_094415_PEDataRelease_mixed_nocosmo.h5,GWTC-3,BBH,C01:IMRPhenomXPHM,5.30588,0.09839,1,-0.0841
8177023/IGWN-GWTC3p0-v2-GW200220_061928_PEDataRelease_mixed_nocosmo.h5,GWTC-3,BBH,C01:IMRPhenomXPHM,5.35991,0.16681,1,0.08048
8177023/IGWN-GWTC3p0-v2-GW200220_124850_PEDataRelease_mixed_nocosmo.h5,GWTC-3,BBH,C01:IMRPhenomXPHM,5.31584,0.10604,1,-0.05354
8177023/IGWN-GWTC3p0-v2-GW200224_222234_PEDataRelease_mixed_nocosmo.h5,GWTC-3,BBH,C01:IMRPhenomXPHM,5.39961,0.0731,1,0.10325
8177023/IGWN-GWTC3p0-v2-GW200225_060421_PEDataRelease_mixed_nocosmo.h5,GWTC-3,BBH,C01:IMRPhenomXPHM,5.2858,0.09283,1,-0.12709
8177023/IGWN-GWTC3p0-v2-GW200302_015811_PEDataRelease_mixed_nocosmo.h5,GWTC-3,BBH,C01:IMRPhenomXPHM,5.22511,0.16147,1,0.0131
8177023/IGWN-GWTC3p0-v2-GW200306_093714_PEDataRelease_mixed_nocosmo.h5,GWTC-3,BBH,C01:IMRPhenomXPHM,5.421,0.26437,1,0.35688
8177023/IGWN-GWTC3p0-v2-GW200308_173609_PEDataRelease_mixed_nocosmo.h5,GWTC-3,BBH,C01:IMRPhenomXPHM,5.17086,0.53186,1,0.0576
8177023/IGWN-GWTC3p0-v2-GW200311_115853_PEDataRelease_mixed_nocosmo.h5,GWTC-3,BBH,C01:IMRPhenomXPHM,5.33905,0.07449,1,-0.03254
8177023/IGWN-GWTC3p0-v2-GW200316_215756_PEDataRelease_mixed_nocosmo.h5,GWTC-3,BBH,C01:IMRPhenomXPHM,5.29347,0.17645,1,0.14885
8177023/IGWN-GWTC3p0-v2-GW200322_091133_PEDataRelease_mixed_nocosmo.h5,GWTC-3,BBH,C01:IMRPhenomXPHM,4.63211,0.8829,0,0.03725
IGWN-GWTC4p0-0f954158d_720-GW230518_125908-combined_PEDataRelease.hdf5,GWTC-4,BBH,C00:IMRPhenomXPHM-SpinTaylor,4.55241,0.06338,0,-0.01241
IGWN-GWTC4p0-0f954158d_720-GW230529_181500-combined_PEDataRelease.hdf5,GWTC-4,BBH,C00:IMRPhenomXPHM:HighSpin,5.06675,0.11441,1,-0.11246
IGWN-GWTC4p0-0f954158d_720-GW230601_224134-combined_PEDataRelease.hdf5,GWTC-4,BBH,C00:IMRPhenomXPHM-SpinTaylor,5.30293,0.11634,1,-0.02015
IGWN-GWTC4p0-0f954158d_720-GW230605_065343-combined_PEDataRelease.hdf5,GWTC-4,BBH,C00:IMRPhenomXPHM-SpinTaylor,5.3287,0.08123,1,0.06829
IGWN-GWTC4p0-0f954158d_720-GW230606_004305-combined_PEDataRelease.hdf5,GWTC-4,BBH,C00:IMRPhenomXPHM-SpinTaylor,5.2668,0.12462,1,-0.13613
IGWN-GWTC4p0-0f954158d_720-GW230608_205047-combined_PEDataRelease.hdf5,GWTC-4,BBH,C00:IMRPhenomXPHM-SpinTaylor,5.32344,0.15037,1,0.04976
IGWN-GWTC4p0-0f954158d_720-GW230609_064958-combined_PEDataRelease.hdf5,GWTC-4,BBH,C00:IMRPhenomXPHM-SpinTaylor,5.27794,0.10504,1,-0.14268
IGWN-GWTC4p0-0f954158d_720-GW230624_113103-combined_PEDataRelease.hdf5,GWTC-4,BBH,C00:IMRPhenomXPHM-SpinTaylor,5.34441,0.13217,1,0.13669
IGWN-GWTC4p0-0f954158d_720-GW230627_015337-combined_PEDataRelease.hdf5,GWTC-4,BBH,C00:IMRPhenomXPHM-SpinTaylor,5.33628,0.04277,1,0.02096
IGWN-GWTC4p0-0f954158d_720-GW230628_231200-combined_PEDataRelease.hdf5,GWTC-4,BBH,C00:IMRPhenomXPHM-SpinTaylor,5.36124,0.05125,1,-0.00228
IGWN-GWTC4p0-0f954158d_720-GW230630_125806-combined_PEDataRelease.hdf5,GWTC-4,BBH,C00:IMRPhenomXPHM-SpinTaylor,5.39305,0.18689,1,0.20262
IGWN-GWTC4p0-0f954158d_720-GW230630_234532-combined_PEDataRelease.hdf5,GWTC-4,BBH,C00:IMRPhenomXPHM-SpinTaylor,5.30131,0.07368,1,-0.04014
IGWN-GWTC4p0-0f954158d_720-GW230702_185453-combined_PEDataRelease.hdf5,GWTC-4,BBH,C00:IMRPhenomXPHM-SpinTaylor,5.13821,0.22133,1,0.05871
IGWN-GWTC4p0-0f954158d_720-GW230704_021211-combined_PEDataRelease.hdf5,GWTC-4,BBH,C00:IMRPhenomXPHM-SpinTaylor,5.28105,0.12649,1,-0.01389
IGWN-GWTC4p0-0f954158d_720-GW230704_212616-combined_PEDataRelease.hdf5,GWTC-4,BBH,C00:IMRPhenomXPHM-SpinTaylor,5.38206,0.25624,1,0.37719
IGWN-GWTC4p0-0f954158d_720-GW230706_104333-combined_PEDataRelease.hdf5,GWTC-4,BBH,C00:IMRPhenomXPHM-SpinTaylor,5.40878,0.07499,1,0.19291
IGWN-GWTC4p0-0f954158d_720-GW230707_124047-combined_PEDataRelease.hdf5,GWTC-4,BBH,C00:IMRPhenomXPHM-SpinTaylor,5.333,0.08199,1,-0.04347
IGWN-GWTC4p0-0f954158d_720-GW230708_053705-combined_PEDataRelease.hdf5,GWTC-4,BBH,C00:IMRPhenomXPHM-SpinTaylor,5.38436,0.07464,1,0.07729
IGWN-GWTC4p0-0f954158d_720-GW230708_230935-combined_PEDataRelease.hdf5,GWTC-4,BBH,C00:IMRPhenomXPHM-SpinTaylor,5.29116,0.16924,1,0.02428
IGWN-GWTC4p0-0f954158d_720-GW230709_122727-combined_PEDataRelease.hdf5,GWTC-4,BBH,C00:IMRPhenomXPHM-SpinTaylor,5.35381,0.1688,1,0.09451
IGWN-GWTC4p0-0f954158d_720-GW230712_090405-combined_PEDataRelease.hdf5,GWTC-4,BBH,C00:IMRPhenomXPHM-SpinTaylor,5.08814,0.27933,1,-0.04105
IGWN-GWTC4p0-0f954158d_720-GW230723_101834-combined_PEDataRelease.hdf5,GWTC-4,BBH,C00:IMRPhenomXPHM-SpinTaylor,5.24801,0.10718,1,-0.15887
IGWN-GWTC4p0-0f954158d_720-GW230726_002940-combined_PEDataRelease.hdf5,GWTC-4,BBH,C00:IMRPhenomXPHM-SpinTaylor,5.34321,0.06778,1,-0.01655
IGWN-GWTC4p0-0f954158d_720-GW230729_082317-combined_PEDataRelease.hdf5,GWTC-4,BBH,C00:IMRPhenomXPHM-SpinTaylor,5.33515,0.14794,1,0.12476
IGWN-GWTC4p0-0f954158d_720-GW230731_215307-combined_PEDataRelease.hdf5,GWTC-4,BBH,C00:IMRPhenomXPHM-SpinTaylor,5.32715,0.04799,1,-0.04788
IGWN-GWTC4p0-0f954158d_720-GW230803_033412-combined_PEDataRelease.hdf5,GWTC-4,BBH,C00:IMRPhenomXPHM-SpinTaylor,5.33373,0.15002,1,0.09899
IGWN-GWTC4p0-0f954158d_720-GW230805_034249-combined_PEDataRelease.hdf5,GWTC-4,BBH,C00:IMRPhenomXPHM-SpinTaylor,5.33543,0.15431,1,0.08199
IGWN-GWTC4p0-0f954158d_720-GW230806_204041-combined_PEDataRelease.hdf5,GWTC-4,BBH,C00:IMRPhenomXPHM-SpinTaylor,5.36262,0.13465,1,0.09289
IGWN-GWTC4p0-0f954158d_720-GW230811_032116-combined_PEDataRelease.hdf5,GWTC-4,BBH,C00:IMRPhenomXPHM-SpinTaylor,5.30473,0.09819,1,0.01711
IGWN-GWTC4p0-0f954158d_720-GW230814_061920-combined_PEDataRelease.hdf5,GWTC-4,BBH,C00:IMRPhenomXPHM-SpinTaylor,5.31596,0.1325,1,0.05286
IGWN-GWTC4p0-0f954158d_720-GW230814_230901-combined_PEDataRelease.hdf5,GWTC-4,BBH,C00:IMRPhenomXPHM-SpinTaylor,5.35945,0.01846,1,-0.01034
IGWN-GWTC4p0-0f954158d_720-GW230819_171910-combined_PEDataRelease.hdf5,GWTC-4,BBH,C00:IMRPhenomXPHM-SpinTaylor,5.14527,0.30734,1,-0.02915
IGWN-GWTC4p0-0f954158d_720-GW230820_212515-combined_PEDataRelease.hdf5,GWTC-4,BBH,C00:IMRPhenomXPHM-SpinTaylor,5.31583,0.30179,1,0.20929
IGWN-GWTC4p0-0f954158d_720-GW230824_033047-combined_PEDataRelease.hdf5,GWTC-4,BBH,C00:IMRPhenomXPHM-SpinTaylor,5.32298,0.13723,1,0.00218
IGWN-GWTC4p0-0f954158d_720-GW230825_041334-combined_PEDataRelease.hdf5,GWTC-4,BBH,C00:IMRPhenomXPHM-SpinTaylor,5.46935,0.14311,1,0.31738
IGWN-GWTC4p0-0f954158d_720-GW230831_015414-combined_PEDataRelease.hdf5,GWTC-4,BBH,C00:IMRPhenomXPHM-SpinTaylor,5.35369,0.12777,1,0.04275
IGWN-GWTC4p0-0f954158d_720-GW230904_051013-combined_PEDataRelease.hdf5,GWTC-4,BBH,C00:IMRPhenomXPHM-SpinTaylor,5.33891,0.08416,1,0.05618
IGWN-GWTC4p0-0f954158d_720-GW230911_195324-combined_PEDataRelease.hdf5,GWTC-4,BBH,C00:IMRPhenomXPHM-SpinTaylor,5.25947,0.11833,1,-0.029
IGWN-GWTC4p0-0f954158d_720-GW230914_111401-combined_PEDataRelease.hdf5,GWTC-4,BBH,C00:IMRPhenomXPHM-SpinTaylor,5.33799,0.13903,1,0.12752
IGWN-GWTC4p0-0f954158d_720-GW230919_215712-combined_PEDataRelease.hdf5,GWTC-4,BBH,C00:IMRPhenomXPHM-SpinTaylor,5.42664,0.04916,1,0.18229
IGWN-GWTC4p0-0f954158d_720-GW230920_071124-combined_PEDataRelease.hdf5,GWTC-4,BBH,C00:IMRPhenomXPHM-SpinTaylor,5.34031,0.10097,1,-0.00189
IGWN-GWTC4p0-0f954158d_720-GW230922_020344-combined_PEDataRelease.hdf5,GWTC-4,BBH,C00:IMRPhenomXPHM-SpinTaylor,5.34382,0.0785,1,0.03535
IGWN-GWTC4p0-0f954158d_720-GW230922_040658-combined_PEDataRelease.hdf5,GWTC-4,BBH,C00:IMRPhenomXPHM-SpinTaylor,5.4457,0.22737,1,0.33778
IGWN-GWTC4p0-0f954158d_720-GW230924_124453-combined_PEDataRelease.hdf5,GWTC-4,BBH,C00:IMRPhenomXPHM-SpinTaylor,5.36288,0.05297,1,0.01957
IGWN-GWTC4p0-0f954158d_720-GW230927_043729-combined_PEDataRelease.hdf5,GWTC-4,BBH,C00:IMRPhenomXPHM-SpinTaylor,5.35326,0.07204,1,0.0071
IGWN-GWTC4p0-0f954158d_720-GW230927_153832-combined_PEDataRelease.hdf5,GWTC-4,BBH,C00:IMRPhenomXPHM-SpinTaylor,5.35863,0.03783,1,0.04056
IGWN-GWTC4p0-0f954158d_720-GW230928_215827-combined_PEDataRelease.hdf5,GWTC-4,BBH,C00:IMRPhenomXPHM-SpinTaylor,5.50068,0.16403,1,0.42045
IGWN-GWTC4p0-0f954158d_720-GW230930_110730-combined_PEDataRelease.hdf5,GWTC-4,BBH,C00:IMRPhenomXPHM-SpinTaylor,5.34389,0.1146,1,0.02766
IGWN-GWTC4p0-0f954158d_720-GW231001_140220-combined_PEDataRelease.hdf5,GWTC-4,BBH,C00:IMRPhenomXPHM-SpinTaylor,5.20984,0.18448,1,-0.04788
IGWN-GWTC4p0-0f954158d_720-GW231004_232346-combined_PEDataRelease.hdf5,GWTC-4,BBH,C00:IMRPhenomXPHM-SpinTaylor,5.20081,0.18936,1,-0.05118
IGWN-GWTC4p0-0f954158d_720-GW231005_021030-combined_PEDataRelease.hdf5,GWTC-4,BBH,C00:IMRPhenomXPHM-SpinTaylor,5.31847,0.18777,1,0.11233
IGWN-GWTC4p0-0f954158d_720-GW231005_091549-combined_PEDataRelease.hdf5,GWTC-4,BBH,C00:IMRPhenomXPHM-SpinTaylor,5.32519,0.10717,1,-0.03843
IGWN-GWTC4p0-0f954158d_720-GW231008_142521-combined_PEDataRelease.hdf5,GWTC-4,BBH,C00:IMRPhenomXPHM-SpinTaylor,5.25411,0.18451,1,-0.02524
IGWN-GWTC4p0-0f954158d_720-GW231014_040532-combined_PEDataRelease.hdf5,GWTC-4,BBH,C00:IMRPhenomXPHM-SpinTaylor,5.39742,0.13692,1,0.18128
IGWN-GWTC4p0-0f954158d_720-GW231018_233037-combined_PEDataRelease.hdf5,GWTC-4,BBH,C00:IMRPhenomXPHM-SpinTaylor,5.29969,0.11047,1,0.01478
IGWN-GWTC4p0-0f954158d_720-GW231020_142947-combined_PEDataRelease.hdf5,GWTC-4,BBH,C00:IMRPhenomXPHM-SpinTaylor,5.34416,0.15539,1,0.15116
IGWN-GWTC4p0-0f954158d_720-GW231028_153006-combined_PEDataRelease.hdf5,GWTC-4,BBH,C00:IMRPhenomXPHM-SpinTaylor,5.58597,0.12946,1,0.49569
IGWN-GWTC4p0-0f954158d_720-GW231029_111508-combined_PEDataRelease.hdf5,GWTC-4,BBH,C00:IMRPhenomXPHM-SpinTaylor,5.35636,0.16123,1,0.14528
IGWN-GWTC4p0-0f954158d_720-GW231102_071736-combined_PEDataRelease.hdf5,GWTC-4,BBH,C00:IMRPhenomXPHM-SpinTaylor,5.36361,0.09338,1,0.07405
IGWN-GWTC4p0-0f954158d_720-GW231104_133418-combined_PEDataRelease.hdf5,GWTC-4,BBH,C00:IMRPhenomXPHM-SpinTaylor,5.3873,0.07213,1,0.14553
IGWN-GWTC4p0-0f954158d_720-GW231108_125142-combined_PEDataRelease.hdf5,GWTC-4,BBH,C00:IMRPhenomXPHM-SpinTaylor,5.31141,0.04841,1,-0.07625
IGWN-GWTC4p0-0f954158d_720-GW231110_040320-combined_PEDataRelease.hdf5,GWTC-4,BBH,C00:IMRPhenomXPHM-SpinTaylor,5.37099,0.08562,1,0.17464
IGWN-GWTC4p0-0f954158d_720-GW231113_122623-combined_PEDataRelease.hdf5,GWTC-4,BBH,C00:IMRPhenomXPHM-SpinTaylor,5.49228,0.16196,1,0.36482
IGWN-GWTC4p0-0f954158d_720-GW231113_200417-combined_PEDataRelease.hdf5,GWTC-4,BBH,C00:IMRPhenomXPHM-SpinTaylor,5.36428,0.08846,1,0.12531
IGWN-GWTC4p0-0f954158d_720-GW231114_043211-combined_PEDataRelease.hdf5,GWTC-4,BBH,C00:IMRPhenomXPHM-SpinTaylor,5.07038,0.15025,1,0.09097
IGWN-GWTC4p0-0f954158d_720-GW231118_005626-combined_PEDataRelease.hdf5,GWTC-4,BBH,C00:IMRPhenomXPHM-SpinTaylor,5.41535,0.11216,1,0.39286
IGWN-GWTC4p0-0f954158d_720-GW231118_071402-combined_PEDataRelease.hdf5,GWTC-4,BBH,C00:IMRPhenomXPHM-SpinTaylor,5.38122,0.1401,1,0.12777
IGWN-GWTC4p0-0f954158d_720-GW231118_090602-combined_PEDataRelease.hdf5,GWTC-4,BBH,C00:IMRPhenomXPHM-SpinTaylor,5.25852,0.26587,1,0.11951
IGWN-GWTC4p0-0f954158d_720-GW231119_075248-combined_PEDataRelease.hdf5,GWTC-4,BBH,C00:IMRPhenomXPHM-SpinTaylor,5.32686,0.15115,1,-0.00049
IGWN-GWTC4p0-0f954158d_720-GW231123_135430-combined_PEDataRelease.hdf5,GWTC-4,BBH,C00:IMRPhenomXPHM-SpinTaylor,5.2957,0.07631,1,0.03907
IGWN-GWTC4p0-0f954158d_720-GW231127_165300-combined_PEDataRelease.hdf5,GWTC-4,BBH,C00:IMRPhenomXPHM-SpinTaylor,5.306,0.19005,1,0.04064
IGWN-GWTC4p0-0f954158d_720-GW231129_081745-combined_PEDataRelease.hdf5,GWTC-4,BBH,C00:IMRPhenomXPHM-SpinTaylor,5.26245,0.16046,1,0.0274
IGWN-GWTC4p0-0f954158d_720-GW231206_233134-combined_PEDataRelease.hdf5,GWTC-4,BBH,C00:IMRPhenomXPHM-SpinTaylor,5.31785,0.07233,1,-0.09006
IGWN-GWTC4p0-0f954158d_720-GW231206_233901-combined_PEDataRelease.hdf5,GWTC-4,BBH,C00:IMRPhenomXPHM-SpinTaylor,5.33583,0.0652,1,-0.02925
IGWN-GWTC4p0-0f954158d_720-GW231213_111417-combined_PEDataRelease.hdf5,GWTC-4,BBH,C00:IMRPhenomXPHM-SpinTaylor,5.38029,0.09033,1,0.0767
IGWN-GWTC4p0-0f954158d_720-GW231221_135041-combined_PEDataRelease.hdf5,GWTC-4,BBH,C00:IMRPhenomXPHM-SpinTaylor,5.29813,0.20095,1,0.03933
IGWN-GWTC4p0-0f954158d_720-GW231223_032836-combined_PEDataRelease.hdf5,GWTC-4,BBH,C00:IMRPhenomXPHM-SpinTaylor,5.23927,0.16868,1,-0.16159
IGWN-GWTC4p0-0f954158d_720-GW231223_075055-combined_PEDataRelease.hdf5,GWTC-4,BBH,C00:IMRPhenomXPHM-SpinTaylor,5.2897,0.13807,1,0.07208
IGWN-GWTC4p0-0f954158d_720-GW231223_202619-combined_PEDataRelease.hdf5,GWTC-4,BBH,C00:IMRPhenomXPHM-SpinTaylor,5.37843,0.06877,1,0.10497
IGWN-GWTC4p0-0f954158d_720-GW231224_024321-combined_PEDataRelease.hdf5,GWTC-4,BBH,C00:IMRPhenomXPHM-SpinTaylor,5.34842,0.03787,1,-0.00516
IGWN-GWTC4p0-0f954158d_720-GW231226_101520-combined_PEDataRelease.hdf5,GWTC-4,BBH,C00:IMRPhenomXPHM-SpinTaylor,5.33863,0.02668,1,-0.0738
IGWN-GWTC4p0-0f954158d_720-GW231230_170116-combined_PEDataRelease.hdf5,GWTC-4,BBH,C00:IMRPhenomXPHM-SpinTaylor,5.22859,0.18299,1,-0.21668
IGWN-GWTC4p0-0f954158d_720-GW231231_154016-combined_PEDataRelease.hdf5,GWTC-4,BBH,C00:IMRPhenomXPHM-SpinTaylor,5.33311,0.04632,1,-0.02865
IGWN-GWTC4p0-0f954158d_720-GW240104_164932-combined_PEDataRelease.hdf5,GWTC-4,BBH,C00:IMRPhenomXPHM-SpinTaylor,5.39889,0.08088,1,0.12554
IGWN-GWTC4p0-0f954158d_720-GW240107_013215-combined_PEDataRelease.hdf5,GWTC-4,BBH,C00:IMRPhenomXPHM-SpinTaylor,5.36989,0.28232,1,0.33875
IGWN-GWTC4p0-0f954158d_720-GW240109_050431-combined_PEDataRelease.hdf5,GWTC-4,BBH,C00:IMRPhenomXPHM-SpinTaylor,5.25834,0.0862,1,-0.07599
