event,catalog,waveform,af_source,M_total_Msun,chi_eff_med,a_final_med,redshift,n_seraphim,n_sph_std,n_carrier_schwarz,n_carrier_kerr_binary,n_carrier_kerr_remnant,kerr_remnant_delta,gap_schwarz,gap_kerr_binary,gap_kerr_remnant,delta_schwarz,delta_kerr_binary,delta_kerr_remnant,log2_M,alpha_inv,n_BBH_theory
GW150914_095045,GWTC-2.1,C01:IMRPhenomXPHM,posterior,64.264,-0.0557,0.6825,0.0963,5.340209,0.046137,137.637871,137.696879,136.598929,-1.038943,132.297662,132.35667,131.258719,-4.738337,-4.679329,-5.77728,6.005939,137.035999,5.313987
GW150914_095045,GWTC-2.1,C01:IMRPhenomXPHM,posterior,64.2184,-0.0547,0.6827,0.0978,5.340473,0.045957,137.636848,137.694833,136.597485,-1.039363,132.296375,132.35436,131.257012,-4.739624,-4.681639,-5.778987,6.004916,137.035999,5.313987
GW151012_095443,GWTC-2.1,C01:IMRPhenomXPHM,posterior,38.844,0.111,0.6875,0.1937,5.283749,0.208789,136.911553,136.786675,135.860852,-1.0507,131.627804,131.502927,130.577103,-5.408195,-5.533072,-6.458896,5.279621,137.035999,5.313987
GW151012_095443,GWTC-2.1,C01:IMRPhenomXPHM,posterior,38.422,0.1178,0.6937,0.2083,5.295259,0.203841,136.895793,136.762894,135.83054,-1.065253,131.600533,131.467634,130.53528,-5.435466,-5.568365,-6.500719,5.263861,137.035999,5.313987
GW151226_033853,GWTC-2.1,C01:IMRPhenomXPHM,posterior,21.6734,0.2015,0.7531,0.0973,5.334007,0.189791,136.069785,135.834633,134.853513,-1.216272,130.735778,130.500627,129.519506,-6.300221,-6.535373,-7.516493,4.437853,137.035999,5.313987
GW151226_033853,GWTC-2.1,C01:IMRPhenomXPHM,posterior,21.6612,0.2031,0.7534,0.0994,5.331756,0.18991,136.068974,135.831868,134.851678,-1.217295,130.737218,130.500112,129.519922,-6.298781,-6.535887,-7.516077,4.437042,137.035999,5.313987
GW170104_101158,GWTC-2.1,C01:IMRPhenomXPHM,posterior,49.9996,-0.0421,0.6681,0.2113,5.309569,0.087598,137.275776,137.320619,136.269876,-1.005899,131.966206,132.01105,130.960307,-5.069793,-5.024949,-6.075692,5.643844,137.035999,5.313987
GW170104_101158,GWTC-2.1,C01:IMRPhenomXPHM,posterior,49.6974,-0.0391,0.6692,0.2205,5.310683,0.085239,137.267031,137.308689,136.258685,-1.008346,131.956348,131.998006,130.948002,-5.079651,-5.037993,-6.087997,5.635099,137.035999,5.313987
GW170608_020116,GWTC-2.1,C01:IMRPhenomXPHM,posterior,18.6246,0.0434,0.6955,0.0707,5.351159,0.088127,135.851072,135.803477,134.781474,-1.069598,130.499914,130.452318,129.430316,-6.536086,-6.583681,-7.605684,4.219141,137.035999,5.313987
GW170608_020116,GWTC-2.1,C01:IMRPhenomXPHM,posterior,18.6091,0.0436,0.6955,0.0718,5.350863,0.088712,135.849865,135.802038,134.780214,-1.069651,130.499002,130.451175,129.429351,-6.536997,-6.584824,-7.606648,4.217933,137.035999,5.313987
GW170729_185629,GWTC-2.1,C01:IMRPhenomXPHM,posterior,83.5641,0.2572,0.7754,0.4267,5.393495,0.19962,138.016743,137.709433,136.737732,-1.279011,132.623248,132.315938,131.344237,-4.412751,-4.720061,-5.691762,6.384811,137.035999,5.313987
GW170729_185629,GWTC-2.1,C01:IMRPhenomXPHM,posterior,82.475,0.3064,0.7972,0.4943,5.440181,0.178804,137.997817,137.623522,136.653854,-1.343963,132.557637,132.183342,131.213673,-4.478362,-4.852658,-5.822326,6.365885,137.035999,5.313987
GW170809_082821,GWTC-2.1,C01:IMRPhenomXPHM,posterior,58.4839,0.0795,0.7136,0.2147,5.361404,0.087983,137.501899,137.413549,136.388119,-1.11378,132.140495,132.052145,131.026715,-4.895504,-4.983854,-6.009284,5.869967,137.035999,5.313987
GW170809_082821,GWTC-2.1,C01:IMRPhenomXPHM,posterior,58.3371,0.0833,0.7156,0.2189,5.36345,0.086552,137.498273,137.405568,136.379578,-1.118695,132.134823,132.042118,131.016128,-4.901176,-4.993881,-6.019871,5.866341,137.035999,5.313987
GW170814_103043,GWTC-2.1,C01:IMRPhenomXPHM,posterior,55.6541,0.0606,0.7087,0.1223,5.378698,0.046399,137.430347,137.363505,136.328733,-1.101614,132.051649,131.984807,130.950035,-4.98435,-5.051192,-6.085964,5.798415,137.035999,5.313987
GW170814_103043,GWTC-2.1,C01:IMRPhenomXPHM,posterior,55.5515,0.0613,0.7095,0.1245,5.379305,0.046136,137.427685,137.359948,136.324251,-1.103434,132.04838,131.980643,130.944946,-4.987619,-5.055356,-6.091053,5.795753,137.035999,5.313987
GW170818_022509,GWTC-2.1,C01:IMRPhenomXPHM,posterior,62.4971,-0.0423,0.6928,0.222,5.334126,0.066714,137.59765,137.642695,136.534617,-1.063033,132.263524,132.308569,131.200491,-4.772475,-4.72743,-5.835508,5.965718,137.035999,5.313987
GW170818_022509,GWTC-2.1,C01:IMRPhenomXPHM,posterior,62.2874,-0.0347,0.6953,0.2296,5.33759,0.066023,137.5928,137.629766,136.523734,-1.069066,132.25521,132.292175,131.186143,-4.78079,-4.743824,-5.849856,5.960868,137.035999,5.313987
GW170823_131358,GWTC-2.1,C01:IMRPhenomXPHM,posterior,66.9488,0.0531,0.7125,0.3575,5.36397,0.1035,137.696918,137.638506,136.585955,-1.110963,132.332948,132.274536,131.221986,-4.703051,-4.761463,-5.814013,6.064986,137.035999,5.313987
GW170823_131358,GWTC-2.1,C01:IMRPhenomXPHM,posterior,66.2608,0.0651,0.718,0.3817,5.36973,0.09842,137.682016,137.61007,136.557286,-1.12473,132.312286,132.24034,131.187556,-4.723713,-4.795659,-5.848443,6.050084,137.035999,5.313987
GW190403_051519,GWTC-2.1,C01:IMRPhenomXPHM,posterior,107.1354,0.6786,0.9122,1.1374,5.21412,0.343804,138.375223,137.34535,136.587507,-1.787716,133.161103,132.131231,131.373387,-3.874896,-4.904768,-5.662612,6.743291,137.035999,5.313987
GW190403_051519,GWTC-2.1,C01:IMRPhenomXPHM,posterior,98.5777,0.6959,0.9198,1.4295,5.40014,0.292684,138.255122,137.184536,136.428076,-1.827046,132.854981,131.784395,131.027935,-4.181018,-5.251604,-6.008064,6.62319,137.035999,5.313987
GW190408_181802,GWTC-2.1,C01:IMRPhenomXPHM,posterior,43.496,-0.0301,0.6691,0.2858,5.321596,0.074859,137.074744,137.10691,136.066663,-1.008081,131.753148,131.785314,130.745067,-5.282851,-5.250685,-6.290932,5.442812,137.035999,5.313987
GW190408_181802,GWTC-2.1,C01:IMRPhenomXPHM,posterior,43.1812,-0.0291,0.6697,0.2961,5.321423,0.072635,137.064262,137.095382,136.054895,-1.009366,131.742839,131.77396,130.733473,-5.29316,-5.26204,-6.302527,5.43233,137.035999,5.313987
GW190412_053044,GWTC-2.1,C01:IMRPhenomXPHM,posterior,38.4591,0.247,0.6569,0.1416,5.022211,0.078574,136.897184,136.603396,135.916446,-0.980738,131.874973,131.581185,130.894235,-5.161026,-5.454814,-6.141764,5.265252,137.035999,5.313987
GW190412_053044,GWTC-2.1,C01:IMRPhenomXPHM,posterior,38.4473,0.2479,0.6573,0.1434,5.020724,0.078802,136.896743,136.601756,135.915077,-0.981666,131.876019,131.581032,130.894353,-5.159981,-5.454967,-6.141646,5.264811,137.035999,5.313987
GW190413_052954,GWTC-2.1,C01:IMRPhenomXPHM,posterior,58.027,-0.0353,0.6733,0.5579,5.313018,0.115031,137.490584,137.528233,136.472802,-1.017782,132.177566,132.215215,131.159783,-4.858433,-4.820784,-5.876216,5.858652,137.035999,5.313987
GW190413_052954,GWTC-2.1,C01:IMRPhenomXPHM,posterior,56.9955,-0.0035,0.685,0.6146,5.329395,0.111198,137.464708,137.468535,136.41999,-1.044718,132.135313,132.139139,131.090595,-4.900686,-4.89686,-5.945404,5.832777,137.035999,5.313987
GW190413_134308,GWTC-2.1,C01:IMRPhenomXPHM,posterior,81.2511,-0.0085,0.6798,0.6226,5.273783,0.203854,137.976248,137.985388,136.943588,-1.03266,132.702466,132.711606,131.669806,-4.333534,-4.324394,-5.366193,6.344316,137.035999,5.313987
GW190413_134308,GWTC-2.1,C01:IMRPhenomXPHM,posterior,78.6772,0.0211,0.6935,0.7298,5.311039,0.169699,137.929805,137.906878,136.865041,-1.064764,132.618767,132.595839,131.554003,-4.417232,-4.44016,-5.481997,6.297874,137.035999,5.313987
GW190421_213856,GWTC-2.1,C01:IMRPhenomXPHM,posterior,73.6101,-0.0959,0.6604,0.4527,5.305285,0.102963,137.833764,137.934003,136.845225,-0.988539,132.528479,132.628717,131.53994,-4.507521,-4.407282,-5.496059,6.201832,137.035999,5.313987
GW190421_213856,GWTC-2.1,C01:IMRPhenomXPHM,posterior,71.669,-0.0839,0.6644,0.5064,5.310359,0.09766,137.79521,137.883265,136.797729,-0.997481,132.484851,132.572905,131.48737,-4.551148,-4.463094,-5.548629,6.163278,137.035999,5.313987
GW190426_190642,GWTC-2.1,C01:IMRPhenomXPHM,posterior,182.3339,0.2261,0.7719,0.7259,5.418206,0.183825,139.142371,138.875851,137.873595,-1.268777,133.724165,133.457644,132.455388,-3.311834,-3.578355,-4.580611,7.510439,137.035999,5.313987
GW190426_190642,GWTC-2.1,C01:IMRPhenomXPHM,posterior,172.1122,0.2975,0.7978,0.8698,5.449271,0.166979,139.059138,138.697156,137.713298,-1.34584,133.609867,133.247885,132.264027,-3.426132,-3.788114,-4.771972,7.427206,137.035999,5.313987
GW190503_185404,GWTC-2.1,C01:IMRPhenomXPHM,posterior,69.4292,-0.0575,0.6592,0.2841,5.289253,0.140284,137.749402,137.810237,136.763494,-0.985908,132.460149,132.520984,131.474241,-4.57585,-4.515015,-5.561759,6.11747,137.035999,5.313987
GW190503_185404,GWTC-2.1,C01:IMRPhenomXPHM,posterior,69.1812,-0.0425,0.6646,0.2996,5.298355,0.13215,137.744241,137.789465,136.746263,-0.997978,132.445886,132.49111,131.447908,-4.590113,-4.544889,-5.588091,6.112309,137.035999,5.313987
GW190512_180714,GWTC-2.1,C01:IMRPhenomXPHM,posterior,36.0873,0.0279,0.651,0.2783,5.235675,0.108878,136.805352,136.774869,135.837574,-0.967778,131.569677,131.539194,130.601899,-5.466322,-5.496805,-6.4341,5.17342,137.035999,5.313987
GW190512_180714,GWTC-2.1,C01:IMRPhenomXPHM,posterior,35.7398,0.0294,0.6527,0.2895,5.237961,0.109162,136.791391,136.759262,135.820001,-0.971389,131.553429,131.521301,130.58204,-5.48257,-5.514698,-6.453959,5.159459,137.035999,5.313987
GW190513_205428,GWTC-2.1,C01:IMRPhenomXPHM,posterior,54.2525,0.1346,0.7035,0.3888,5.265078,0.163938,137.393551,137.240765,136.304596,-1.088954,132.128473,131.975687,131.039519,-4.907526,-5.060312,-5.996481,5.761619,137.035999,5.313987
GW190513_205428,GWTC-2.1,C01:IMRPhenomXPHM,posterior,53.7894,0.1502,0.7122,0.4073,5.282106,0.162296,137.381182,137.209539,136.270945,-1.110237,132.099076,131.927433,130.988839,-4.936923,-5.108566,-6.04716,5.74925,137.035999,5.313987
GW190514_065416,GWTC-2.1,C01:IMRPhenomXPHM,posterior,69.0248,-0.0911,0.654,0.634,5.282611,0.144919,137.740974,137.836286,136.766667,-0.974308,132.458363,132.553674,131.484055,-4.577636,-4.482325,-5.551944,6.109042,137.035999,5.313987
GW190514_065416,GWTC-2.1,C01:IMRPhenomXPHM,posterior,65.5604,-0.0676,0.6644,0.7498,5.299889,0.127574,137.666685,137.738005,136.669288,-0.997397,132.366795,132.438115,131.369398,-4.669204,-4.597884,-5.666601,6.034753,137.035999,5.313987
GW190517_055101,GWTC-2.1,C01:IMRPhenomXPHM,posterior,64.4896,0.4417,0.8679,0.3014,5.522279,0.213,137.642927,137.066098,136.053196,-1.589731,132.120647,131.543819,130.530917,-4.915352,-5.49218,-6.505083,6.010995,137.035999,5.313987
GW190517_055101,GWTC-2.1,C01:IMRPhenomXPHM,posterior,62.6577,0.4732,0.8725,0.3513,5.552532,0.196532,137.601351,136.972635,135.993207,-1.608144,132.048819,131.420102,130.440675,-4.98718,-5.615897,-6.595324,5.969419,137.035999,5.313987
GW190519_153544,GWTC-2.1,C01:IMRPhenomXPHM,posterior,103.1949,0.3153,0.7847,0.4529,5.438564,0.126776,138.32116,137.934439,137.015176,-1.305984,132.882596,132.495875,131.576612,-4.153403,-4.540124,-5.459387,6.689228,137.035999,5.313987
GW190519_153544,GWTC-2.1,C01:IMRPhenomXPHM,posterior,100.1684,0.3366,0.7971,0.5204,5.453231,0.124368,138.278215,137.861149,136.934808,-1.343408,132.824984,132.407918,131.481577,-4.211015,-4.628081,-5.554423,6.646283,137.035999,5.313987
GW190521_030229,GWTC-2.1,C01:IMRPhenomXPHM,posterior,153.1475,-0.1398,0.6163,0.556,5.206544,0.27314,138.89071,139.034661,137.996657,-0.894053,133.684166,133.828116,132.790113,-3.351833,-3.207883,-4.245886,7.258778,137.035999,5.313987
GW190521_030229,GWTC-2.1,C01:IMRPhenomXPHM,posterior,149.1713,0.0015,0.6753,0.7193,5.30597,0.219858,138.852758,138.85117,137.830502,-1.022256,133.546788,133.5452,132.524532,-3.489211,-3.490799,-4.511467,7.220826,137.035999,5.313987
GW190521_074359,GWTC-2.1,C01:IMRPhenomXPHM,posterior,77.3377,0.0739,0.7012,0.1798,5.376191,0.049427,137.905031,137.82301,136.82175,-1.083281,132.52884,132.446819,131.445559,-4.507159,-4.589181,-5.59044,6.273099,137.035999,5.313987
GW190521_074359,GWTC-2.1,C01:IMRPhenomXPHM,posterior,76.6533,0.0726,0.7011,0.1914,5.374768,0.050558,137.892208,137.811735,136.809299,-1.082909,132.51744,132.436967,131.434531,-4.518559,-4.599032,-5.601468,6.260276,137.035999,5.313987
GW190527_092055,GWTC-2.1,C01:IMRPhenomXPHM,posterior,59.5505,0.0831,0.702,0.4389,5.312568,0.26509,137.527974,137.435485,136.442871,-1.085103,132.215406,132.122917,131.130303,-4.820593,-4.913082,-5.905696,5.896042,137.035999,5.313987
GW190527_092055,GWTC-2.1,C01:IMRPhenomXPHM,posterior,59.0755,0.1206,0.7235,0.5435,5.342713,0.233143,137.51642,137.380172,136.377971,-1.138449,132.173707,132.037459,131.035258,-4.862292,-4.99854,-6.000741,5.884488,137.035999,5.313987
GW190602_175927,GWTC-2.1,C01:IMRPhenomXPHM,posterior,115.6461,0.1159,0.7166,0.4895,5.340886,0.181177,138.485505,138.354802,137.364248,-1.121257,133.144619,133.013917,132.023362,-3.89138,-4.022082,-5.012637,6.853573,137.035999,5.313987
GW190602_175927,GWTC-2.1,C01:IMRPhenomXPHM,posterior,113.3806,0.1521,0.7346,0.5509,5.36729,0.165953,138.456962,138.282992,137.290018,-1.166945,133.089673,132.915702,131.922728,-3.946326,-4.120297,-5.113271,6.82503,137.035999,5.313987
GW190620_030421,GWTC-2.1,C01:IMRPhenomXPHM,posterior,90.6749,0.3065,0.797,0.513,5.405048,0.255465,138.134564,137.760132,136.791269,-1.343294,132.729516,132.355084,131.386221,-4.306484,-4.680915,-5.649778,6.502632,137.035999,5.313987
GW190620_030421,GWTC-2.1,C01:IMRPhenomXPHM,posterior,88.8469,0.3327,0.8068,0.5709,5.439634,0.214965,138.105181,137.693812,136.731295,-1.373886,132.665546,132.254177,131.29166,-4.370453,-4.781822,-5.744339,6.473249,137.035999,5.313987
GW190630_185205,GWTC-2.1,C01:IMRPhenomXPHM,posterior,59.3298,0.0918,0.7023,0.1683,5.36844,0.081258,137.522616,137.420042,136.436613,-1.086004,132.154176,132.051603,131.068173,-4.881823,-4.984397,-5.967826,5.890684,137.035999,5.313987
GW190630_185205,GWTC-2.1,C01:IMRPhenomXPHM,posterior,58.8757,0.0941,0.7017,0.1818,5.365539,0.08254,137.511533,137.40632,136.427139,-1.084394,132.145994,132.040782,131.0616,-4.890005,-4.995217,-5.974399,5.879601,137.035999,5.313987
GW190701_203306,GWTC-2.1,C01:IMRPhenomXPHM,posterior,93.6781,-0.097,0.657,0.38,5.29592,0.106625,138.181572,138.282849,137.200562,-0.98101,132.885653,132.986929,131.904642,-4.150346,-4.04907,-5.131357,6.54964,137.035999,5.313987
GW190701_203306,GWTC-2.1,C01:IMRPhenomXPHM,posterior,93.2884,-0.085,0.6618,0.3972,5.302204,0.101025,138.175558,138.26464,137.183919,-0.991639,132.873354,132.962436,131.881715,-4.162645,-4.073563,-5.154284,6.543627,137.035999,5.313987
GW190706_222641,GWTC-2.1,C01:IMRPhenomXPHM,posterior,112.6867,0.2845,0.7948,0.5847,5.367637,0.216754,138.448106,138.104001,137.111601,-1.336504,133.080469,132.736364,131.743964,-3.95553,-4.299635,-5.292035,6.816174,137.035999,5.313987
GW190706_222641,GWTC-2.1,C01:IMRPhenomXPHM,posterior,107.3694,0.322,0.8121,0.7055,5.409494,0.192508,138.378371,137.982187,136.987477,-1.390894,132.968877,132.572692,131.577983,-4.067122,-4.463307,-5.458016,6.746439,137.035999,5.313987
GW190707_093326,GWTC-2.1,C01:IMRPhenomXPHM,posterior,20.0104,-0.0641,0.6587,0.1627,5.310886,0.060051,135.954607,136.022257,134.969808,-0.984799,130.643721,130.711371,129.658922,-6.392278,-6.324628,-7.377077,4.322675,137.035999,5.313987
GW190707_093326,GWTC-2.1,C01:IMRPhenomXPHM,posterior,19.8959,-0.0634,0.6588,0.1698,5.310628,0.06179,135.946329,136.013308,134.96129,-0.985039,130.635702,130.70268,129.650662,-6.400298,-6.333319,-7.385337,4.314397,137.035999,5.313987
GW190708_232457,GWTC-2.1,C01:IMRPhenomXPHM,posterior,30.7827,0.0185,0.6849,0.186,5.341842,0.066382,136.575979,136.555863,135.531442,-1.044538,131.234138,131.214021,130.1896,-5.801862,-5.821978,-6.846399,4.944047,137.035999,5.313987
GW190708_232457,GWTC-2.1,C01:IMRPhenomXPHM,posterior,30.6395,0.0196,0.6851,0.1917,5.341296,0.066952,136.569253,136.547895,135.524248,-1.045004,131.227957,131.206599,130.182953,-5.808042,-5.8294,-6.853046,4.937321,137.035999,5.313987
GW190719_215514,GWTC-2.1,C01:IMRPhenomXPHM,posterior,57.1791,0.25,0.7625,0.613,5.364594,0.291803,137.469349,137.171531,136.227072,-1.242277,132.104755,131.806937,130.862478,-4.931244,-5.229062,-6.173521,5.837417,137.035999,5.313987
GW190719_215514,GWTC-2.1,C01:IMRPhenomXPHM,posterior,55.3494,0.3041,0.788,0.7518,5.397818,0.258313,137.422428,137.051336,136.106354,-1.316073,132.024609,131.653518,130.708536,-5.01139,-5.382481,-6.327463,5.790496,137.035999,5.313987
GW190720_000836,GWTC-2.1,C01:IMRPhenomXPHM,posterior,21.7909,0.174,0.7185,0.1543,5.328987,0.126499,136.077588,135.876855,134.951605,-1.125983,130.748602,130.547868,129.622618,-6.287398,-6.488131,-7.413381,4.445656,137.035999,5.313987
GW190720_000836,GWTC-2.1,C01:IMRPhenomXPHM,posterior,21.6999,0.175,0.719,0.1574,5.328458,0.127103,136.071548,135.869641,134.944481,-1.127067,130.743089,130.541183,129.616023,-6.29291,-6.494816,-7.419977,4.439616,137.035999,5.313987
GW190725_174728,GWTC-2.1,C01:IMRPhenomXPHM,posterior,18.3061,-0.0389,0.6459,0.2028,5.223844,0.222924,135.826185,135.867666,134.869538,-0.956646,130.602341,130.643822,129.645695,-6.433658,-6.392177,-7.390304,4.194253,137.035999,5.313987
GW190725_174728,GWTC-2.1,C01:IMRPhenomXPHM,posterior,18.1626,-0.0356,0.6462,0.2139,5.22203,0.223477,135.814829,135.852799,134.857491,-0.957338,130.592799,130.630769,129.635462,-6.4432,-6.40523,-7.400538,4.182897,137.035999,5.313987
GW190727_060333,GWTC-2.1,C01:IMRPhenomXPHM,posterior,68.625,0.0839,0.7271,0.5146,5.381241,0.110366,137.732594,137.63919,136.58478,-1.147814,132.351353,132.257949,131.203539,-4.684646,-4.77805,-5.83246,6.100662,137.035999,5.313987
GW190727_060333,GWTC-2.1,C01:IMRPhenomXPHM,posterior,67.8058,0.0989,0.7333,0.5455,5.387847,0.10183,137.715269,137.604456,136.5517,-1.163568,132.327421,132.216609,131.163853,-4.708578,-4.81939,-5.872146,6.083337,137.035999,5.313987
GW190728_064510,GWTC-2.1,C01:IMRPhenomXPHM,posterior,20.9488,0.1402,0.715,0.1761,5.343041,0.172984,136.020731,135.861122,134.903478,-1.117253,130.67769,130.518081,129.560437,-6.358309,-6.517918,-7.475562,4.388799,137.035999,5.313987
GW190728_064510,GWTC-2.1,C01:IMRPhenomXPHM,posterior,20.8066,0.1395,0.7152,0.1816,5.344114,0.176106,136.010905,135.852181,134.89322,-1.117685,130.666791,130.508067,129.549106,-6.369208,-6.527932,-7.486893,4.378973,137.035999,5.313987
GW190731_140936,GWTC-2.1,C01:IMRPhenomXPHM,posterior,69.3111,0.0525,0.6972,0.5565,5.348068,0.13255,137.746946,137.689171,136.673276,-1.07367,132.398878,132.341103,131.325208,-4.637121,-4.694896,-5.710791,6.115014,137.035999,5.313987
GW190731_140936,GWTC-2.1,C01:IMRPhenomXPHM,posterior,66.3946,0.0787,0.7103,0.6609,5.365238,0.123012,137.684927,137.597471,136.579555,-1.105372,132.319689,132.232233,131.214317,-4.71631,-4.803766,-5.821682,6.052995,137.035999,5.313987
GW190803_022701,GWTC-2.1,C01:IMRPhenomXPHM,posterior,65.0001,-0.0147,0.6829,0.5386,5.331171,0.113238,137.654301,137.670042,136.614418,-1.039883,132.32313,132.338871,131.283247,-4.712869,-4.697128,-5.752752,6.022369,137.035999,5.313987
GW190803_022701,GWTC-2.1,C01:IMRPhenomXPHM,posterior,63.5518,0.0028,0.6895,0.5922,5.340783,0.105032,137.621793,137.618805,136.5665,-1.055293,132.28101,132.278023,131.225718,-4.754989,-4.757976,-5.810281,5.989861,137.035999,5.313987
GW190805_211137,GWTC-2.1,C01:IMRPhenomXPHM,posterior,75.4035,0.3868,0.8322,0.933,5.49988,0.177256,137.868491,137.37741,136.41092,-1.457571,132.368611,131.87753,130.91104,-4.667388,-5.15847,-6.124959,6.236559,137.035999,5.313987
GW190805_211137,GWTC-2.1,C01:IMRPhenomXPHM,posterior,71.0053,0.4244,0.8435,1.0997,5.523814,0.153015,137.781787,137.232614,136.284145,-1.497643,132.257973,131.7088,130.76033,-4.778026,-5.327199,-6.275669,6.149855,137.035999,5.313987
GW190814_211039,GWTC-2.1,C01:IMRPhenomXPHM,posterior,25.9061,0.0037,0.2826,0.0508,4.188836,0.040036,136.32715,136.323132,135.98567,-0.34148,132.138314,132.134296,131.796834,-4.897685,-4.901703,-5.239165,4.695218,137.035999,5.313987
GW190814_211039,GWTC-2.1,C01:IMRPhenomXPHM,posterior,25.9032,0.0038,0.2826,0.0509,4.188728,0.040047,136.326989,136.322878,135.985489,-0.3415,132.138261,132.134151,131.796762,-4.897738,-4.901849,-5.239237,4.695057,137.035999,5.313987
GW190828_063405,GWTC-2.1,C01:IMRPhenomXPHM,posterior,57.2082,0.154,0.7425,0.3754,5.423405,0.060526,137.470082,137.293857,136.282161,-1.187922,132.046678,131.870452,130.858756,-4.989322,-5.165547,-6.177243,5.83815,137.035999,5.313987
GW190828_063405,GWTC-2.1,C01:IMRPhenomXPHM,posterior,56.6258,0.1604,0.7449,0.3932,5.425416,0.060339,137.455319,137.27132,136.261099,-1.19422,132.029903,131.845904,130.835683,-5.006096,-5.190095,-6.200316,5.823387,137.035999,5.313987
GW190828_065509,GWTC-2.1,C01:IMRPhenomXPHM,posterior,34.2533,0.0539,0.64,0.2908,5.176814,0.127938,136.730104,136.670801,135.786242,-0.943862,131.55329,131.493987,130.609429,-5.482709,-5.542012,-6.42657,5.098172,137.035999,5.313987
GW190828_065509,GWTC-2.1,C01:IMRPhenomXPHM,posterior,33.8208,0.0553,0.6414,0.3078,5.178342,0.127833,136.71177,136.650803,135.764787,-0.946984,131.533428,131.472461,130.586444,-5.502571,-5.563538,-6.449555,5.079838,137.035999,5.313987
GW190910_112807,GWTC-2.1,C01:IMRPhenomXPHM,posterior,76.692,-0.0112,0.6848,0.3076,5.346701,0.068759,137.892937,137.905023,136.848659,-1.044278,132.546236,132.558322,131.501958,-4.489763,-4.477677,-5.534041,6.261005,137.035999,5.313987
GW190910_112807,GWTC-2.1,C01:IMRPhenomXPHM,posterior,75.133,-0.0054,0.6886,0.3448,5.350058,0.068156,137.863306,137.869104,136.810086,-1.05322,132.513248,132.519045,131.460028,-4.522751,-4.516954,-5.575971,6.231375,137.035999,5.313987
GW190915_235702,GWTC-2.1,C01:IMRPhenomXPHM,posterior,56.6538,-0.0388,0.6884,0.3297,5.328455,0.084057,137.456033,137.497326,136.403373,-1.05266,132.127578,132.168871,131.074918,-4.908421,-4.867129,-5.961081,5.824101,137.035999,5.313987
GW190915_235702,GWTC-2.1,C01:IMRPhenomXPHM,posterior,56.1627,-0.0297,0.6917,0.346,5.332474,0.081487,137.443473,137.475215,136.383065,-1.060408,132.111,132.142741,131.050592,-4.924999,-4.893258,-5.985407,5.811541,137.035999,5.313987
GW190916_200658,GWTC-2.1,C01:IMRPhenomXPHM,posterior,68.0116,0.1923,0.7347,0.7664,5.345283,0.262675,137.719641,137.496091,136.552256,-1.167385,132.374358,132.150808,131.206973,-4.661641,-4.885191,-5.829026,6.087709,137.035999,5.313987
GW190916_200658,GWTC-2.1,C01:IMRPhenomXPHM,posterior,65.7998,0.2725,0.772,0.9388,5.402735,0.222557,137.671944,137.344077,136.402833,-1.26911,132.269209,131.941342,131.000099,-4.76679,-5.094657,-6.035901,6.040012,137.035999,5.313987
GW190917_114630,GWTC-2.1,C01:IMRPhenomXPHM,posterior,11.7631,-0.076,0.416,0.1468,4.661922,0.21511,135.18813,135.268033,134.652107,-0.536023,130.526208,130.606111,129.990185,-6.509791,-6.429888,-7.045814,3.556198,137.035999,5.313987
GW190917_114630,GWTC-2.1,C01:IMRPhenomXPHM,posterior,11.7119,-0.0745,0.4166,0.1514,4.660212,0.212879,135.181836,135.260256,134.644949,-0.536887,130.521624,130.600044,129.984737,-6.514375,-6.435955,-7.051262,3.549904,137.035999,5.313987
GW190924_021846,GWTC-2.1,C01:IMRPhenomXPHM,posterior,14.2941,0.0457,0.664,0.1132,5.242744,0.166698,135.469275,135.4191,134.472691,-0.996584,130.226531,130.176356,129.229947,-6.809468,-6.859643,-7.806052,3.837343,137.035999,5.313987
GW190924_021846,GWTC-2.1,C01:IMRPhenomXPHM,posterior,14.2604,0.0463,0.6646,0.116,5.242501,0.168668,135.465877,135.415013,134.467864,-0.998014,130.223377,130.172512,129.225363,-6.812622,-6.863487,-7.810636,3.833945,137.035999,5.313987
GW190925_232845,GWTC-2.1,C01:IMRPhenomXPHM,posterior,36.8282,0.0811,0.7065,0.1819,5.364077,0.09103,136.834669,136.744425,135.738555,-1.096114,131.470593,131.380348,130.374479,-5.565406,-5.655651,-6.66152,5.202737,137.035999,5.313987
GW190925_232845,GWTC-2.1,C01:IMRPhenomXPHM,posterior,36.6711,0.0829,0.7073,0.1871,5.364636,0.091483,136.828505,136.736203,135.73037,-1.098135,131.463869,131.371566,130.365733,-5.57213,-5.664433,-6.670266,5.196573,137.035999,5.313987
GW190926_050336,GWTC-2.1,C01:IMRPhenomXPHM,posterior,61.6623,-0.0202,0.6396,0.5509,5.204005,0.223486,137.578248,137.599953,136.635186,-0.943062,132.374243,132.395948,131.431181,-4.661756,-4.640051,-5.604818,5.946316,137.035999,5.313987
GW190926_050336,GWTC-2.1,C01:IMRPhenomXPHM,posterior,59.0562,-0.0076,0.6644,0.7189,5.261442,0.197737,137.515949,137.524153,136.518525,-0.997424,132.254507,132.262711,131.257083,-4.781492,-4.773288,-5.778916,5.884017,137.035999,5.313987
GW190929_012149,GWTC-2.1,C01:IMRPhenomXPHM,posterior,93.3076,-0.0306,0.6001,0.5306,5.095831,0.238233,138.175855,138.208524,137.314829,-0.861026,133.080024,133.112693,132.218998,-3.955976,-3.923306,-4.817001,6.543923,137.035999,5.313987
GW190929_012149,GWTC-2.1,C01:IMRPhenomXPHM,posterior,90.0049,-0.0203,0.6191,0.6189,5.144286,0.218704,138.123864,138.145646,137.224053,-0.899811,132.979578,133.00136,132.079768,-4.056421,-4.034639,-4.956231,6.491932,137.035999,5.313987
GW190930_133541,GWTC-2.1,C01:IMRPhenomXPHM,posterior,20.4197,0.1472,0.7201,0.1555,5.348322,0.171579,135.983821,135.815791,134.853821,-1.13,130.635499,130.467469,129.505499,-6.4005,-6.56853,-7.5305,4.351889,137.035999,5.313987
GW190930_133541,GWTC-2.1,C01:IMRPhenomXPHM,posterior,20.3281,0.1487,0.7207,0.1603,5.347979,0.174768,135.977339,135.807552,134.845962,-1.131376,130.629359,130.459572,129.497983,-6.40664,-6.576427,-7.538016,4.345407,137.035999,5.313987
GW191103_012549,GWTC-3,C01:IMRPhenomXPHM,posterior,20.0274,0.2157,0.748,0.1972,5.396941,0.126876,135.955836,135.702729,134.753218,-1.202619,130.558896,130.305788,129.356277,-6.477103,-6.730211,-7.679722,4.323904,137.035999,5.313987
GW191103_012549,GWTC-3,C01:IMRPhenomXPHM,posterior,19.8657,0.2175,0.7483,0.2085,5.394502,0.13019,135.944139,135.688697,134.740816,-1.203323,130.549637,130.294195,129.346314,-6.486362,-6.741804,-7.689685,4.312207,137.035999,5.313987
GW191105_143521,GWTC-3,C01:IMRPhenomXPHM,posterior,18.5278,-0.0184,0.6682,0.2262,5.314606,0.088906,135.843555,135.863315,134.837512,-1.006043,130.528949,130.548709,129.522906,-6.50705,-6.48729,-7.513093,4.211623,137.035999,5.313987
GW191105_143521,GWTC-3,C01:IMRPhenomXPHM,posterior,18.4113,-0.0176,0.6681,0.2339,5.313769,0.089879,135.834455,135.853393,134.828527,-1.005928,130.520686,130.539624,129.514758,-6.515313,-6.496375,-7.521241,4.202523,137.035999,5.313987
GW191109_010717,GWTC-3,C01:IMRPhenomXPHM,posterior,111.363,-0.3112,0.5922,0.2197,5.216586,0.13503,138.431058,138.735074,137.585722,-0.845337,133.214473,133.518488,132.369136,-3.821527,-3.517511,-4.666863,6.799126,137.035999,5.313987
GW191109_010717,GWTC-3,C01:IMRPhenomXPHM,posterior,108.7483,-0.2938,0.5973,0.2535,5.224691,0.13003,138.396781,138.685265,137.541411,-0.85537,133.17209,133.460573,132.31672,-3.863909,-3.575426,-4.719279,6.764849,137.035999,5.313987
GW191113_071753,GWTC-3,C01:IMRPhenomXPHM,posterior,35.573,0.0032,0.4205,0.2421,4.606549,0.294563,136.784642,136.781131,136.241566,-0.543076,132.178092,132.174582,131.635017,-4.857907,-4.861417,-5.400982,5.15271,137.035999,5.313987
GW191113_071753,GWTC-3,C01:IMRPhenomXPHM,posterior,34.3837,0.0101,0.4404,0.2735,4.642251,0.321573,136.735585,136.724689,136.160885,-0.5747,132.093334,132.082438,131.518634,-4.942665,-4.953561,-5.517365,5.103653,137.035999,5.313987
GW191126_115259,GWTC-3,C01:IMRPhenomXPHM,posterior,20.5602,0.21,0.7472,0.3097,5.403582,0.101746,135.993716,135.747773,134.793321,-1.200395,130.590133,130.344191,129.389739,-6.445866,-6.691808,-7.64626,4.361784,137.035999,5.313987
GW191126_115259,GWTC-3,C01:IMRPhenomXPHM,posterior,20.2869,0.2122,0.7477,0.3272,5.402898,0.104767,135.974411,135.725746,134.772648,-1.201763,130.571514,130.322848,129.369751,-6.464486,-6.713151,-7.666248,4.342479,137.035999,5.313987
GW191127_050227,GWTC-3,C01:IMRPhenomXPHM,posterior,84.7759,0.1768,0.7535,0.5701,5.137051,0.466585,138.037514,137.833284,136.819952,-1.217562,132.900463,132.696234,131.682901,-4.135536,-4.339765,-5.353098,6.405582,137.035999,5.313987
GW191127_050227,GWTC-3,C01:IMRPhenomXPHM,posterior,81.4854,0.2588,0.7833,0.7282,5.309676,0.370628,137.980402,137.671006,136.678575,-1.301827,132.670726,132.361329,131.368899,-4.365273,-4.67467,-5.6671,6.34847,137.035999,5.313987
GW191129_134029,GWTC-3,C01:IMRPhenomXPHM,posterior,17.6754,0.0648,0.6817,0.1583,5.309786,0.091197,135.775599,135.703927,134.738543,-1.037056,130.465813,130.394141,129.428757,-6.570186,-6.641859,-7.607242,4.143667,137.035999,5.313987
GW191129_134029,GWTC-3,C01:IMRPhenomXPHM,posterior,17.6118,0.0658,0.6818,0.1626,5.308807,0.091605,135.770404,135.697683,134.733179,-1.037225,130.461598,130.388877,129.424373,-6.574401,-6.647122,-7.611626,4.138472,137.035999,5.313987
GW191204_110529,GWTC-3,C01:IMRPhenomXPHM,posterior,46.9785,0.0373,0.6971,0.3355,5.339554,0.141712,137.185859,137.145088,136.112449,-1.07341,131.846305,131.805533,130.772895,-5.189694,-5.230466,-6.263105,5.553927,137.035999,5.313987
GW191204_110529,GWTC-3,C01:IMRPhenomXPHM,posterior,44.6289,0.0444,0.6996,0.4135,5.340826,0.14486,137.11184,137.063112,136.032418,-1.079421,131.771013,131.722286,130.691592,-5.264986,-5.313713,-6.344407,5.479908,137.035999,5.313987
GW191204_171526,GWTC-3,C01:IMRPhenomXPHM,posterior,20.3555,0.1592,0.7343,0.1304,5.387196,0.063196,135.979278,135.796771,134.813067,-1.166211,130.592081,130.409574,129.425871,-6.443918,-6.626425,-7.610128,4.347346,137.035999,5.313987
GW191204_171526,GWTC-3,C01:IMRPhenomXPHM,posterior,20.3128,0.1594,0.7343,0.1329,5.386828,0.063494,135.97625,135.793438,134.809833,-1.166417,130.589421,130.40661,129.423004,-6.446578,-6.629389,-7.612995,4.344318,137.035999,5.313987
GW191215_223052,GWTC-3,C01:IMRPhenomXPHM,posterior,43.2039,-0.0536,0.6756,0.3522,5.309682,0.078136,137.065022,137.121812,136.04201,-1.023012,131.75534,131.81213,130.732328,-5.28066,-5.223869,-6.303671,5.43309,137.035999,5.313987
GW191215_223052,GWTC-3,C01:IMRPhenomXPHM,posterior,42.4701,-0.0423,0.6781,0.3796,5.313574,0.078632,137.040308,137.085314,136.011694,-1.028613,131.726734,131.771741,130.698121,-5.309265,-5.264258,-6.337878,5.408376,137.035999,5.313987
GW191216_213338,GWTC-3,C01:IMRPhenomXPHM,posterior,20.0659,0.1174,0.7003,0.0725,5.324671,0.140139,135.958608,135.826242,134.877481,-1.081127,130.633938,130.501571,129.552811,-6.402061,-6.534428,-7.483188,4.326676,137.035999,5.313987
GW191216_213338,GWTC-3,C01:IMRPhenomXPHM,posterior,20.0462,0.1173,0.7005,0.0737,5.324664,0.142139,135.957186,135.824848,134.875545,-1.081641,130.632522,130.500183,129.550881,-6.403477,-6.535816,-7.485118,4.325254,137.035999,5.313987
GW191219_163120,GWTC-3,C01:IMRPhenomXPHM:HighSpin,posterior,32.7632,0.0048,0.1578,0.1098,3.272084,0.04671,136.665938,136.660773,136.485133,-0.180804,133.393854,133.388689,133.21305,-3.642145,-3.64731,-3.822949,5.034006,137.035999,5.313987
GW191219_163120,GWTC-3,C01:IMRPhenomXPHM:HighSpin,posterior,32.6999,0.005,0.1571,0.1117,3.27263,0.060261,136.663148,136.657743,136.483163,-0.179985,133.390517,133.385113,133.210532,-3.645482,-3.650886,-3.825467,5.031216,137.035999,5.313987
GW191222_033537,GWTC-3,C01:IMRPhenomXPHM,posterior,79.5141,-0.0543,0.6678,0.4857,5.320872,0.095165,137.94507,138.002593,136.939865,-1.005205,132.624198,132.681721,131.618993,-4.411801,-4.354279,-5.417006,6.313138,137.035999,5.313987
GW191222_033537,GWTC-3,C01:IMRPhenomXPHM,posterior,76.5762,-0.0399,0.6729,0.566,5.325662,0.093478,137.890757,137.933195,136.874091,-1.016666,132.565095,132.607533,131.548429,-4.470904,-4.428466,-5.487571,6.258825,137.035999,5.313987
GW191230_180458,GWTC-3,C01:IMRPhenomXPHM,posterior,85.1422,-0.0586,0.6786,0.681,5.315506,0.125084,138.043734,138.105699,137.013876,-1.029858,132.728229,132.790193,131.69837,-4.307771,-4.245806,-5.337629,6.411802,137.035999,5.313987
GW191230_180458,GWTC-3,C01:IMRPhenomXPHM,posterior,82.4549,-0.0389,0.6855,0.76,5.325133,0.111439,137.997465,138.038951,136.951517,-1.045948,132.672332,132.713818,131.626384,-4.363667,-4.322181,-5.409615,6.365533,137.035999,5.313987
GW200105_162426,GWTC-3,C01:IMRPhenomXPHM:HighSpin,posterior,10.9488,0.0007,0.4398,0.0594,4.688254,0.136692,135.084639,135.083891,134.510861,-0.573779,130.396386,130.395637,129.822607,-6.639614,-6.640362,-7.213392,3.452707,137.035999,5.313987
GW200105_162426,GWTC-3,C01:IMRPhenomXPHM,posterior,10.9488,0.0007,0.4398,0.0594,4.688254,0.136692,135.084639,135.083891,134.510861,-0.573779,130.396386,130.395637,129.822607,-6.639614,-6.640362,-7.213392,3.452707,137.035999,5.313987
GW200112_155838,GWTC-3,C01:IMRPhenomXPHM,posterior,63.355,0.044,0.6967,0.2408,5.361197,0.066228,137.617318,137.569041,136.544792,-1.072527,132.256121,132.207844,131.183594,-4.779878,-4.828155,-5.852405,5.985386,137.035999,5.313987
GW200112_155838,GWTC-3,C01:IMRPhenomXPHM,posterior,63.0319,0.0481,0.6983,0.2502,5.363361,0.065693,137.609942,137.557051,136.533563,-1.076379,132.246581,132.193691,131.170202,-4.789418,-4.842309,-5.865797,5.97801,137.035999,5.313987
GW200115_042309,GWTC-3,C01:IMRPhenomXPHM:HighSpin,posterior,7.2802,-0.1681,0.4301,0.0624,4.741163,0.210859,134.495917,134.667473,133.937719,-0.558198,129.754754,129.92631,129.196556,-7.281245,-7.109689,-7.839443,2.863985,137.035999,5.313987
GW200115_042309,GWTC-3,C01:IMRPhenomXPHM:HighSpin,posterior,7.2716,-0.1687,0.4302,0.0631,4.741659,0.211007,134.494213,134.666369,133.935784,-0.558429,129.752554,129.92471,129.194125,-7.283445,-7.111289,-7.841874,2.862281,137.035999,5.313987
GW200128_022011,GWTC-3,C01:IMRPhenomXPHM,posterior,73.7024,0.0797,0.7288,0.5396,5.382108,0.095136,137.835572,137.74695,136.683465,-1.152107,132.453463,132.364842,131.301356,-4.582536,-4.671157,-5.734643,6.20364,137.035999,5.313987
GW200128_022011,GWTC-3,C01:IMRPhenomXPHM,posterior,70.2069,0.0915,0.7322,0.6326,5.386064,0.091115,137.765472,137.663289,136.604552,-1.16092,132.379408,132.277225,131.218488,-4.656591,-4.758774,-5.817511,6.13354,137.035999,5.313987
GW200129_065458,GWTC-3,C01:IMRPhenomXPHM,posterior,63.3266,0.1075,0.7458,0.1898,5.38485,0.107395,137.616672,137.495869,136.420064,-1.196608,132.231822,132.111019,131.035214,-4.804178,-4.92498,-6.000785,5.98474,137.035999,5.313987
GW200129_065458,GWTC-3,C01:IMRPhenomXPHM,posterior,63.2127,0.1096,0.7475,0.1936,5.384822,0.105607,137.614074,137.490872,136.412812,-1.201262,132.229252,132.10605,131.02799,-4.806747,-4.929949,-6.008009,5.982142,137.035999,5.313987
GW200202_154313,GWTC-3,C01:IMRPhenomXPHM,posterior,17.5954,0.0361,0.6874,0.0883,5.346293,0.086929,135.769058,135.729581,134.718582,-1.050476,130.422766,130.383289,129.37229,-6.613233,-6.652711,-7.66371,4.137126,137.035999,5.313987
GW200202_154313,GWTC-3,C01:IMRPhenomXPHM,posterior,17.5719,0.0363,0.6876,0.0896,5.345984,0.087289,135.767133,135.727469,134.716386,-1.050747,130.421149,130.381485,129.370402,-6.61485,-6.654514,-7.665597,4.135201,137.035999,5.313987
GW200208_130117,GWTC-3,C01:IMRPhenomXPHM,posterior,65.1014,-0.0854,0.6539,0.3938,5.293632,0.107727,137.656548,137.746064,136.68235,-0.974198,132.362916,132.452432,131.388718,-4.673083,-4.583567,-5.647281,6.024616,137.035999,5.313987
GW200208_130117,GWTC-3,C01:IMRPhenomXPHM,posterior,64.6282,-0.0647,0.6613,0.4205,5.30507,0.103588,137.646025,137.714287,136.655492,-0.990533,132.340954,132.409217,131.350422,-4.695045,-4.626782,-5.685577,6.014093,137.035999,5.313987
GW200208_222617,GWTC-3,C01:IMRPhenomXPHM,posterior,90.7246,0.6237,0.9135,0.6897,4.89223,0.428204,138.135354,137.226089,136.340901,-1.794453,133.243124,132.333859,131.448671,-3.792875,-4.70214,-5.587328,6.503422,137.035999,5.313987
GW200208_222617,GWTC-3,C01:IMRPhenomXPHM,posterior,87.7227,0.6669,0.9277,0.8824,5.045551,0.392439,138.086809,137.083636,136.216161,-1.870649,133.041258,132.038085,131.170609,-3.994741,-4.997915,-5.86539,6.454878,137.035999,5.313987
GW200209_085452,GWTC-3,C01:IMRPhenomXPHM,posterior,61.831,-0.1248,0.6614,0.5695,5.294557,0.101643,137.58219,137.711333,136.591459,-0.990731,132.287633,132.416777,131.296902,-4.748366,-4.619222,-5.739097,5.950258,137.035999,5.313987
GW200209_085452,GWTC-3,C01:IMRPhenomXPHM,posterior,60.3288,-0.1066,0.6679,0.6412,5.30374,0.093251,137.546707,137.657634,136.541292,-1.005414,132.242967,132.353894,131.237552,-4.793032,-4.682105,-5.798447,5.914775,137.035999,5.313987
GW200210_092254,GWTC-3,C01:IMRPhenomXPHM,posterior,27.4557,0.0346,0.3646,0.1873,4.223891,0.146266,136.410968,136.373123,135.953174,-0.457794,132.187077,132.149231,131.729283,-4.848922,-4.886768,-5.306716,4.779036,137.035999,5.313987
GW200210_092254,GWTC-3,C01:IMRPhenomXPHM,posterior,27.1921,0.0311,0.3602,0.1936,4.227816,0.150171,136.397047,136.363106,135.945762,-0.451285,132.169231,132.13529,131.717946,-4.866769,-4.900709,-5.318053,4.765115,137.035999,5.313987
GW200216_220804,GWTC-3,C01:IMRPhenomXPHM,posterior,80.9417,0.0805,0.6985,0.6303,5.299956,0.280145,137.970743,137.881193,136.894006,-1.076738,132.670787,132.581237,131.594049,-4.365212,-4.454762,-5.44195,6.338811,137.035999,5.313987
GW200216_220804,GWTC-3,C01:IMRPhenomXPHM,posterior,78.8524,0.1255,0.7234,0.7612,5.348559,0.22306,137.933014,137.791051,136.794645,-1.138369,132.584455,132.442492,131.446086,-4.451544,-4.593507,-5.589913,6.301083,137.035999,5.313987
GW200219_094415,GWTC-3,C01:IMRPhenomXPHM,posterior,64.9328,-0.0968,0.6566,0.559,5.297178,0.106748,137.652808,137.753929,136.672604,-0.980205,132.35563,132.456751,131.375425,-4.680369,-4.579248,-5.660574,6.020876,137.035999,5.313987
GW200219_094415,GWTC-3,C01:IMRPhenomXPHM,posterior,62.9356,-0.0841,0.6625,0.6271,5.305845,0.098394,137.607737,137.695942,136.614528,-0.993209,132.301891,132.390097,131.308683,-4.734108,-4.645902,-5.727316,5.975805,137.035999,5.313987
GW200220_061928,GWTC-3,C01:IMRPhenomXPHM,posterior,144.1972,0.0373,0.6958,0.9314,5.332795,0.234877,138.803831,138.763059,137.733478,-1.070353,133.471036,133.430264,132.400683,-3.564963,-3.605735,-4.635316,7.171899,137.035999,5.313987
GW200220_061928,GWTC-3,C01:IMRPhenomXPHM,posterior,130.8113,0.0805,0.7189,1.1703,5.359873,0.166807,138.663275,138.573772,137.536323,-1.126952,133.303402,133.213899,132.17645,-3.732597,-3.8221,-4.859549,7.031343,137.035999,5.313987
GW200220_124850,GWTC-3,C01:IMRPhenomXPHM,posterior,65.742,-0.0741,0.6673,0.6696,5.302616,0.117663,137.670675,137.748648,136.666739,-1.003937,132.368059,132.446032,131.364123,-4.66794,-4.589967,-5.671876,6.038743,137.035999,5.313987
GW200220_124850,GWTC-3,C01:IMRPhenomXPHM,posterior,62.2533,-0.0535,0.6763,0.7977,5.315809,0.106037,137.59201,137.648751,136.567475,-1.024535,132.276202,132.332943,131.251667,-4.759798,-4.703057,-5.784332,5.960078,137.035999,5.313987
GW200224_222234,GWTC-3,C01:IMRPhenomXPHM,posterior,71.9586,0.1001,0.7326,0.3159,5.398035,0.076352,137.801028,137.688871,136.639118,-1.16191,132.402993,132.290835,131.241082,-4.633006,-4.745164,-5.794917,6.169096,137.035999,5.313987
GW200224_222234,GWTC-3,C01:IMRPhenomXPHM,posterior,71.5674,0.1032,0.7346,0.3279,5.399574,0.073096,137.793164,137.677341,136.626045,-1.167118,132.39359,132.277767,131.226472,-4.642409,-4.758232,-5.809528,6.161232,137.035999,5.313987
GW200225_060421,GWTC-3,C01:IMRPhenomXPHM,posterior,33.5639,-0.1381,0.656,0.2138,5.280417,0.094845,136.700771,136.84304,135.722011,-0.97876,131.420354,131.562623,130.441595,-5.615645,-5.473376,-6.594405,5.068839,137.035999,5.313987
GW200225_060421,GWTC-3,C01:IMRPhenomXPHM,posterior,33.3536,-0.1271,0.6593,0.2258,5.285762,0.092831,136.691705,136.823119,135.705613,-0.986091,131.405943,131.537358,130.419851,-5.630056,-5.498642,-6.616148,5.059773,137.035999,5.313987
GW200302_015811,GWTC-3,C01:IMRPhenomXPHM,posterior,57.445,-0.0012,0.6396,0.2708,5.201894,0.163701,137.476041,137.477283,136.532962,-0.943078,132.274147,132.275389,131.331069,-4.761852,-4.76061,-5.704931,5.844109,137.035999,5.313987
GW200302_015811,GWTC-3,C01:IMRPhenomXPHM,posterior,56.8752,0.0131,0.6527,0.2974,5.225078,0.161466,137.461661,137.447444,136.490076,-0.971585,132.236583,132.222366,131.264998,-4.799416,-4.813633,-5.771001,5.829729,137.035999,5.313987
GW200306_093714,GWTC-3,C01:IMRPhenomXPHM,posterior,43.7158,0.3102,0.7847,0.3787,5.376419,0.28672,137.082014,136.702391,135.776011,-1.306003,131.705595,131.325972,130.399592,-5.330404,-5.710027,-6.636407,5.450082,137.035999,5.313987
GW200306_093714,GWTC-3,C01:IMRPhenomXPHM,posterior,42.7835,0.3569,0.8038,0.4337,5.420961,0.264371,137.050916,136.60448,135.686562,-1.364354,131.629955,131.183519,130.265601,-5.406044,-5.85248,-6.770398,5.418984,137.035999,5.313987
GW200308_173609,GWTC-3,C01:IMRPhenomXPHM,posterior,102.5327,0.127,0.7058,1.0054,5.185479,0.533146,138.311873,138.168086,137.217405,-1.094468,133.126394,132.982608,132.031926,-3.909605,-4.053391,-5.004073,6.679941,137.035999,5.313987
GW200308_173609,GWTC-3,C01:IMRPhenomXPHM,posterior,103.0438,0.0576,0.6739,2.1487,5.170826,0.531856,138.319045,138.255532,137.299924,-1.019121,133.14822,133.084706,132.129098,-3.887779,-3.951293,-4.906901,6.687113,137.035999,5.313987
GW200311_115853,GWTC-3,C01:IMRPhenomXPHM,posterior,61.4657,-0.0357,0.6831,0.2295,5.338147,0.076073,137.573641,137.61167,136.533235,-1.040406,132.235494,132.273523,131.195088,-4.800505,-4.762476,-5.840911,5.941709,137.035999,5.313987
GW200311_115853,GWTC-3,C01:IMRPhenomXPHM,posterior,61.3428,-0.0325,0.6847,0.2338,5.339013,0.074487,137.570754,137.605492,136.526787,-1.043967,132.23174,132.266479,131.187773,-4.804259,-4.76952,-5.848226,5.938822,137.035999,5.313987
GW200316_215756,GWTC-3,C01:IMRPhenomXPHM,posterior,21.7761,0.1507,0.7023,0.2137,5.291595,0.175532,136.076608,135.904353,134.990587,-1.086021,130.785012,130.612757,129.698991,-6.250987,-6.423242,-7.337008,4.444676,137.035999,5.313987
GW200316_215756,GWTC-3,C01:IMRPhenomXPHM,posterior,21.5792,0.1489,0.7029,0.2219,5.293432,0.17645,136.063504,135.893517,134.976007,-1.087497,130.770072,130.600085,129.682576,-6.265927,-6.435914,-7.353424,4.431572,137.035999,5.313987
GW200322_091133,GWTC-3,C01:IMRPhenomXPHM,posterior,76.6638,0.1008,0.6841,0.8231,5.026192,0.784262,137.892405,137.779416,136.849667,-1.042738,132.866213,132.753223,131.823475,-4.169787,-4.282776,-5.212524,6.260473,137.035999,5.313987
GW200322_091133,GWTC-3,C01:IMRPhenomXPHM,posterior,83.8205,0.0373,0.6308,2.0452,4.632071,0.882896,138.021164,137.980397,137.09691,-0.924253,133.389092,133.348325,132.464839,-3.646907,-3.687674,-4.57116,6.389232,137.035999,5.313987
GW230518_125908,GWTC-4,C00:IMRPhenomXPHM-SpinTaylor,posterior,9.6205,-0.0124,0.3852,0.0516,4.552375,0.063382,134.898051,134.91139,134.40939,-0.488661,130.345675,130.359015,129.857015,-6.690324,-6.676984,-7.178985,3.266119,137.035999,5.313987
GW230529_181500,GWTC-4,C00:IMRPhenomXPHM:HighSpin,posterior,5.009,-0.1125,0.582,0.0448,5.066715,0.11441,133.956458,134.073301,133.131254,-0.825203,128.889743,129.006586,128.06454,-8.146256,-8.029413,-8.971459,2.324526,137.035999,5.313987
GW230601_224134,GWTC-4,C00:IMRPhenomXPHM-SpinTaylor,posterior,108.7076,-0.0201,0.6702,0.5716,5.302915,0.116334,138.396241,138.417844,137.385688,-1.010553,133.093326,133.114928,132.082773,-3.942673,-3.921071,-4.953226,6.764309,137.035999,5.313987
GW230605_065343,GWTC-4,C00:IMRPhenomXPHM-SpinTaylor,posterior,28.7266,0.0683,0.6867,0.2049,5.328778,0.080883,136.47625,136.400652,135.42763,-1.04862,131.147472,131.071874,130.098852,-5.888527,-5.964125,-6.937147,4.844318,137.035999,5.313987
GW230606_004305,GWTC-4,C00:IMRPhenomXPHM-SpinTaylor,posterior,62.6625,-0.1361,0.636,0.4674,5.267046,0.124579,137.601462,137.741811,136.666189,-0.935273,132.334415,132.474764,131.399142,-4.701584,-4.561235,-5.636857,5.96953,137.035999,5.313987
GW230608_205047,GWTC-4,C00:IMRPhenomXPHM-SpinTaylor,posterior,78.8106,0.0498,0.6953,0.5668,5.323086,0.150314,137.93225,137.877545,136.863157,-1.069093,132.609164,132.554458,131.540071,-4.426835,-4.481541,-5.495928,6.300318,137.035999,5.313987
GW230609_064958,GWTC-4,C00:IMRPhenomXPHM-SpinTaylor,posterior,59.9485,-0.1427,0.6402,0.5549,5.277572,0.10516,137.537585,137.684379,136.593253,-0.944332,132.260013,132.406807,131.315681,-4.775986,-4.629192,-5.720319,5.905653,137.035999,5.313987
GW230624_113103,GWTC-4,C00:IMRPhenomXPHM-SpinTaylor,posterior,43.1645,0.1367,0.7089,0.3477,5.345439,0.13242,137.063704,136.908356,135.961727,-1.101976,131.718265,131.562917,130.616288,-5.317734,-5.473082,-6.419711,5.431772,137.035999,5.313987
GW230627_015337,GWTC-4,C00:IMRPhenomXPHM-SpinTaylor,posterior,14.1812,0.021,0.6772,0.0663,5.336123,0.042726,135.457842,135.435044,134.43117,-1.026671,130.121718,130.09892,129.095047,-6.914281,-6.937079,-7.940952,3.82591,137.035999,5.313987
GW230628_231200,GWTC-4,C00:IMRPhenomXPHM-SpinTaylor,posterior,59.2169,-0.0023,0.7019,0.4077,5.360529,0.051052,137.519869,137.522327,136.434931,-1.084938,132.15934,132.161798,131.074401,-4.876659,-4.874201,-5.961598,5.887937,137.035999,5.313987
GW230630_125806,GWTC-4,C00:IMRPhenomXPHM-SpinTaylor,posterior,85.6976,0.2026,0.7655,0.8132,5.393089,0.186947,138.053115,137.816593,136.802457,-1.250658,132.660026,132.423504,131.409368,-4.375973,-4.612495,-5.626631,6.421183,137.035999,5.313987
GW230630_234532,GWTC-4,C00:IMRPhenomXPHM-SpinTaylor,posterior,16.831,-0.0401,0.6583,0.2114,5.301018,0.073578,135.704982,135.74772,134.72109,-0.983893,130.403965,130.446702,129.420072,-6.632034,-6.589297,-7.615927,4.07305,137.035999,5.313987
GW230702_185453,GWTC-4,C00:IMRPhenomXPHM-SpinTaylor,posterior,60.8191,0.0587,0.6271,0.4143,5.13827,0.221276,137.558383,137.493621,136.641967,-0.916417,132.420113,132.355351,131.503696,-4.615886,-4.680649,-5.532303,5.926451,137.035999,5.313987
GW230704_021211,GWTC-4,C00:IMRPhenomXPHM-SpinTaylor,posterior,53.5414,-0.0139,0.6561,0.4506,5.280832,0.126448,137.374516,137.389444,136.395595,-0.978921,132.093684,132.108612,131.114763,-4.942315,-4.927387,-5.921236,5.742584,137.035999,5.313987
GW230704_212616,GWTC-4,C00:IMRPhenomXPHM-SpinTaylor,posterior,141.5987,0.3772,0.8035,1.0016,5.382753,0.256198,138.777597,138.301037,137.414128,-1.363468,133.394843,132.918284,132.031375,-3.641156,-4.117715,-5.004624,7.145665,137.035999,5.313987
GW230706_104333,GWTC-4,C00:IMRPhenomXPHM-SpinTaylor,posterior,27.9525,0.1929,0.7496,0.3515,5.409033,0.07427,136.43684,136.212564,135.230113,-1.206727,131.027807,130.803531,129.82108,-6.008192,-6.232468,-7.214919,4.804908,137.035999,5.313987
GW230707_124047,GWTC-4,C00:IMRPhenomXPHM-SpinTaylor,posterior,81.4944,-0.0435,0.6842,0.7189,5.332823,0.081914,137.980561,138.02679,136.937756,-1.042805,132.647737,132.693967,131.604933,-4.388262,-4.342032,-5.431066,6.348629,137.035999,5.313987
GW230708_053705,GWTC-4,C00:IMRPhenomXPHM-SpinTaylor,posterior,51.9629,0.0773,0.7301,0.5478,5.383408,0.07419,137.331343,137.245497,136.176043,-1.1553,131.947935,131.862089,130.792635,-5.088064,-5.17391,-6.243364,5.699411,137.035999,5.313987
GW230708_230935,GWTC-4,C00:IMRPhenomXPHM-SpinTaylor,posterior,103.7964,0.0243,0.6796,0.5634,5.291093,0.169231,138.329545,138.3031,137.297295,-1.03225,133.038451,133.012007,132.006201,-3.997548,-4.023992,-5.029798,6.697613,137.035999,5.313987
GW230709_122727,GWTC-4,C00:IMRPhenomXPHM-SpinTaylor,posterior,75.14,0.0945,0.7168,0.7276,5.353993,0.168628,137.863442,137.757771,136.741768,-1.121674,132.509449,132.403778,131.387775,-4.52655,-4.632221,-5.648224,6.23151,137.035999,5.313987
GW230712_090405,GWTC-4,C00:IMRPhenomXPHM-SpinTaylor,posterior,43.9833,-0.041,0.6477,0.3614,5.088251,0.279942,137.090815,137.134504,136.130162,-0.960653,132.002563,132.046253,131.041911,-5.033436,-4.989746,-5.994088,5.458883,137.035999,5.313987
GW230723_101834,GWTC-4,C00:IMRPhenomXPHM-SpinTaylor,posterior,27.7103,-0.1589,0.616,0.2912,5.248083,0.108596,136.424281,136.58688,135.53084,-0.893441,131.176198,131.338797,130.282757,-5.859801,-5.697202,-6.753242,4.792349,137.035999,5.313987
GW230726_002940,GWTC-4,C00:IMRPhenomXPHM-SpinTaylor,posterior,63.3806,-0.0166,0.6908,0.3756,5.342996,0.067656,137.617902,137.635674,136.559597,-1.058306,132.274907,132.292678,131.216601,-4.761092,-4.743321,-5.819398,5.98597,137.035999,5.313987
GW230729_082317,GWTC-4,C00:IMRPhenomXPHM-SpinTaylor,posterior,20.4058,0.1248,0.7066,0.305,5.334317,0.147594,135.982837,135.841717,134.886367,-1.09647,130.648519,130.5074,129.55205,-6.38748,-6.528599,-7.483949,4.350905,137.035999,5.313987
GW230731_215307,GWTC-4,C00:IMRPhenomXPHM-SpinTaylor,posterior,18.2391,-0.0479,0.6699,0.2182,5.327364,0.047837,135.820898,135.871745,134.811047,-1.009852,130.493534,130.54438,129.483682,-6.542465,-6.491619,-7.552317,4.188966,137.035999,5.313987
GW230803_033412,GWTC-4,C00:IMRPhenomXPHM-SpinTaylor,posterior,76.1055,0.099,0.7283,0.7328,5.333825,0.15011,137.88186,137.771001,136.731194,-1.150667,132.548035,132.437176,131.397369,-4.487964,-4.598823,-5.63863,6.249928,137.035999,5.313987
GW230805_034249,GWTC-4,C00:IMRPhenomXPHM-SpinTaylor,posterior,56.729,0.082,0.7302,0.5329,5.333124,0.154834,137.457946,137.366715,136.30219,-1.155756,132.124822,132.033591,130.969066,-4.911177,-5.002408,-6.066933,5.826014,137.035999,5.313987
GW230806_204041,GWTC-4,C00:IMRPhenomXPHM-SpinTaylor,posterior,85.1538,0.0929,0.7145,0.8451,5.362345,0.134665,138.043931,137.940145,136.928115,-1.115816,132.681586,132.5778,131.56577,-4.354413,-4.458199,-5.470229,6.411999,137.035999,5.313987
GW230811_032116,GWTC-4,C00:IMRPhenomXPHM-SpinTaylor,posterior,57.9945,0.0171,0.6896,0.3683,5.30546,0.097787,137.489776,137.471182,136.434227,-1.055549,132.184316,132.165723,131.128767,-4.851683,-4.870277,-5.907232,5.857844,137.035999,5.313987
GW230814_061920,GWTC-4,C00:IMRPhenomXPHM-SpinTaylor,posterior,112.1141,0.0529,0.6836,0.6196,5.315806,0.132485,138.440755,138.382578,137.399368,-1.041388,133.12495,133.066772,132.083562,-3.911049,-3.969227,-4.952437,6.808823,137.035999,5.313987
GW230814_230901,GWTC-4,C00:IMRPhenomXPHM-SpinTaylor,posterior,62.0258,-0.0103,0.679,0.0594,5.359292,0.018525,137.586727,137.597854,136.555859,-1.030869,132.227435,132.238562,131.196567,-4.808564,-4.797437,-5.839432,5.954795,137.035999,5.313987
GW230819_171910,GWTC-4,C00:IMRPhenomXPHM-SpinTaylor,posterior,110.4179,-0.0291,0.6542,0.6318,5.144922,0.307323,138.418762,138.449911,137.443861,-0.9749,133.27384,133.30499,132.29894,-3.762159,-3.731009,-4.737059,6.78683,137.035999,5.313987
GW230820_212515,GWTC-4,C00:IMRPhenomXPHM-SpinTaylor,posterior,96.1931,0.2093,0.7336,0.6195,5.31551,0.301793,138.219794,137.974814,137.055216,-1.164577,132.904284,132.659304,131.739706,-4.131715,-4.376695,-5.296293,6.587862,137.035999,5.313987
GW230824_033047,GWTC-4,C00:IMRPhenomXPHM-SpinTaylor,posterior,88.244,0.0022,0.6869,0.7316,5.323027,0.137225,138.095359,138.092998,137.046102,-1.049257,132.772332,132.769971,131.723075,-4.263667,-4.266028,-5.312924,6.463427,137.035999,5.313987
GW230825_041334,GWTC-4,C00:IMRPhenomXPHM-SpinTaylor,posterior,70.6391,0.3174,0.8046,0.7852,5.469248,0.143004,137.774326,137.384672,136.407475,-1.366851,132.305079,131.915424,130.938228,-4.730921,-5.120575,-6.097772,6.142394,137.035999,5.313987
GW230831_015414,GWTC-4,C00:IMRPhenomXPHM-SpinTaylor,posterior,73.7716,0.0428,0.716,0.7251,5.352915,0.127811,137.836927,137.790043,136.717248,-1.119678,132.484011,132.437128,131.364333,-4.551988,-4.598871,-5.671666,6.204995,137.035999,5.313987
GW230904_051013,GWTC-4,C00:IMRPhenomXPHM-SpinTaylor,posterior,17.9681,0.0562,0.6917,0.1997,5.339402,0.08416,135.799302,135.737389,134.738807,-1.060494,130.4599,130.397987,129.399406,-6.576099,-6.638012,-7.636593,4.16737,137.035999,5.313987
GW230911_195324,GWTC-4,C00:IMRPhenomXPHM-SpinTaylor,posterior,56.1018,-0.029,0.6708,0.221,5.257396,0.118616,137.441907,137.472903,136.429879,-1.012028,132.18451,132.215507,131.172482,-4.851489,-4.820492,-5.863517,5.809975,137.035999,5.313987
GW230914_111401,GWTC-4,C00:IMRPhenomXPHM-SpinTaylor,posterior,95.8127,0.1275,0.7003,0.4526,5.338201,0.138931,138.214077,138.069669,137.132956,-1.081121,132.875876,132.731468,131.794755,-4.160123,-4.304531,-5.241244,6.582145,137.035999,5.313987
GW230919_215712,GWTC-4,C00:IMRPhenomXPHM-SpinTaylor,posterior,49.316,0.1823,0.7463,0.2461,5.426625,0.048693,137.255916,137.044912,136.058041,-1.197875,131.829291,131.618287,130.631416,-5.206708,-5.417712,-6.404583,5.623984,137.035999,5.313987
GW230920_071124,GWTC-4,C00:IMRPhenomXPHM-SpinTaylor,posterior,56.4734,-0.0019,0.6897,0.4863,5.339987,0.100859,137.45143,137.453471,136.395715,-1.055715,132.111443,132.113484,131.055728,-4.924556,-4.922515,-5.980271,5.819498,137.035999,5.313987
GW230922_020344,GWTC-4,C00:IMRPhenomXPHM-SpinTaylor,posterior,70.6111,0.0354,0.7115,0.276,5.342404,0.078196,137.773756,137.735092,136.665413,-1.108343,132.431352,132.392688,131.323009,-4.604647,-4.643311,-5.71299,6.141824,137.035999,5.313987
GW230922_040658,GWTC-4,C00:IMRPhenomXPHM-SpinTaylor,posterior,124.6904,0.3378,0.7934,0.9495,5.445738,0.227381,138.594139,138.175453,137.261882,-1.332257,133.148401,132.729715,131.816143,-3.887598,-4.306284,-5.219856,6.962207,137.035999,5.313987
GW230924_124453,GWTC-4,C00:IMRPhenomXPHM-SpinTaylor,posterior,51.7546,0.0196,0.6953,0.4192,5.362742,0.052696,137.325546,137.304269,136.256496,-1.06905,131.962804,131.941527,130.893754,-5.073195,-5.094472,-6.142245,5.693614,137.035999,5.313987
GW230927_043729,GWTC-4,C00:IMRPhenomXPHM-SpinTaylor,posterior,62.4715,0.0071,0.6942,0.5287,5.353461,0.071947,137.597059,137.589371,136.530711,-1.066348,132.243597,132.23591,131.177249,-4.792402,-4.800089,-5.85875,5.965127,137.035999,5.313987
GW230927_153832,GWTC-4,C00:IMRPhenomXPHM-SpinTaylor,posterior,38.5156,0.0406,0.6952,0.2278,5.356826,0.037012,136.899304,136.854866,135.830493,-1.068811,131.542478,131.49804,130.473667,-5.493521,-5.537959,-6.562332,5.267372,137.035999,5.313987
GW230928_215827,GWTC-4,C00:IMRPhenomXPHM-SpinTaylor,posterior,87.6395,0.4204,0.8431,0.6974,5.500549,0.164221,138.085442,137.542458,136.589201,-1.496241,132.584893,132.041909,131.088652,-4.451106,-4.99409,-5.947347,6.45351,137.035999,5.313987
GW230930_110730,GWTC-4,C00:IMRPhenomXPHM-SpinTaylor,posterior,58.9969,0.0277,0.6949,0.7619,5.343906,0.11467,137.514498,137.484334,136.446367,-1.068131,132.170592,132.140428,131.102461,-4.865407,-4.895571,-5.933538,5.882566,137.035999,5.313987
GW231001_140220,GWTC-4,C00:IMRPhenomXPHM-SpinTaylor,posterior,116.328,-0.0479,0.6329,0.673,5.209786,0.184435,138.493987,138.54483,137.565173,-0.928814,133.284201,133.335044,132.355386,-3.751799,-3.700955,-4.680613,6.862055,137.035999,5.313987
GW231004_232346,GWTC-4,C00:IMRPhenomXPHM-SpinTaylor,posterior,101.6706,-0.0512,0.6354,0.6567,5.201039,0.189241,138.299691,138.353973,137.365726,-0.933966,133.098652,133.152934,132.164687,-3.937347,-3.883065,-4.871312,6.667759,137.035999,5.313987
GW231005_021030,GWTC-4,C00:IMRPhenomXPHM-SpinTaylor,posterior,131.5903,0.1123,0.7249,0.939,5.317988,0.187815,138.671841,138.545389,137.529742,-1.142099,133.353854,133.227402,132.211754,-3.682145,-3.808597,-4.824245,7.039909,137.035999,5.313987
GW231005_091549,GWTC-4,C00:IMRPhenomXPHM-SpinTaylor,posterior,50.6423,-0.0384,0.6763,0.5938,5.324195,0.107264,137.294203,137.335138,136.269659,-1.024544,131.970008,132.010944,130.945464,-5.065991,-5.025056,-6.090535,5.662271,137.035999,5.313987
GW231008_142521,GWTC-4,C00:IMRPhenomXPHM-SpinTaylor,posterior,71.2554,-0.0252,0.6501,0.4817,5.254499,0.184565,137.786859,137.813876,136.821117,-0.965743,132.532361,132.559377,131.566618,-4.503638,-4.476622,-5.469381,6.154928,137.035999,5.313987
GW231014_040532,GWTC-4,C00:IMRPhenomXPHM-SpinTaylor,posterior,35.8834,0.1813,0.7516,0.3994,5.396424,0.13671,136.797178,136.587432,135.585027,-1.21215,131.400754,131.191008,130.188604,-5.635245,-5.844991,-6.847396,5.165246,137.035999,5.313987
GW231018_233037,GWTC-4,C00:IMRPhenomXPHM-SpinTaylor,posterior,19.0923,0.0148,0.6715,0.2877,5.299404,0.110297,135.886854,135.870816,134.873306,-1.013548,130.58745,130.571411,129.573902,-6.448549,-6.464588,-7.462097,4.254922,137.035999,5.313987
GW231020_142947,GWTC-4,C00:IMRPhenomXPHM-SpinTaylor,posterior,19.8618,0.1512,0.7151,0.2383,5.344919,0.155384,135.943856,135.771077,134.82637,-1.117486,130.598937,130.426158,129.481451,-6.437062,-6.609842,-7.554548,4.311924,137.035999,5.313987
GW231028_153006,GWTC-4,C00:IMRPhenomXPHM-SpinTaylor,posterior,152.9012,0.4957,0.8568,0.7177,5.5859,0.129417,138.888388,138.221463,137.341874,-1.546514,133.302488,132.635563,131.755974,-3.733511,-4.400436,-5.280025,7.256456,137.035999,5.313987
GW231029_111508,GWTC-4,C00:IMRPhenomXPHM-SpinTaylor,posterior,106.0689,0.1453,0.7241,0.5145,5.356299,0.161173,138.36079,138.195113,137.220768,-1.140021,133.00449,132.838814,131.864469,-4.031509,-4.197185,-5.17153,6.728858,137.035999,5.313987
GW231102_071736,GWTC-4,C00:IMRPhenomXPHM-SpinTaylor,posterior,104.652,0.074,0.7093,0.5985,5.363654,0.093359,138.341388,138.259237,137.238325,-1.103063,132.977734,132.895583,131.874671,-4.058265,-4.140416,-5.161328,6.709456,137.035999,5.313987
GW231104_133418,GWTC-4,C00:IMRPhenomXPHM-SpinTaylor,posterior,21.0329,0.1455,0.7253,0.2781,5.388139,0.071936,136.026507,135.860539,134.883389,-1.143117,130.638368,130.4724,129.495251,-6.397631,-6.563599,-7.540748,4.394575,137.035999,5.313987
GW231108_125142,GWTC-4,C00:IMRPhenomXPHM-SpinTaylor,posterior,40.6547,-0.0763,0.6622,0.3717,5.31068,0.047906,136.977283,137.057473,135.984771,-0.992511,131.666603,131.746794,130.674092,-5.369396,-5.289205,-6.361908,5.345351,137.035999,5.313987
GW231110_040320,GWTC-4,C00:IMRPhenomXPHM-SpinTaylor,posterior,32.5224,0.1746,0.7361,0.3393,5.369673,0.083975,136.655294,136.453781,135.484351,-1.170943,131.285621,131.084108,130.114678,-5.750378,-5.951891,-6.921321,5.023362,137.035999,5.313987
GW231113_122623,GWTC-4,C00:IMRPhenomXPHM-SpinTaylor,posterior,68.2932,0.3648,0.8165,0.5524,5.491743,0.161842,137.725602,137.267468,136.320599,-1.405003,132.233859,131.775725,130.828856,-4.80214,-5.260274,-6.207143,6.09367,137.035999,5.313987
GW231113_200417,GWTC-4,C00:IMRPhenomXPHM-SpinTaylor,posterior,19.1418,0.1253,0.7209,0.224,5.36529,0.087618,135.890585,135.748808,134.758521,-1.132064,130.525294,130.383518,129.393231,-6.510705,-6.652482,-7.642768,4.258653,137.035999,5.313987
GW231114_043211,GWTC-4,C00:IMRPhenomXPHM-SpinTaylor,posterior,31.5127,0.091,0.6084,0.2551,5.070178,0.15013,136.609793,136.508225,135.731952,-0.877841,131.539615,131.438047,130.661774,-5.496384,-5.597952,-6.374225,4.977861,137.035999,5.313987
GW231118_005626,GWTC-4,C00:IMRPhenomXPHM-SpinTaylor,posterior,31.8307,0.3929,0.8142,0.3789,5.412667,0.114883,136.624277,136.124033,135.226594,-1.397683,131.21161,130.711366,129.813927,-5.824389,-6.324633,-7.222072,4.992345,137.035999,5.313987
GW231118_071402,GWTC-4,C00:IMRPhenomXPHM-SpinTaylor,posterior,73.8933,0.1278,0.7323,0.6598,5.381256,0.139944,137.839303,137.694605,136.67814,-1.161164,132.458047,132.313348,131.296884,-4.577952,-4.722651,-5.739116,6.207371,137.035999,5.313987
GW231118_090602,GWTC-4,C00:IMRPhenomXPHM-SpinTaylor,posterior,21.2289,0.1195,0.7005,0.262,5.258801,0.266069,136.039893,135.904983,134.95825,-1.081642,130.781092,130.646182,129.699449,-6.254907,-6.389817,-7.33655,4.407961,137.035999,5.313987
GW231119_075248,GWTC-4,C00:IMRPhenomXPHM-SpinTaylor,posterior,82.3292,-0.0005,0.6847,0.9702,5.326772,0.151216,137.995264,137.995789,136.951179,-1.044085,132.668492,132.669017,131.624407,-4.367507,-4.366982,-5.411592,6.363332,137.035999,5.313987
GW231123_135430,GWTC-4,C00:IMRPhenomXPHM-SpinTaylor,posterior,243.2756,0.0391,0.7084,0.1712,5.295662,0.076309,139.55838,139.515594,138.457488,-1.100892,134.262718,134.219932,133.161826,-2.773281,-2.816067,-3.874173,7.926448,137.035999,5.313987
GW231127_165300,GWTC-4,C00:IMRPhenomXPHM-SpinTaylor,posterior,74.4822,0.0406,0.6901,0.6912,5.305897,0.189981,137.850756,137.80623,136.794046,-1.05671,132.544859,132.500333,131.488149,-4.49114,-4.535666,-5.54785,6.218825,137.035999,5.313987
GW231129_081745,GWTC-4,C00:IMRPhenomXPHM-SpinTaylor,posterior,69.5676,0.0274,0.6657,0.5956,5.262584,0.160435,137.752276,137.722401,136.751735,-1.00054,132.489692,132.459817,131.489152,-4.546307,-4.576182,-5.546847,6.120344,137.035999,5.313987
GW231206_233134,GWTC-4,C00:IMRPhenomXPHM-SpinTaylor,posterior,62.6127,-0.0901,0.6691,0.5452,5.317787,0.07223,137.600315,137.694592,136.59227,-1.008045,132.282528,132.376805,131.274484,-4.753471,-4.659194,-5.761515,5.968383,137.035999,5.313987
GW231206_233901,GWTC-4,C00:IMRPhenomXPHM-SpinTaylor,posterior,66.5665,-0.0293,0.6868,0.2811,5.336658,0.064416,137.688657,137.719919,136.639705,-1.048951,132.351998,132.383261,131.303047,-4.684001,-4.652738,-5.732952,6.056725,137.035999,5.313987
GW231213_111417,GWTC-4,C00:IMRPhenomXPHM-SpinTaylor,posterior,62.6177,0.0767,0.7211,0.6546,5.380196,0.090402,137.60043,137.515255,136.467897,-1.132533,132.220235,132.135059,131.087701,-4.815764,-4.90094,-5.948298,5.968499,137.035999,5.313987
GW231221_135041,GWTC-4,C00:IMRPhenomXPHM-SpinTaylor,posterior,77.258,0.0393,0.7037,0.7017,5.298569,0.200769,137.903545,137.86047,136.814218,-1.089327,132.604977,132.561901,131.515649,-4.431023,-4.474098,-5.52035,6.271613,137.035999,5.313987
GW231223_032836,GWTC-4,C00:IMRPhenomXPHM-SpinTaylor,posterior,77.5766,-0.1616,0.6309,0.6415,5.239425,0.168712,137.909481,138.074723,136.984991,-0.92449,132.670056,132.835298,131.745566,-4.365943,-4.200701,-5.290433,6.277549,137.035999,5.313987
GW231223_075055,GWTC-4,C00:IMRPhenomXPHM-SpinTaylor,posterior,19.0328,0.0721,0.6951,0.1914,5.290732,0.137727,135.882346,135.802435,134.813707,-1.068639,130.591613,130.511703,129.522975,-6.444386,-6.524296,-7.513024,4.250414,137.035999,5.313987
GW231223_202619,GWTC-4,C00:IMRPhenomXPHM-SpinTaylor,posterior,19.7013,0.105,0.7158,0.1776,5.378161,0.068184,135.932153,135.81432,134.812897,-1.119256,130.553992,130.436159,129.434737,-6.482007,-6.59984,-7.601263,4.300221,137.035999,5.313987
GW231224_024321,GWTC-4,C00:IMRPhenomXPHM-SpinTaylor,posterior,16.6908,-0.0052,0.6854,0.1883,5.348177,0.037431,135.69291,135.69847,134.647251,-1.045659,130.344733,130.350293,129.299073,-6.691267,-6.685706,-7.736926,4.060978,137.035999,5.313987
GW231226_101520,GWTC-4,C00:IMRPhenomXPHM-SpinTaylor,posterior,75.1941,-0.0738,0.6745,0.2278,5.339032,0.025818,137.86448,137.94216,136.844035,-1.020445,132.525448,132.603128,131.505003,-4.510551,-4.432871,-5.530996,6.232548,137.035999,5.313987
GW231230_170116,GWTC-4,C00:IMRPhenomXPHM-SpinTaylor,posterior,87.7908,-0.2167,0.6112,0.8681,5.228653,0.183052,138.08793,138.3057,137.204387,-0.883544,132.859277,133.077046,131.975734,-4.176722,-3.958953,-5.060265,6.455998,137.035999,5.313987
GW231231_154016,GWTC-4,C00:IMRPhenomXPHM-SpinTaylor,posterior,40.0007,-0.0286,0.6726,0.2087,5.33127,0.045913,136.953885,136.984509,135.937827,-1.016058,131.622615,131.653239,130.606557,-5.413384,-5.38276,-6.429442,5.321953,137.035999,5.313987
GW240104_164932,GWTC-4,C00:IMRPhenomXPHM-SpinTaylor,posterior,75.2684,0.1255,0.7472,0.3506,5.398803,0.080533,137.865905,137.723852,136.665435,-1.20047,132.467102,132.325049,131.266632,-4.568897,-4.71095,-5.769367,6.233973,137.035999,5.313987
GW240107_013215,GWTC-4,C00:IMRPhenomXPHM-SpinTaylor,posterior,89.5545,0.3387,0.7896,0.8746,5.369864,0.282283,138.116626,137.69654,136.795768,-1.320858,132.746761,132.326676,131.425904,-4.289238,-4.709323,-5.610095,6.484694,137.035999,5.313987
GW240109_050431,GWTC-4,C00:IMRPhenomXPHM-SpinTaylor,posterior,47.299,-0.076,0.6375,0.2758,5.257511,0.085999,137.19567,137.275591,136.257209,-0.938461,131.938159,132.01808,130.999699,-5.09784,-5.017919,-6.036301,5.563738,137.035999,5.313987
