log10_A,A,sigma_pooled,mean_n,per_event_sigma,null_mean,null_std,delta_from_5314
-4.477173,3.332934e-05,0.277287,8.578423,0.26705,0.277287,0.0,3.264423
-4.470496,3.384578e-05,0.277287,8.567331,0.26705,0.277287,0.0,3.253331
-4.463818,3.437022e-05,0.277287,8.556239,0.26705,0.277287,0.0,3.242239
-4.45714,3.490278e-05,0.277287,8.545148,0.26705,0.277287,0.0,3.231148
-4.450462,3.544360e-05,0.277287,8.534056,0.26705,0.277287,0.0,3.220056
-4.443784,3.599280e-05,0.277287,8.522965,0.26705,0.277287,0.0,3.208965
-4.437107,3.655051e-05,0.277287,8.511873,0.26705,0.277287,0.0,3.197873
-4.430429,3.711686e-05,0.277287,8.500782,0.26705,0.277287,0.0,3.186782
-4.423751,3.769199e-05,0.277287,8.48969,0.26705,0.277287,0.0,3.17569
-4.417073,3.827603e-05,0.277287,8.478598,0.26705,0.277287,0.0,3.164598
-4.410395,3.886911e-05,0.277287,8.467507,0.26705,0.277287,0.0,3.153507
-4.403718,3.947139e-05,0.277287,8.456415,0.26705,0.277287,0.0,3.142415
-4.39704,4.008300e-05,0.277287,8.445324,0.26705,0.277287,0.0,3.131324
-4.390362,4.070409e-05,0.277287,8.434232,0.26705,0.277287,0.0,3.120232
-4.383684,4.133480e-05,0.277287,8.423141,0.26705,0.277287,0.0,3.109141
-4.377006,4.197528e-05,0.277287,8.412049,0.26705,0.277287,0.0,3.098049
-4.370329,4.262569e-05,0.277287,8.400957,0.26705,0.277287,0.0,3.086957
-4.363651,4.328617e-05,0.277287,8.389866,0.26705,0.277287,0.0,3.075866
-4.356973,4.395689e-05,0.277287,8.378774,0.26705,0.277287,0.0,3.064774
-4.350295,4.463801e-05,0.277287,8.367683,0.26705,0.277287,0.0,3.053683
-4.343617,4.532967e-05,0.277287,8.356591,0.26705,0.277287,0.0,3.042591
-4.33694,4.603206e-05,0.277287,8.345499,0.26705,0.277287,0.0,3.031499
-4.330262,4.674533e-05,0.277287,8.334408,0.26705,0.277287,0.0,3.020408
-4.323584,4.746965e-05,0.277287,8.323316,0.26705,0.277287,0.0,3.009316
-4.316906,4.820519e-05,0.277287,8.312225,0.26705,0.277287,0.0,2.998225
-4.310228,4.895213e-05,0.277287,8.301133,0.26705,0.277287,0.0,2.987133
-4.303551,4.971064e-05,0.277287,8.290042,0.26705,0.277287,0.0,2.976042
-4.296873,5.048091e-05,0.277287,8.27895,0.26705,0.277287,0.0,2.96495
-4.290195,5.126311e-05,0.277287,8.267858,0.26705,0.277287,0.0,2.953858
-4.283517,5.205743e-05,0.277287,8.256767,0.26705,0.277287,0.0,2.942767
-4.276839,5.286407e-05,0.277287,8.245675,0.26705,0.277287,0.0,2.931675
-4.270162,5.368320e-05,0.277287,8.234584,0.26705,0.277287,0.0,2.920584
-4.263484,5.451502e-05,0.277287,8.223492,0.26705,0.277287,0.0,2.909492
-4.256806,5.535973e-05,0.277287,8.212401,0.26705,0.277287,0.0,2.898401
-4.250128,5.621753e-05,0.277287,8.201309,0.26705,0.277287,0.0,2.887309
-4.24345,5.708862e-05,0.277287,8.190217,0.26705,0.277287,0.0,2.876217
-4.236773,5.797321e-05,0.277287,8.179126,0.26705,0.277287,0.0,2.865126
-4.230095,5.887150e-05,0.277287,8.168034,0.26705,0.277287,0.0,2.854034
-4.223417,5.978372e-05,0.277287,8.156943,0.26705,0.277287,0.0,2.842943
-4.216739,6.071007e-05,0.277287,8.145851,0.26705,0.277287,0.0,2.831851
-4.210061,6.165077e-05,0.277287,8.134759,0.26705,0.277287,0.0,2.820759
-4.203384,6.260605e-05,0.277287,8.123668,0.26705,0.277287,0.0,2.809668
-4.196706,6.357613e-05,0.277287,8.112576,0.26705,0.277287,0.0,2.798576
-4.190028,6.456125e-05,0.277287,8.101485,0.26705,0.277287,0.0,2.787485
-4.18335,6.556163e-05,0.277287,8.090393,0.26705,0.277287,0.0,2.776393
-4.176672,6.657750e-05,0.277287,8.079302,0.26705,0.277287,0.0,2.765302
-4.169995,6.760912e-05,0.277287,8.06821,0.26705,0.277287,0.0,2.75421
-4.163317,6.865673e-05,0.277287,8.057118,0.26705,0.277287,0.0,2.743118
-4.156639,6.972056e-05,0.277287,8.046027,0.26705,0.277287,0.0,2.732027
-4.149961,7.080089e-05,0.277287,8.034935,0.26705,0.277287,0.0,2.720935
-4.143284,7.189795e-05,0.277287,8.023844,0.26705,0.277287,0.0,2.709844
-4.136606,7.301201e-05,0.277287,8.012752,0.26705,0.277287,0.0,2.698752
-4.129928,7.414333e-05,0.277287,8.00166,0.26705,0.277287,0.0,2.68766
-4.12325,7.529218e-05,0.277287,7.990569,0.26705,0.277287,0.0,2.676569
-4.116572,7.645883e-05,0.277287,7.979477,0.26705,0.277287,0.0,2.665477
-4.109895,7.764357e-05,0.277287,7.968386,0.26705,0.277287,0.0,2.654386
-4.103217,7.884665e-05,0.277287,7.957294,0.26705,0.277287,0.0,2.643294
-4.096539,8.006838e-05,0.277287,7.946203,0.26705,0.277287,0.0,2.632203
-4.089861,8.130904e-05,0.277287,7.935111,0.26705,0.277287,0.0,2.621111
-4.083183,8.256893e-05,0.277287,7.924019,0.26705,0.277287,0.0,2.610019
-4.076506,8.384834e-05,0.277287,7.912928,0.26705,0.277287,0.0,2.598928
-4.069828,8.514757e-05,0.277287,7.901836,0.26705,0.277287,0.0,2.587836
-4.06315,8.646693e-05,0.277287,7.890745,0.26705,0.277287,0.0,2.576745
-4.056472,8.780674e-05,0.277287,7.879653,0.26705,0.277287,0.0,2.565653
-4.049794,8.916730e-05,0.277287,7.868562,0.26705,0.277287,0.0,2.554562
-4.043117,9.054895e-05,0.277287,7.85747,0.26705,0.277287,0.0,2.54347
-4.036439,9.195201e-05,0.277287,7.846378,0.26705,0.277287,0.0,2.532378
-4.029761,9.337681e-05,0.277287,7.835287,0.26705,0.277287,0.0,2.521287
-4.023083,9.482368e-05,0.277287,7.824195,0.26705,0.277287,0.0,2.510195
-4.016405,9.629298e-05,0.277287,7.813104,0.26705,0.277287,0.0,2.499104
-4.009728,9.778504e-05,0.277287,7.802012,0.26705,0.277287,0.0,2.488012
-4.00305,9.930022e-05,0.277287,7.79092,0.26705,0.277287,0.0,2.47692
-3.996372,1.008389e-04,0.277287,7.779829,0.26705,0.277287,0.0,2.465829
-3.989694,1.024014e-04,0.277287,7.768737,0.26705,0.277287,0.0,2.454737
-3.983016,1.039881e-04,0.277287,7.757646,0.26705,0.277287,0.0,2.443646
-3.976339,1.055994e-04,0.277287,7.746554,0.26705,0.277287,0.0,2.432554
-3.969661,1.072357e-04,0.277287,7.735463,0.26705,0.277287,0.0,2.421463
-3.962983,1.088973e-04,0.277287,7.724371,0.26705,0.277287,0.0,2.410371
-3.956305,1.105846e-04,0.277287,7.713279,0.26705,0.277287,0.0,2.399279
-3.949627,1.122981e-04,0.277287,7.702188,0.26705,0.277287,0.0,2.388188
-3.94295,1.140382e-04,0.277287,7.691096,0.26705,0.277287,0.0,2.377096
-3.936272,1.158052e-04,0.277287,7.680005,0.26705,0.277287,0.0,2.366005
-3.929594,1.175996e-04,0.277287,7.668913,0.26705,0.277287,0.0,2.354913
-3.922916,1.194218e-04,0.277287,7.657822,0.26705,0.277287,0.0,2.343822
-3.916238,1.212723e-04,0.277287,7.64673,0.26705,0.277287,0.0,2.33273
-3.909561,1.231514e-04,0.277287,7.635638,0.26705,0.277287,0.0,2.321638
-3.902883,1.250596e-04,0.277287,7.624547,0.26705,0.277287,0.0,2.310547
-3.896205,1.269974e-04,0.277287,7.613455,0.26705,0.277287,0.0,2.299455
-3.889527,1.289653e-04,0.277287,7.602364,0.26705,0.277287,0.0,2.288364
-3.882849,1.309636e-04,0.277287,7.591272,0.26705,0.277287,0.0,2.277272
-3.876172,1.329929e-04,0.277287,7.58018,0.26705,0.277287,0.0,2.26618
-3.869494,1.350536e-04,0.277287,7.569089,0.26705,0.277287,0.0,2.255089
-3.862816,1.371462e-04,0.277287,7.557997,0.26705,0.277287,0.0,2.243997
-3.856138,1.392713e-04,0.277287,7.546906,0.26705,0.277287,0.0,2.232906
-3.84946,1.414293e-04,0.277287,7.535814,0.26705,0.277287,0.0,2.221814
-3.842783,1.436208e-04,0.277287,7.524723,0.26705,0.277287,0.0,2.210723
-3.836105,1.458462e-04,0.277287,7.513631,0.26705,0.277287,0.0,2.199631
-3.829427,1.481061e-04,0.277287,7.502539,0.26705,0.277287,0.0,2.188539
-3.822749,1.504010e-04,0.277287,7.491448,0.26705,0.277287,0.0,2.177448
-3.816071,1.527315e-04,0.277287,7.480356,0.26705,0.277287,0.0,2.166356
-3.809394,1.550980e-04,0.277287,7.469265,0.26705,0.277287,0.0,2.155265
-3.802716,1.575013e-04,0.277287,7.458173,0.26705,0.277287,0.0,2.144173
-3.796038,1.599418e-04,0.277287,7.447082,0.26705,0.277287,0.0,2.133082
-3.78936,1.624201e-04,0.277287,7.43599,0.26705,0.277287,0.0,2.12199
-3.782683,1.649368e-04,0.277287,7.424898,0.26705,0.277287,0.0,2.110898
-3.776005,1.674925e-04,0.277287,7.413807,0.26705,0.277287,0.0,2.099807
-3.769327,1.700878e-04,0.277287,7.402715,0.26705,0.277287,0.0,2.088715
-3.762649,1.727233e-04,0.277287,7.391624,0.26705,0.277287,0.0,2.077624
-3.755971,1.753996e-04,0.277287,7.380532,0.26705,0.277287,0.0,2.066532
-3.749294,1.781175e-04,0.277287,7.36944,0.26705,0.277287,0.0,2.05544
-3.742616,1.808774e-04,0.277287,7.358349,0.26705,0.277287,0.0,2.044349
-3.735938,1.836801e-04,0.277287,7.347257,0.26705,0.277287,0.0,2.033257
-3.72926,1.865262e-04,0.277287,7.336166,0.26705,0.277287,0.0,2.022166
-3.722582,1.894164e-04,0.277287,7.325074,0.26705,0.277287,0.0,2.011074
-3.715905,1.923514e-04,0.277287,7.313983,0.26705,0.277287,0.0,1.999983
-3.709227,1.953319e-04,0.277287,7.302891,0.26705,0.277287,0.0,1.988891
-3.702549,1.983586e-04,0.277287,7.291799,0.26705,0.277287,0.0,1.977799
-3.695871,2.014322e-04,0.277287,7.280708,0.26705,0.277287,0.0,1.966708
-3.689193,2.045534e-04,0.277287,7.269616,0.26705,0.277287,0.0,1.955616
-3.682516,2.077229e-04,0.277287,7.258525,0.26705,0.277287,0.0,1.944525
-3.675838,2.109416e-04,0.277287,7.247433,0.26705,0.277287,0.0,1.933433
-3.66916,2.142101e-04,0.277287,7.236342,0.26705,0.277287,0.0,1.922342
-3.662482,2.175293e-04,0.277287,7.22525,0.26705,0.277287,0.0,1.91125
-3.655804,2.209000e-04,0.277287,7.214158,0.26705,0.277287,0.0,1.900158
-3.649127,2.243228e-04,0.277287,7.203067,0.26705,0.277287,0.0,1.889067
-3.642449,2.277987e-04,0.277287,7.191975,0.26705,0.277287,0.0,1.877975
-3.635771,2.313284e-04,0.277287,7.180884,0.26705,0.277287,0.0,1.866884
-3.629093,2.349129e-04,0.277287,7.169792,0.26705,0.277287,0.0,1.855792
-3.622415,2.385528e-04,0.277287,7.1587,0.26705,0.277287,0.0,1.8447
-3.615738,2.422492e-04,0.277287,7.147609,0.26705,0.277287,0.0,1.833609
-3.60906,2.460029e-04,0.277287,7.136517,0.26705,0.277287,0.0,1.822517
-3.602382,2.498147e-04,0.277287,7.125426,0.26705,0.277287,0.0,1.811426
-3.595704,2.536856e-04,0.277287,7.114334,0.26705,0.277287,0.0,1.800334
-3.589026,2.576164e-04,0.277287,7.103243,0.26705,0.277287,0.0,1.789243
-3.582349,2.616082e-04,0.277287,7.092151,0.26705,0.277287,0.0,1.778151
-3.575671,2.656618e-04,0.277287,7.081059,0.26705,0.277287,0.0,1.767059
-3.568993,2.697783e-04,0.277287,7.069968,0.26705,0.277287,0.0,1.755968
-3.562315,2.739585e-04,0.277287,7.058876,0.26705,0.277287,0.0,1.744876
-3.555637,2.782035e-04,0.277287,7.047785,0.26705,0.277287,0.0,1.733785
-3.54896,2.825143e-04,0.277287,7.036693,0.26705,0.277287,0.0,1.722693
-3.542282,2.868918e-04,0.277287,7.025601,0.26705,0.277287,0.0,1.711601
-3.535604,2.913372e-04,0.277287,7.01451,0.26705,0.277287,0.0,1.70051
-3.528926,2.958515e-04,0.277287,7.003418,0.26705,0.277287,0.0,1.689418
-3.522248,3.004357e-04,0.277287,6.992327,0.26705,0.277287,0.0,1.678327
-3.515571,3.050910e-04,0.277287,6.981235,0.26705,0.277287,0.0,1.667235
-3.508893,3.098184e-04,0.277287,6.970144,0.26705,0.277287,0.0,1.656144
-3.502215,3.146190e-04,0.277287,6.959052,0.26705,0.277287,0.0,1.645052
-3.495537,3.194940e-04,0.277287,6.94796,0.26705,0.277287,0.0,1.63396
-3.488859,3.244446e-04,0.277287,6.936869,0.26705,0.277287,0.0,1.622869
-3.482182,3.294719e-04,0.277287,6.925777,0.26705,0.277287,0.0,1.611777
-3.475504,3.345770e-04,0.277287,6.914686,0.26705,0.277287,0.0,1.600686
-3.468826,3.397613e-04,0.277287,6.903594,0.26705,0.277287,0.0,1.589594
-3.462148,3.450259e-04,0.277287,6.892503,0.26705,0.277287,0.0,1.578503
-3.45547,3.503721e-04,0.277287,6.881411,0.26705,0.277287,0.0,1.567411
-3.448793,3.558011e-04,0.277287,6.870319,0.26705,0.277287,0.0,1.556319
-3.442115,3.613143e-04,0.277287,6.859228,0.26705,0.277287,0.0,1.545228
-3.435437,3.669128e-04,0.277287,6.848136,0.26705,0.277287,0.0,1.534136
-3.428759,3.725982e-04,0.277287,6.837045,0.26705,0.277287,0.0,1.523045
-3.422082,3.783716e-04,0.277287,6.825953,0.26705,0.277287,0.0,1.511953
-3.415404,3.842344e-04,0.277287,6.814861,0.26705,0.277287,0.0,1.500861
-3.408726,3.901882e-04,0.277287,6.80377,0.26705,0.277287,0.0,1.48977
-3.402048,3.962341e-04,0.277287,6.792678,0.26705,0.277287,0.0,1.478678
-3.39537,4.023738e-04,0.277287,6.781587,0.26705,0.277287,0.0,1.467587
-3.388693,4.086086e-04,0.277287,6.770495,0.26705,0.277287,0.0,1.456495
-3.382015,4.149400e-04,0.277287,6.759404,0.26705,0.277287,0.0,1.445404
-3.375337,4.213695e-04,0.277287,6.748312,0.26705,0.277287,0.0,1.434312
-3.368659,4.278986e-04,0.277287,6.73722,0.26705,0.277287,0.0,1.42322
-3.361981,4.345289e-04,0.277287,6.726129,0.26705,0.277287,0.0,1.412129
-3.355304,4.412619e-04,0.277287,6.715037,0.26705,0.277287,0.0,1.401037
-3.348626,4.480993e-04,0.277287,6.703946,0.26705,0.277287,0.0,1.389946
-3.341948,4.550426e-04,0.277287,6.692854,0.26705,0.277287,0.0,1.378854
-3.33527,4.620935e-04,0.277287,6.681763,0.26705,0.277287,0.0,1.367763
-3.328592,4.692536e-04,0.277287,6.670671,0.26705,0.277287,0.0,1.356671
-3.321915,4.765247e-04,0.277287,6.659579,0.26705,0.277287,0.0,1.345579
-3.315237,4.839085e-04,0.277287,6.648488,0.26705,0.277287,0.0,1.334488
-3.308559,4.914066e-04,0.277287,6.637396,0.26705,0.277287,0.0,1.323396
-3.301881,4.990210e-04,0.277287,6.626305,0.26705,0.277287,0.0,1.312305
-3.295203,5.067533e-04,0.277287,6.615213,0.26705,0.277287,0.0,1.301213
-3.288526,5.146055e-04,0.277287,6.604121,0.26705,0.277287,0.0,1.290121
-3.281848,5.225793e-04,0.277287,6.59303,0.26705,0.277287,0.0,1.27903
-3.27517,5.306767e-04,0.277287,6.581938,0.26705,0.277287,0.0,1.267938
-3.268492,5.388995e-04,0.277287,6.570847,0.26705,0.277287,0.0,1.256847
-3.261814,5.472498e-04,0.277287,6.559755,0.26705,0.277287,0.0,1.245755
-3.255137,5.557294e-04,0.277287,6.548664,0.26705,0.277287,0.0,1.234664
-3.248459,5.643405e-04,0.277287,6.537572,0.26705,0.277287,0.0,1.223572
-3.241781,5.730849e-04,0.277287,6.52648,0.26705,0.277287,0.0,1.21248
-3.235103,5.819649e-04,0.277287,6.515389,0.26705,0.277287,0.0,1.201389
-3.228425,5.909825e-04,0.277287,6.504297,0.26705,0.277287,0.0,1.190297
-3.221748,6.001397e-04,0.277287,6.493206,0.26705,0.277287,0.0,1.179206
-3.21507,6.094389e-04,0.277287,6.482114,0.26705,0.277287,0.0,1.168114
-3.208392,6.188822e-04,0.277287,6.471023,0.26705,0.277287,0.0,1.157023
-3.201714,6.284718e-04,0.277287,6.459931,0.26705,0.277287,0.0,1.145931
-3.195036,6.382099e-04,0.277287,6.448839,0.26705,0.277287,0.0,1.134839
-3.188359,6.480990e-04,0.277287,6.437748,0.26705,0.277287,0.0,1.123748
-3.181681,6.581413e-04,0.277287,6.426656,0.26705,0.277287,0.0,1.112656
-3.175003,6.683392e-04,0.277287,6.415565,0.26705,0.277287,0.0,1.101565
-3.168325,6.786952e-04,0.277287,6.404473,0.26705,0.277287,0.0,1.090473
-3.161647,6.892116e-04,0.277287,6.393381,0.26705,0.277287,0.0,1.079381
-3.15497,6.998909e-04,0.277287,6.38229,0.26705,0.277287,0.0,1.06829
-3.148292,7.107357e-04,0.277287,6.371198,0.26705,0.277287,0.0,1.057198
-3.141614,7.217486e-04,0.277287,6.360107,0.26705,0.277287,0.0,1.046107
-3.134936,7.329321e-04,0.277287,6.349015,0.26705,0.277287,0.0,1.035015
-3.128258,7.442889e-04,0.277287,6.337924,0.26705,0.277287,0.0,1.023924
-3.121581,7.558216e-04,0.277287,6.326832,0.26705,0.277287,0.0,1.012832
-3.114903,7.675331e-04,0.277287,6.31574,0.26705,0.277287,0.0,1.00174
-3.108225,7.794261e-04,0.277287,6.304649,0.26705,0.277287,0.0,0.990649
-3.101547,7.915033e-04,0.277287,6.293557,0.26705,0.277287,0.0,0.979557
-3.094869,8.037676e-04,0.277287,6.282466,0.26705,0.277287,0.0,0.968466
-3.088192,8.162220e-04,0.277287,6.271374,0.26705,0.277287,0.0,0.957374
-3.081514,8.288694e-04,0.277287,6.260282,0.26705,0.277287,0.0,0.946282
-3.074836,8.417127e-04,0.277287,6.249191,0.26705,0.277287,0.0,0.935191
-3.068158,8.547551e-04,0.277287,6.238099,0.26705,0.277287,0.0,0.924099
-3.061481,8.679995e-04,0.277287,6.227008,0.26705,0.277287,0.0,0.913008
-3.054803,8.814492e-04,0.277287,6.215916,0.26705,0.277287,0.0,0.901916
-3.048125,8.951073e-04,0.277287,6.204825,0.26705,0.277287,0.0,0.890825
-3.041447,9.089770e-04,0.277287,6.193733,0.26705,0.277287,0.0,0.879733
-3.034769,9.230616e-04,0.277287,6.182641,0.26705,0.277287,0.0,0.868641
-3.028092,9.373644e-04,0.277287,6.17155,0.26705,0.277287,0.0,0.85755
-3.021414,9.518889e-04,0.277287,6.160458,0.26705,0.277287,0.0,0.846458
-3.014736,9.666385e-04,0.277287,6.149367,0.26705,0.277287,0.0,0.835367
-3.008058,9.816165e-04,0.277287,6.138275,0.26705,0.277287,0.0,0.824275
-3.00138,9.968267e-04,0.277287,6.127184,0.26705,0.277287,0.0,0.813184
-2.994703,1.012273e-03,0.277287,6.116092,0.26705,0.277287,0.0,0.802092
-2.988025,1.027958e-03,0.277287,6.105,0.26705,0.277287,0.0,0.791
-2.981347,1.043886e-03,0.277287,6.093909,0.26705,0.277287,0.0,0.779909
-2.974669,1.060061e-03,0.277287,6.082817,0.26705,0.277287,0.0,0.768817
-2.967991,1.076487e-03,0.277287,6.071726,0.26705,0.277287,0.0,0.757726
-2.961314,1.093167e-03,0.277287,6.060634,0.26705,0.277287,0.0,0.746634
-2.954636,1.110105e-03,0.277287,6.049542,0.26705,0.277287,0.0,0.735542
-2.947958,1.127307e-03,0.277287,6.038451,0.26705,0.277287,0.0,0.724451
-2.94128,1.144774e-03,0.277287,6.027359,0.26705,0.277287,0.0,0.713359
-2.934602,1.162512e-03,0.277287,6.016268,0.26705,0.277287,0.0,0.702268
-2.927925,1.180526e-03,0.277287,6.005176,0.26705,0.277287,0.0,0.691176
-2.921247,1.198818e-03,0.277287,5.994085,0.26705,0.277287,0.0,0.680085
-2.914569,1.217394e-03,0.277287,5.982993,0.26705,0.277287,0.0,0.668993
-2.907891,1.236257e-03,0.277287,5.971901,0.26705,0.277287,0.0,0.657901
-2.901213,1.255413e-03,0.277287,5.96081,0.26705,0.277287,0.0,0.64681
-2.894536,1.274866e-03,0.277287,5.949718,0.26705,0.277287,0.0,0.635718
-2.887858,1.294620e-03,0.277287,5.938627,0.26705,0.277287,0.0,0.624627
-2.88118,1.314680e-03,0.277287,5.927535,0.26705,0.277287,0.0,0.613535
-2.874502,1.335051e-03,0.277287,5.916444,0.26705,0.277287,0.0,0.602444
-2.867824,1.355737e-03,0.277287,5.905352,0.26705,0.277287,0.0,0.591352
-2.861147,1.376745e-03,0.277287,5.89426,0.26705,0.277287,0.0,0.58026
-2.854469,1.398077e-03,0.277287,5.883169,0.26705,0.277287,0.0,0.569169
-2.847791,1.419741e-03,0.277287,5.872077,0.26705,0.277287,0.0,0.558077
-2.841113,1.441739e-03,0.277287,5.860986,0.26705,0.277287,0.0,0.546986
-2.834435,1.464079e-03,0.277287,5.849894,0.26705,0.277287,0.0,0.535894
-2.827758,1.486765e-03,0.277287,5.838802,0.26705,0.277287,0.0,0.524802
-2.82108,1.509803e-03,0.277287,5.827711,0.26705,0.277287,0.0,0.513711
-2.814402,1.533197e-03,0.277287,5.816619,0.26705,0.277287,0.0,0.502619
-2.807724,1.556954e-03,0.277287,5.805528,0.26705,0.277287,0.0,0.491528
-2.801046,1.581079e-03,0.277287,5.794436,0.26705,0.277287,0.0,0.480436
-2.794369,1.605578e-03,0.277287,5.783345,0.26705,0.277287,0.0,0.469345
-2.787691,1.630456e-03,0.277287,5.772253,0.26705,0.277287,0.0,0.458253
-2.781013,1.655720e-03,0.277287,5.761161,0.26705,0.277287,0.0,0.447161
-2.774335,1.681376e-03,0.277287,5.75007,0.26705,0.277287,0.0,0.43607
-2.767657,1.707429e-03,0.277287,5.738978,0.26705,0.277287,0.0,0.424978
-2.76098,1.733885e-03,0.277287,5.727887,0.26705,0.277287,0.0,0.413887
-2.754302,1.760752e-03,0.277287,5.716795,0.26705,0.277287,0.0,0.402795
-2.747624,1.788035e-03,0.277287,5.705704,0.26705,0.277287,0.0,0.391704
-2.740946,1.815740e-03,0.277287,5.694612,0.26705,0.277287,0.0,0.380612
-2.734268,1.843875e-03,0.277287,5.68352,0.26705,0.277287,0.0,0.36952
-2.727591,1.872446e-03,0.277287,5.672429,0.26705,0.277287,0.0,0.358429
-2.720913,1.901460e-03,0.277287,5.661337,0.26705,0.277287,0.0,0.347337
-2.714235,1.930923e-03,0.277287,5.650246,0.26705,0.277287,0.0,0.336246
-2.707557,1.960842e-03,0.277287,5.639154,0.26705,0.277287,0.0,0.325154
-2.70088,1.991226e-03,0.277287,5.628062,0.26705,0.277287,0.0,0.314062
-2.694202,2.022080e-03,0.277287,5.616971,0.26705,0.277287,0.0,0.302971
-2.687524,2.053412e-03,0.277287,5.605879,0.26705,0.277287,0.0,0.291879
-2.680846,2.085230e-03,0.277287,5.594788,0.26705,0.277287,0.0,0.280788
-2.674168,2.117540e-03,0.277287,5.583696,0.26705,0.277287,0.0,0.269696
-2.667491,2.150352e-03,0.277287,5.572605,0.26705,0.277287,0.0,0.258605
-2.660813,2.183671e-03,0.277287,5.561513,0.26705,0.277287,0.0,0.247513
-2.654135,2.217507e-03,0.277287,5.550421,0.26705,0.277287,0.0,0.236421
-2.647457,2.251868e-03,0.277287,5.53933,0.26705,0.277287,0.0,0.22533
-2.640779,2.286760e-03,0.277287,5.528238,0.26705,0.277287,0.0,0.214238
-2.634102,2.322194e-03,0.277287,5.517147,0.26705,0.277287,0.0,0.203147
-2.627424,2.358176e-03,0.277287,5.506055,0.26705,0.277287,0.0,0.192055
-2.620746,2.394716e-03,0.277287,5.494964,0.26705,0.277287,0.0,0.180964
-2.614068,2.431822e-03,0.277287,5.483872,0.26705,0.277287,0.0,0.169872
-2.60739,2.469503e-03,0.277287,5.47278,0.26705,0.277287,0.0,0.15878
-2.600713,2.507768e-03,0.277287,5.461689,0.26705,0.277287,0.0,0.147689
-2.594035,2.546626e-03,0.277287,5.450597,0.26705,0.277287,0.0,0.136597
-2.587357,2.586086e-03,0.277287,5.439506,0.26705,0.277287,0.0,0.125506
-2.580679,2.626158e-03,0.277287,5.428414,0.26705,0.277287,0.0,0.114414
-2.574001,2.666850e-03,0.277287,5.417322,0.26705,0.277287,0.0,0.103322
-2.567324,2.708173e-03,0.277287,5.406231,0.26705,0.277287,0.0,0.092231
-2.560646,2.750136e-03,0.277287,5.395139,0.26705,0.277287,0.0,0.081139
-2.553968,2.792750e-03,0.277287,5.384048,0.26705,0.277287,0.0,0.070048
-2.54729,2.836023e-03,0.277287,5.372956,0.26705,0.277287,0.0,0.058956
-2.540612,2.879968e-03,0.277287,5.361865,0.26705,0.277287,0.0,0.047865
-2.533935,2.924593e-03,0.277287,5.350773,0.26705,0.277287,0.0,0.036773
-2.527257,2.969909e-03,0.277287,5.339681,0.26705,0.277287,0.0,0.025681
-2.520579,3.015928e-03,0.277287,5.32859,0.26705,0.277287,0.0,0.01459
-2.513901,3.062660e-03,0.277287,5.317498,0.26705,0.277287,0.0,0.003498
-2.507223,3.110116e-03,0.277287,5.306407,0.26705,0.277287,0.0,0.007593
-2.500546,3.158307e-03,0.277287,5.295315,0.26705,0.277287,0.0,0.018685
-2.493868,3.207245e-03,0.277287,5.284223,0.26705,0.277287,0.0,0.029777
-2.48719,3.256942e-03,0.277287,5.273132,0.26705,0.277287,0.0,0.040868
-2.480512,3.307408e-03,0.277287,5.26204,0.26705,0.277287,0.0,0.05196
-2.473834,3.358656e-03,0.277287,5.250949,0.26705,0.277287,0.0,0.063051
-2.467157,3.410699e-03,0.277287,5.239857,0.26705,0.277287,0.0,0.074143
-2.460479,3.463548e-03,0.277287,5.228766,0.26705,0.277287,0.0,0.085234
-2.453801,3.517215e-03,0.277287,5.217674,0.26705,0.277287,0.0,0.096326
-2.447123,3.571715e-03,0.277287,5.206582,0.26705,0.277287,0.0,0.107418
-2.440445,3.627058e-03,0.277287,5.195491,0.26705,0.277287,0.0,0.118509
-2.433768,3.683260e-03,0.277287,5.184399,0.26705,0.277287,0.0,0.129601
-2.42709,3.740332e-03,0.277287,5.173308,0.26705,0.277287,0.0,0.140692
-2.420412,3.798288e-03,0.277287,5.162216,0.26705,0.277287,0.0,0.151784
-2.413734,3.857143e-03,0.277287,5.151125,0.26705,0.277287,0.0,0.162875
-2.407056,3.916909e-03,0.277287,5.140033,0.26705,0.277287,0.0,0.173967
-2.400379,3.977602e-03,0.277287,5.128941,0.26705,0.277287,0.0,0.185059
-2.393701,4.039235e-03,0.277287,5.11785,0.26705,0.277287,0.0,0.19615
-2.387023,4.101823e-03,0.277287,5.106758,0.26705,0.277287,0.0,0.207242
-2.380345,4.165381e-03,0.277287,5.095667,0.26705,0.277287,0.0,0.218333
-2.373667,4.229924e-03,0.277287,5.084575,0.26705,0.277287,0.0,0.229425
-2.36699,4.295466e-03,0.277287,5.073483,0.26705,0.277287,0.0,0.240517
-2.360312,4.362025e-03,0.277287,5.062392,0.26705,0.277287,0.0,0.251608
-2.353634,4.429614e-03,0.277287,5.0513,0.26705,0.277287,0.0,0.2627
-2.346956,4.498251e-03,0.277287,5.040209,0.26705,0.277287,0.0,0.273791
-2.340279,4.567952e-03,0.277287,5.029117,0.26705,0.277287,0.0,0.284883
-2.333601,4.638732e-03,0.277287,5.018026,0.26705,0.277287,0.0,0.295974
-2.326923,4.710609e-03,0.277287,5.006934,0.26705,0.277287,0.0,0.307066
-2.320245,4.783600e-03,0.277287,4.995842,0.26705,0.277287,0.0,0.318158
-2.313567,4.857722e-03,0.277287,4.984751,0.26705,0.277287,0.0,0.329249
-2.30689,4.932993e-03,0.277287,4.973659,0.26705,0.277287,0.0,0.340341
-2.300212,5.009430e-03,0.277287,4.962568,0.26705,0.277287,0.0,0.351432
-2.293534,5.087051e-03,0.277287,4.951476,0.26705,0.277287,0.0,0.362524
-2.286856,5.165875e-03,0.277287,4.940385,0.26705,0.277287,0.0,0.373615
-2.280178,5.245920e-03,0.277287,4.929293,0.26705,0.277287,0.0,0.384707
-2.273501,5.327206e-03,0.277287,4.918201,0.26705,0.277287,0.0,0.395799
-2.266823,5.409751e-03,0.277287,4.90711,0.26705,0.277287,0.0,0.40689
-2.260145,5.493575e-03,0.277287,4.896018,0.26705,0.277287,0.0,0.417982
-2.253467,5.578698e-03,0.277287,4.884927,0.26705,0.277287,0.0,0.429073
-2.246789,5.665140e-03,0.277287,4.873835,0.26705,0.277287,0.0,0.440165
-2.240112,5.752921e-03,0.277287,4.862743,0.26705,0.277287,0.0,0.451257
-2.233434,5.842063e-03,0.277287,4.851652,0.26705,0.277287,0.0,0.462348
-2.226756,5.932586e-03,0.277287,4.84056,0.26705,0.277287,0.0,0.47344
-2.220078,6.024511e-03,0.277287,4.829469,0.26705,0.277287,0.0,0.484531
-2.2134,6.117861e-03,0.277287,4.818377,0.26705,0.277287,0.0,0.495623
-2.206723,6.212658e-03,0.277287,4.807286,0.26705,0.277287,0.0,0.506714
-2.200045,6.308923e-03,0.277287,4.796194,0.26705,0.277287,0.0,0.517806
-2.193367,6.406680e-03,0.277287,4.785102,0.26705,0.277287,0.0,0.528898
-2.186689,6.505951e-03,0.277287,4.774011,0.26705,0.277287,0.0,0.539989
-2.180011,6.606761e-03,0.277287,4.762919,0.26705,0.277287,0.0,0.551081
-2.173334,6.709133e-03,0.277287,4.751828,0.26705,0.277287,0.0,0.562172
-2.166656,6.813091e-03,0.277287,4.740736,0.26705,0.277287,0.0,0.573264
-2.159978,6.918660e-03,0.277287,4.729645,0.26705,0.277287,0.0,0.584355
-2.1533,7.025865e-03,0.277287,4.718553,0.26705,0.277287,0.0,0.595447
-2.146622,7.134731e-03,0.277287,4.707461,0.26705,0.277287,0.0,0.606539
-2.139945,7.245284e-03,0.277287,4.69637,0.26705,0.277287,0.0,0.61763
-2.133267,7.357549e-03,0.277287,4.685278,0.26705,0.277287,0.0,0.628722
-2.126589,7.471555e-03,0.277287,4.674187,0.26705,0.277287,0.0,0.639813
-2.119911,7.587327e-03,0.277287,4.663095,0.26705,0.277287,0.0,0.650905
-2.113233,7.704892e-03,0.277287,4.652003,0.26705,0.277287,0.0,0.661997
-2.106556,7.824280e-03,0.277287,4.640912,0.26705,0.277287,0.0,0.673088
-2.099878,7.945517e-03,0.277287,4.62982,0.26705,0.277287,0.0,0.68418
-2.0932,8.068633e-03,0.277287,4.618729,0.26705,0.277287,0.0,0.695271
-2.086522,8.193657e-03,0.277287,4.607637,0.26705,0.277287,0.0,0.706363
-2.079844,8.320617e-03,0.277287,4.596546,0.26705,0.277287,0.0,0.717454
-2.073167,8.449545e-03,0.277287,4.585454,0.26705,0.277287,0.0,0.728546
-2.066489,8.580471e-03,0.277287,4.574362,0.26705,0.277287,0.0,0.739638
-2.059811,8.713426e-03,0.277287,4.563271,0.26705,0.277287,0.0,0.750729
-2.053133,8.848441e-03,0.277287,4.552179,0.26705,0.277287,0.0,0.761821
-2.046455,8.985547e-03,0.277287,4.541088,0.26705,0.277287,0.0,0.772912
-2.039778,9.124778e-03,0.277287,4.529996,0.26705,0.277287,0.0,0.784004
-2.0331,9.266167e-03,0.277287,4.518904,0.26705,0.277287,0.0,0.795096
-2.026422,9.409746e-03,0.277287,4.507813,0.26705,0.277287,0.0,0.806187
-2.019744,9.555551e-03,0.277287,4.496721,0.26705,0.277287,0.0,0.817279
-2.013066,9.703614e-03,0.277287,4.48563,0.26705,0.277287,0.0,0.82837
-2.006389,9.853972e-03,0.277287,4.474538,0.26705,0.277287,0.0,0.839462
-1.999711,1.000666e-02,0.277287,4.463447,0.26705,0.277287,0.0,0.850553
-1.993033,1.016171e-02,0.277287,4.452355,0.26705,0.277287,0.0,0.861645
-1.986355,1.031917e-02,0.277287,4.441263,0.26705,0.277287,0.0,0.872737
-1.979678,1.047906e-02,0.277287,4.430172,0.26705,0.277287,0.0,0.883828
-1.973,1.064144e-02,0.277287,4.41908,0.26705,0.277287,0.0,0.89492
-1.966322,1.080633e-02,0.277287,4.407989,0.26705,0.277287,0.0,0.906011
-1.959644,1.097377e-02,0.277287,4.396897,0.26705,0.277287,0.0,0.917103
-1.952966,1.114381e-02,0.277287,4.385806,0.26705,0.277287,0.0,0.928194
-1.946289,1.131648e-02,0.277287,4.374714,0.26705,0.277287,0.0,0.939286
-1.939611,1.149183e-02,0.277287,4.363622,0.26705,0.277287,0.0,0.950378
-1.932933,1.166990e-02,0.277287,4.352531,0.26705,0.277287,0.0,0.961469
-1.926255,1.185072e-02,0.277287,4.341439,0.26705,0.277287,0.0,0.972561
-1.919577,1.203435e-02,0.277287,4.330348,0.26705,0.277287,0.0,0.983652
-1.9129,1.222082e-02,0.277287,4.319256,0.26705,0.277287,0.0,0.994744
-1.906222,1.241019e-02,0.277287,4.308164,0.26705,0.277287,0.0,1.005836
-1.899544,1.260248e-02,0.277287,4.297073,0.26705,0.277287,0.0,1.016927
-1.892866,1.279776e-02,0.277287,4.285981,0.26705,0.277287,0.0,1.028019
-1.886188,1.299606e-02,0.277287,4.27489,0.26705,0.277287,0.0,1.03911
-1.879511,1.319743e-02,0.277287,4.263798,0.26705,0.277287,0.0,1.050202
-1.872833,1.340193e-02,0.277287,4.252707,0.26705,0.277287,0.0,1.061293
-1.866155,1.360959e-02,0.277287,4.241615,0.26705,0.277287,0.0,1.072385
-1.859477,1.382047e-02,0.277287,4.230523,0.26705,0.277287,0.0,1.083477
-1.852799,1.403462e-02,0.277287,4.219432,0.26705,0.277287,0.0,1.094568
-1.846122,1.425209e-02,0.277287,4.20834,0.26705,0.277287,0.0,1.10566
-1.839444,1.447292e-02,0.277287,4.197249,0.26705,0.277287,0.0,1.116751
-1.832766,1.469718e-02,0.277287,4.186157,0.26705,0.277287,0.0,1.127843
-1.826088,1.492491e-02,0.277287,4.175066,0.26705,0.277287,0.0,1.138934
-1.81941,1.515617e-02,0.277287,4.163974,0.26705,0.277287,0.0,1.150026
-1.812733,1.539102e-02,0.277287,4.152882,0.26705,0.277287,0.0,1.161118
-1.806055,1.562950e-02,0.277287,4.141791,0.26705,0.277287,0.0,1.172209
-1.799377,1.587168e-02,0.277287,4.130699,0.26705,0.277287,0.0,1.183301
-1.792699,1.611762e-02,0.277287,4.119608,0.26705,0.277287,0.0,1.194392
-1.786021,1.636736e-02,0.277287,4.108516,0.26705,0.277287,0.0,1.205484
-1.779344,1.662097e-02,0.277287,4.097424,0.26705,0.277287,0.0,1.216576
-1.772666,1.687851e-02,0.277287,4.086333,0.26705,0.277287,0.0,1.227667
-1.765988,1.714005e-02,0.277287,4.075241,0.26705,0.277287,0.0,1.238759
-1.75931,1.740563e-02,0.277287,4.06415,0.26705,0.277287,0.0,1.24985
-1.752632,1.767533e-02,0.277287,4.053058,0.26705,0.277287,0.0,1.260942
-1.745955,1.794921e-02,0.277287,4.041967,0.26705,0.277287,0.0,1.272033
-1.739277,1.822733e-02,0.277287,4.030875,0.26705,0.277287,0.0,1.283125
-1.732599,1.850977e-02,0.277287,4.019783,0.26705,0.277287,0.0,1.294217
-1.725921,1.879658e-02,0.277287,4.008692,0.26705,0.277287,0.0,1.305308
-1.719243,1.908783e-02,0.277287,3.9976,0.26705,0.277287,0.0,1.3164
-1.712566,1.938360e-02,0.277287,3.986509,0.26705,0.277287,0.0,1.327491
-1.705888,1.968395e-02,0.277287,3.975417,0.26705,0.277287,0.0,1.338583
-1.69921,1.998895e-02,0.277287,3.964326,0.26705,0.277287,0.0,1.349674
-1.692532,2.029868e-02,0.277287,3.953234,0.26705,0.277287,0.0,1.360766
-1.685854,2.061321e-02,0.277287,3.942142,0.26705,0.277287,0.0,1.371858
-1.679177,2.093261e-02,0.277287,3.931051,0.26705,0.277287,0.0,1.382949
-1.672499,2.125696e-02,0.277287,3.919959,0.26705,0.277287,0.0,1.394041
-1.665821,2.158634e-02,0.277287,3.908868,0.26705,0.277287,0.0,1.405132
-1.659143,2.192082e-02,0.277287,3.897776,0.26705,0.277287,0.0,1.416224
-1.652465,2.226048e-02,0.277287,3.886684,0.26705,0.277287,0.0,1.427316
-1.645788,2.260541e-02,0.277287,3.875593,0.26705,0.277287,0.0,1.438407
-1.63911,2.295568e-02,0.277287,3.864501,0.26705,0.277287,0.0,1.449499
-1.632432,2.331138e-02,0.277287,3.85341,0.26705,0.277287,0.0,1.46059
-1.625754,2.367259e-02,0.277287,3.842318,0.26705,0.277287,0.0,1.471682
-1.619077,2.403939e-02,0.277287,3.831227,0.26705,0.277287,0.0,1.482773
-1.612399,2.441188e-02,0.277287,3.820135,0.26705,0.277287,0.0,1.493865
-1.605721,2.479015e-02,0.277287,3.809043,0.26705,0.277287,0.0,1.504957
-1.599043,2.517427e-02,0.277287,3.797952,0.26705,0.277287,0.0,1.516048
-1.592365,2.556435e-02,0.277287,3.78686,0.26705,0.277287,0.0,1.52714
-1.585688,2.596047e-02,0.277287,3.775769,0.26705,0.277287,0.0,1.538231
-1.57901,2.636272e-02,0.277287,3.764677,0.26705,0.277287,0.0,1.549323
-1.572332,2.677121e-02,0.277287,3.753586,0.26705,0.277287,0.0,1.560414
-1.565654,2.718603e-02,0.277287,3.742494,0.26705,0.277287,0.0,1.571506
-1.558976,2.760728e-02,0.277287,3.731402,0.26705,0.277287,0.0,1.582598
-1.552299,2.803506e-02,0.277287,3.720311,0.26705,0.277287,0.0,1.593689
-1.545621,2.846946e-02,0.277287,3.709219,0.26705,0.277287,0.0,1.604781
-1.538943,2.891060e-02,0.277287,3.698128,0.26705,0.277287,0.0,1.615872
-1.532265,2.935857e-02,0.277287,3.687036,0.26705,0.277287,0.0,1.626964
-1.525587,2.981348e-02,0.277287,3.675944,0.26705,0.277287,0.0,1.638056
-1.51891,3.027544e-02,0.277287,3.664853,0.26705,0.277287,0.0,1.649147
-1.512232,3.074456e-02,0.277287,3.653761,0.26705,0.277287,0.0,1.660239
-1.505554,3.122094e-02,0.277287,3.64267,0.26705,0.277287,0.0,1.67133
-1.498876,3.170471e-02,0.277287,3.631578,0.26705,0.277287,0.0,1.682422
-1.492198,3.219598e-02,0.277287,3.620487,0.26705,0.277287,0.0,1.693513
-1.485521,3.269486e-02,0.277287,3.609395,0.26705,0.277287,0.0,1.704605
-1.478843,3.320146e-02,0.277287,3.598303,0.26705,0.277287,0.0,1.715697
-1.472165,3.371592e-02,0.277287,3.587212,0.26705,0.277287,0.0,1.726788
-1.465487,3.423835e-02,0.277287,3.57612,0.26705,0.277287,0.0,1.73788
-1.458809,3.476887e-02,0.277287,3.565029,0.26705,0.277287,0.0,1.748971
-1.452132,3.530762e-02,0.277287,3.553937,0.26705,0.277287,0.0,1.760063
-1.445454,3.585471e-02,0.277287,3.542845,0.26705,0.277287,0.0,1.771155
-1.438776,3.641028e-02,0.277287,3.531754,0.26705,0.277287,0.0,1.782246
-1.432098,3.697446e-02,0.277287,3.520662,0.26705,0.277287,0.0,1.793338
-1.42542,3.754738e-02,0.277287,3.509571,0.26705,0.277287,0.0,1.804429
-1.418743,3.812917e-02,0.277287,3.498479,0.26705,0.277287,0.0,1.815521
-1.412065,3.871999e-02,0.277287,3.487388,0.26705,0.277287,0.0,1.826612
-1.405387,3.931995e-02,0.277287,3.476296,0.26705,0.277287,0.0,1.837704
-1.398709,3.992922e-02,0.277287,3.465204,0.26705,0.277287,0.0,1.848796
-1.392031,4.054792e-02,0.277287,3.454113,0.26705,0.277287,0.0,1.859887
-1.385354,4.117621e-02,0.277287,3.443021,0.26705,0.277287,0.0,1.870979
-1.378676,4.181424e-02,0.277287,3.43193,0.26705,0.277287,0.0,1.88207
-1.371998,4.246215e-02,0.277287,3.420838,0.26705,0.277287,0.0,1.893162
-1.36532,4.312010e-02,0.277287,3.409747,0.26705,0.277287,0.0,1.904253
-1.358642,4.378825e-02,0.277287,3.398655,0.26705,0.277287,0.0,1.915345
-1.351965,4.446675e-02,0.277287,3.387563,0.26705,0.277287,0.0,1.926437
-1.345287,4.515576e-02,0.277287,3.376472,0.26705,0.277287,0.0,1.937528
-1.338609,4.585545e-02,0.277287,3.36538,0.26705,0.277287,0.0,1.94862
-1.331931,4.656598e-02,0.277287,3.354289,0.26705,0.277287,0.0,1.959711
-1.325253,4.728752e-02,0.277287,3.343197,0.26705,0.277287,0.0,1.970803
-1.318576,4.802024e-02,0.277287,3.332105,0.26705,0.277287,0.0,1.981895
-1.311898,4.876432e-02,0.277287,3.321014,0.26705,0.277287,0.0,1.992986
-1.30522,4.951992e-02,0.277287,3.309922,0.26705,0.277287,0.0,2.004078
-1.298542,5.028723e-02,0.277287,3.298831,0.26705,0.277287,0.0,2.015169
-1.291864,5.106643e-02,0.277287,3.287739,0.26705,0.277287,0.0,2.026261
-1.285187,5.185771e-02,0.277287,3.276648,0.26705,0.277287,0.0,2.037352
-1.278509,5.266124e-02,0.277287,3.265556,0.26705,0.277287,0.0,2.048444
-1.271831,5.347723e-02,0.277287,3.254464,0.26705,0.277287,0.0,2.059536
-1.265153,5.430586e-02,0.277287,3.243373,0.26705,0.277287,0.0,2.070627
-1.258475,5.514733e-02,0.277287,3.232281,0.26705,0.277287,0.0,2.081719
-1.251798,5.600184e-02,0.277287,3.22119,0.26705,0.277287,0.0,2.09281
-1.24512,5.686959e-02,0.277287,3.210098,0.26705,0.277287,0.0,2.103902
-1.238442,5.775078e-02,0.277287,3.199007,0.26705,0.277287,0.0,2.114993
-1.231764,5.864563e-02,0.277287,3.187915,0.26705,0.277287,0.0,2.126085
-1.225087,5.955435e-02,0.277287,3.176823,0.26705,0.277287,0.0,2.137177
-1.218409,6.047714e-02,0.277287,3.165732,0.26705,0.277287,0.0,2.148268
-1.211731,6.141424e-02,0.277287,3.15464,0.26705,0.277287,0.0,2.15936
-1.205053,6.236585e-02,0.277287,3.143549,0.26705,0.277287,0.0,2.170451
-1.198375,6.333221e-02,0.277287,3.132457,0.26705,0.277287,0.0,2.181543
-1.191698,6.431355e-02,0.277287,3.121365,0.26705,0.277287,0.0,2.192635
-1.18502,6.531009e-02,0.277287,3.110274,0.26705,0.277287,0.0,2.203726
-1.178342,6.632207e-02,0.277287,3.099182,0.26705,0.277287,0.0,2.214818
-1.171664,6.734973e-02,0.277287,3.088091,0.26705,0.277287,0.0,2.225909
-1.164986,6.839331e-02,0.277287,3.076999,0.26705,0.277287,0.0,2.237001
-1.158309,6.945307e-02,0.277287,3.065908,0.26705,0.277287,0.0,2.248092
-1.151631,7.052925e-02,0.277287,3.054816,0.26705,0.277287,0.0,2.259184
-1.144953,7.162210e-02,0.277287,3.043724,0.26705,0.277287,0.0,2.270276
-1.138275,7.273188e-02,0.277287,3.032633,0.26705,0.277287,0.0,2.281367
-1.131597,7.385887e-02,0.277287,3.021541,0.26705,0.277287,0.0,2.292459
-1.12492,7.500331e-02,0.277287,3.01045,0.26705,0.277287,0.0,2.30355
-1.118242,7.616549e-02,0.277287,2.999358,0.26705,0.277287,0.0,2.314642
-1.111564,7.734567e-02,0.277287,2.988267,0.26705,0.277287,0.0,2.325733
-1.104886,7.854414e-02,0.277287,2.977175,0.26705,0.277287,0.0,2.336825
-1.098208,7.976119e-02,0.277287,2.966083,0.26705,0.277287,0.0,2.347917
-1.091531,8.099709e-02,0.277287,2.954992,0.26705,0.277287,0.0,2.359008
-1.084853,8.225214e-02,0.277287,2.9439,0.26705,0.277287,0.0,2.3701
-1.078175,8.352664e-02,0.277287,2.932809,0.26705,0.277287,0.0,2.381191
-1.071497,8.482088e-02,0.277287,2.921717,0.26705,0.277287,0.0,2.392283
-1.064819,8.613519e-02,0.277287,2.910625,0.26705,0.277287,0.0,2.403375
-1.058142,8.746985e-02,0.277287,2.899534,0.26705,0.277287,0.0,2.414466
-1.051464,8.882520e-02,0.277287,2.888442,0.26705,0.277287,0.0,2.425558
-1.044786,9.020155e-02,0.277287,2.877351,0.26705,0.277287,0.0,2.436649
-1.038108,9.159922e-02,0.277287,2.866259,0.26705,0.277287,0.0,2.447741
-1.03143,9.301855e-02,0.277287,2.855168,0.26705,0.277287,0.0,2.458832
-1.024753,9.445988e-02,0.277287,2.844076,0.26705,0.277287,0.0,2.469924
-1.018075,9.592353e-02,0.277287,2.832984,0.26705,0.277287,0.0,2.481016
-1.011397,9.740987e-02,0.277287,2.821893,0.26705,0.277287,0.0,2.492107
-1.004719,9.891924e-02,0.277287,2.810801,0.26705,0.277287,0.0,2.503199
-0.998041,1.004520e-01,0.277287,2.79971,0.26705,0.277287,0.0,2.51429
-0.991364,1.020085e-01,0.277287,2.788618,0.26705,0.277287,0.0,2.525382
-0.984686,1.035891e-01,0.277287,2.777526,0.26705,0.277287,0.0,2.536474
-0.978008,1.051942e-01,0.277287,2.766435,0.26705,0.277287,0.0,2.547565
-0.97133,1.068242e-01,0.277287,2.755343,0.26705,0.277287,0.0,2.558657
-0.964652,1.084795e-01,0.277287,2.744252,0.26705,0.277287,0.0,2.569748
-0.957975,1.101604e-01,0.277287,2.73316,0.26705,0.277287,0.0,2.58084
-0.951297,1.118673e-01,0.277287,2.722069,0.26705,0.277287,0.0,2.591931
-0.944619,1.136007e-01,0.277287,2.710977,0.26705,0.277287,0.0,2.603023
-0.937941,1.153609e-01,0.277287,2.699885,0.26705,0.277287,0.0,2.614115
-0.931263,1.171484e-01,0.277287,2.688794,0.26705,0.277287,0.0,2.625206
-0.924586,1.189637e-01,0.277287,2.677702,0.26705,0.277287,0.0,2.636298
-0.917908,1.208070e-01,0.277287,2.666611,0.26705,0.277287,0.0,2.647389
-0.91123,1.226789e-01,0.277287,2.655519,0.26705,0.277287,0.0,2.658481
-0.904552,1.245798e-01,0.277287,2.644428,0.26705,0.277287,0.0,2.669572
-0.897874,1.265102e-01,0.277287,2.633336,0.26705,0.277287,0.0,2.680664
-0.891197,1.284705e-01,0.277287,2.622244,0.26705,0.277287,0.0,2.691756
-0.884519,1.304611e-01,0.277287,2.611153,0.26705,0.277287,0.0,2.702847
-0.877841,1.324826e-01,0.277287,2.600061,0.26705,0.277287,0.0,2.713939
-0.871163,1.345354e-01,0.277287,2.58897,0.26705,0.277287,0.0,2.72503
-0.864486,1.366201e-01,0.277287,2.577878,0.26705,0.277287,0.0,2.736122
-0.857808,1.387370e-01,0.277287,2.566786,0.26705,0.277287,0.0,2.747214
-0.85113,1.408867e-01,0.277287,2.555695,0.26705,0.277287,0.0,2.758305
-0.844452,1.430698e-01,0.277287,2.544603,0.26705,0.277287,0.0,2.769397
-0.837774,1.452866e-01,0.277287,2.533512,0.26705,0.277287,0.0,2.780488
-0.831097,1.475379e-01,0.277287,2.52242,0.26705,0.277287,0.0,2.79158
-0.824419,1.498240e-01,0.277287,2.511329,0.26705,0.277287,0.0,2.802671
-0.817741,1.521455e-01,0.277287,2.500237,0.26705,0.277287,0.0,2.813763
-0.811063,1.545030e-01,0.277287,2.489145,0.26705,0.277287,0.0,2.824855
-0.804385,1.568970e-01,0.277287,2.478054,0.26705,0.277287,0.0,2.835946
-0.797708,1.593281e-01,0.277287,2.466962,0.26705,0.277287,0.0,2.847038
-0.79103,1.617969e-01,0.277287,2.455871,0.26705,0.277287,0.0,2.858129
-0.784352,1.643040e-01,0.277287,2.444779,0.26705,0.277287,0.0,2.869221
-0.777674,1.668499e-01,0.277287,2.433688,0.26705,0.277287,0.0,2.880312
-0.770996,1.694352e-01,0.277287,2.422596,0.26705,0.277287,0.0,2.891404
-0.764319,1.720606e-01,0.277287,2.411504,0.26705,0.277287,0.0,2.902496
-0.757641,1.747267e-01,0.277287,2.400413,0.26705,0.277287,0.0,2.913587
-0.750963,1.774341e-01,0.277287,2.389321,0.26705,0.277287,0.0,2.924679
-0.744285,1.801834e-01,0.277287,2.37823,0.26705,0.277287,0.0,2.93577
-0.737607,1.829754e-01,0.277287,2.367138,0.26705,0.277287,0.0,2.946862
-0.73093,1.858106e-01,0.277287,2.356046,0.26705,0.277287,0.0,2.957954
-0.724252,1.886897e-01,0.277287,2.344955,0.26705,0.277287,0.0,2.969045
-0.717574,1.916135e-01,0.277287,2.333863,0.26705,0.277287,0.0,2.980137
-0.710896,1.945825e-01,0.277287,2.322772,0.26705,0.277287,0.0,2.991228
-0.704218,1.975976e-01,0.277287,2.31168,0.26705,0.277287,0.0,3.00232
-0.697541,2.006593e-01,0.277287,2.300589,0.26705,0.277287,0.0,3.013411
-0.690863,2.037686e-01,0.277287,2.289497,0.26705,0.277287,0.0,3.024503
-0.684185,2.069260e-01,0.277287,2.278405,0.26705,0.277287,0.0,3.035595
-0.677507,2.101323e-01,0.277287,2.267314,0.26705,0.277287,0.0,3.046686
-0.670829,2.133883e-01,0.277287,2.256222,0.26705,0.277287,0.0,3.057778
-0.664152,2.166947e-01,0.277287,2.245131,0.26705,0.277287,0.0,3.068869
-0.657474,2.200524e-01,0.277287,2.234039,0.26705,0.277287,0.0,3.079961
-0.650796,2.234621e-01,0.277287,2.222948,0.26705,0.277287,0.0,3.091052
-0.644118,2.269247e-01,0.277287,2.211856,0.26705,0.277287,0.0,3.102144
-0.63744,2.304409e-01,0.277287,2.200764,0.26705,0.277287,0.0,3.113236
-0.630763,2.340116e-01,0.277287,2.189673,0.26705,0.277287,0.0,3.124327
-0.624085,2.376376e-01,0.277287,2.178581,0.26705,0.277287,0.0,3.135419
-0.617407,2.413198e-01,0.277287,2.16749,0.26705,0.277287,0.0,3.14651
-0.610729,2.450590e-01,0.277287,2.156398,0.26705,0.277287,0.0,3.157602
-0.604051,2.488562e-01,0.277287,2.145306,0.26705,0.277287,0.0,3.168694
-0.597374,2.527123e-01,0.277287,2.134215,0.26705,0.277287,0.0,3.179785
-0.590696,2.566281e-01,0.277287,2.123123,0.26705,0.277287,0.0,3.190877
-0.584018,2.606045e-01,0.277287,2.112032,0.26705,0.277287,0.0,3.201968
-0.57734,2.646426e-01,0.277287,2.10094,0.26705,0.277287,0.0,3.21306
-0.570662,2.687432e-01,0.277287,2.089849,0.26705,0.277287,0.0,3.224151
-0.563985,2.729074e-01,0.277287,2.078757,0.26705,0.277287,0.0,3.235243
-0.557307,2.771361e-01,0.277287,2.067665,0.26705,0.277287,0.0,3.246335
-0.550629,2.814303e-01,0.277287,2.056574,0.26705,0.277287,0.0,3.257426
-0.543951,2.857911e-01,0.277287,2.045482,0.26705,0.277287,0.0,3.268518
-0.537273,2.902194e-01,0.277287,2.034391,0.26705,0.277287,0.0,3.279609
-0.530596,2.947164e-01,0.277287,2.023299,0.26705,0.277287,0.0,3.290701
-0.523918,2.992830e-01,0.277287,2.012208,0.26705,0.277287,0.0,3.301792
-0.51724,3.039204e-01,0.277287,2.001116,0.26705,0.277287,0.0,3.312884
-0.510562,3.086297e-01,0.277287,1.990024,0.26705,0.277287,0.0,3.323976
-0.503885,3.134119e-01,0.277287,1.978933,0.26705,0.277287,0.0,3.335067
-0.497207,3.182682e-01,0.277287,1.967841,0.26705,0.277287,0.0,3.346159
-0.490529,3.231998e-01,0.277287,1.95675,0.26705,0.277287,0.0,3.35725
-0.483851,3.282078e-01,0.277287,1.945658,0.26705,0.277287,0.0,3.368342
-0.477173,3.332934e-01,0.277287,1.934566,0.26705,0.277287,0.0,3.379434
