event,catalog,waveform,strat,n_sph,n_car_schw,n_car_kerr,med_eta,log2_eta,med_chi,e_chi2,beta_mc,med_a_f,dn_kerr,med_dn_kerr,M_total,med_q,med_z,in_band
GW150914_095045,GWTC-2.1,C01:IMRPhenomXPHM,M_total-final_mass_source,5.340209,137.637871,138.821494,0.248267,-2.010033,-0.05572,0.011,0.978,0.682518,1.183623,1.188664,64.264,0.8463,0.0963,1
GW151012_095443,GWTC-2.1,C01:IMRPhenomXPHM,M_total-final_mass_source,5.283749,136.911553,138.10931,0.227437,-2.136461,0.110989,0.039714,0.920572,0.687543,1.197758,1.20102,38.844,0.538,0.1937,1
GW151226_033853,GWTC-2.1,C01:IMRPhenomXPHM,M_total-final_mass_source,5.334007,136.069785,137.468931,0.226093,-2.145013,0.201542,0.06212,0.875761,0.75307,1.399146,1.401179,21.6734,0.5276,0.0973,1
GW170104_101158,GWTC-2.1,C01:IMRPhenomXPHM,M_total-final_mass_source,5.309569,137.275776,138.419787,0.242722,-2.042622,-0.042148,0.013596,0.972808,0.668122,1.144011,1.148921,49.9996,0.7085,0.2113,1
GW170608_020116,GWTC-2.1,C01:IMRPhenomXPHM,M_total-final_mass_source,5.351159,135.851072,137.071593,0.243016,-2.04088,0.043392,0.008717,0.982566,0.695514,1.22052,1.213966,18.6246,0.7136,0.0707,1
GW170729_185629,GWTC-2.1,C01:IMRPhenomXPHM,M_total-final_mass_source,5.393495,138.016743,139.493419,0.229095,-2.125979,0.257197,0.08836,0.823281,0.775439,1.476676,1.501132,83.5641,0.5514,0.4267,1
GW170809_082821,GWTC-2.1,C01:IMRPhenomXPHM,M_total-final_mass_source,5.361404,137.501899,138.775856,0.242596,-2.04337,0.079474,0.017657,0.964687,0.713648,1.273957,1.266044,58.4839,0.7064,0.2147,1
GW170814_103043,GWTC-2.1,C01:IMRPhenomXPHM,M_total-final_mass_source,5.378698,137.430347,138.689558,0.247125,-2.016687,0.060555,0.009264,0.981472,0.708724,1.259211,1.260691,55.6541,0.8063,0.1223,1
GW170818_022509,GWTC-2.1,C01:IMRPhenomXPHM,M_total-final_mass_source,5.334126,137.59765,138.810256,0.246802,-2.018575,-0.04234,0.01723,0.965541,0.69276,1.212606,1.211206,62.4971,0.7968,0.222,1
GW170823_131358,GWTC-2.1,C01:IMRPhenomXPHM,M_total-final_mass_source,5.36397,137.696918,138.967458,0.245536,-2.025992,0.053065,0.019995,0.960011,0.712512,1.27054,1.268181,66.9488,0.7643,0.3575,1
GW190403_051519,GWTC-2.1,C01:IMRPhenomXPHM,M_total-final_mass_source,5.21412,138.375223,140.510884,0.140053,-2.835955,0.678607,0.44396,0.11208,0.912194,2.13566,2.125128,107.1354,0.2025,1.1374,1
GW190408_181802,GWTC-2.1,C01:IMRPhenomXPHM,M_total-final_mass_source,5.321596,137.074744,138.221365,0.244334,-2.033076,-0.030107,0.010946,0.978108,0.669085,1.146621,1.148035,43.496,0.7383,0.2858,1
GW190412_053044,GWTC-2.1,C01:IMRPhenomXPHM,M_total-final_mass_source,5.022211,136.897184,138.011141,0.171624,-2.542674,0.246978,0.064857,0.870287,0.656886,1.113957,1.114743,38.4591,0.2821,0.1416,1
GW190413_052954,GWTC-2.1,C01:IMRPhenomXPHM,M_total-final_mass_source,5.313018,137.490584,138.648821,0.24389,-2.035697,-0.035302,0.032727,0.934545,0.673345,1.158237,1.154846,58.027,0.7296,0.5579,1
GW190413_134308,GWTC-2.1,C01:IMRPhenomXPHM,M_total-final_mass_source,5.273783,137.976248,139.152326,0.234252,-2.093868,-0.00849,0.039836,0.920329,0.679812,1.176078,1.180834,81.2511,0.5987,0.6226,1
GW190421_213856,GWTC-2.1,C01:IMRPhenomXPHM,M_total-final_mass_source,5.305285,137.833764,138.957029,0.246284,-2.021606,-0.095948,0.033911,0.932179,0.660395,1.123265,1.112329,73.6101,0.7827,0.4527,1
GW190426_190642,GWTC-2.1,C01:IMRPhenomXPHM,M_total-final_mass_source,5.418206,139.142371,140.606351,0.24542,-2.026676,0.226078,0.118247,0.763506,0.771879,1.46398,1.461334,182.3339,0.7616,0.7259,1
GW190503_185404,GWTC-2.1,C01:IMRPhenomXPHM,M_total-final_mass_source,5.289253,137.749402,138.869527,0.240268,-2.057282,-0.05748,0.030959,0.938082,0.659214,1.120125,1.11838,69.4292,0.6704,0.2841,1
GW190512_180714,GWTC-2.1,C01:IMRPhenomXPHM,M_total-final_mass_source,5.235675,136.805352,137.903865,0.224026,-2.158262,0.027948,0.008905,0.982189,0.651006,1.098513,1.088759,36.0873,0.5125,0.2783,1
GW190513_205428,GWTC-2.1,C01:IMRPhenomXPHM,M_total-final_mass_source,5.265078,137.393551,138.637444,0.218414,-2.194861,0.134551,0.04092,0.91816,0.703545,1.243893,1.251645,54.2525,0.4755,0.3888,1
GW190514_065416,GWTC-2.1,C01:IMRPhenomXPHM,M_total-final_mass_source,5.282611,137.740974,138.847266,0.243239,-2.039556,-0.091083,0.045913,0.908173,0.653977,1.106291,1.089284,69.0248,0.7175,0.634,1
GW190517_055101,GWTC-2.1,C01:IMRPhenomXPHM,M_total-final_mass_source,5.522279,137.642927,139.514993,0.230759,-2.115542,0.441687,0.204708,0.590584,0.867878,1.872067,1.872133,64.4896,0.5656,0.3014,1
GW190519_153544,GWTC-2.1,C01:IMRPhenomXPHM,M_total-final_mass_source,5.438564,138.32116,139.831387,0.236984,-2.077137,0.315294,0.11167,0.776661,0.784656,1.510227,1.491182,103.1949,0.6284,0.4529,1
GW190521_030229,GWTC-2.1,C01:IMRPhenomXPHM,M_total-final_mass_source,5.206544,138.89071,139.90182,0.233084,-2.10108,-0.139787,0.109536,0.780928,0.616328,1.01111,1.005532,153.1475,0.5871,0.556,1
GW190521_074359,GWTC-2.1,C01:IMRPhenomXPHM,M_total-final_mass_source,5.376191,137.905031,139.142068,0.245532,-2.026017,0.073936,0.010796,0.978409,0.701205,1.237037,1.234044,77.3377,0.7642,0.1798,1
GW190527_092055,GWTC-2.1,C01:IMRPhenomXPHM,M_total-final_mass_source,5.312568,137.527974,138.767212,0.233482,-2.098617,0.083085,0.039686,0.920629,0.701958,1.239238,1.233758,59.5505,0.591,0.4389,1
GW190602_175927,GWTC-2.1,C01:IMRPhenomXPHM,M_total-final_mass_source,5.340886,138.485505,139.768535,0.237292,-2.075263,0.115943,0.038742,0.922517,0.716648,1.28303,1.259313,115.6461,0.632,0.4895,1
GW190620_030421,GWTC-2.1,C01:IMRPhenomXPHM,M_total-final_mass_source,5.405048,138.134564,139.691426,0.228241,-2.131372,0.306515,0.111019,0.777962,0.797018,1.556863,1.542894,90.6749,0.5444,0.513,1
GW190630_185205,GWTC-2.1,C01:IMRPhenomXPHM,M_total-final_mass_source,5.36844,137.522616,138.762942,0.243483,-2.038109,0.091838,0.016199,0.967601,0.702329,1.240326,1.243716,59.3298,0.722,0.1683,1
GW190701_203306,GWTC-2.1,C01:IMRPhenomXPHM,M_total-final_mass_source,5.29592,138.181572,139.295854,0.245095,-2.028584,-0.096975,0.038512,0.922975,0.657009,1.114282,1.106801,93.6781,0.7543,0.38,1
GW190706_222641,GWTC-2.1,C01:IMRPhenomXPHM,M_total-final_mass_source,5.367637,138.448106,139.996461,0.224392,-2.155908,0.284519,0.104238,0.791525,0.794802,1.548356,1.547399,112.6867,0.5151,0.5847,1
GW190707_093326,GWTC-2.1,C01:IMRPhenomXPHM,M_total-final_mass_source,5.310886,135.954607,137.073408,0.243664,-2.037037,-0.064063,0.006942,0.986116,0.658716,1.118801,1.11498,20.0104,0.7253,0.1627,1
GW190708_232457,GWTC-2.1,C01:IMRPhenomXPHM,M_total-final_mass_source,5.341842,136.575979,137.766326,0.243963,-2.035264,0.018507,0.004547,0.990906,0.684916,1.190347,1.19633,30.7827,0.731,0.186,1
GW190719_215514,GWTC-2.1,C01:IMRPhenomXPHM,M_total-final_mass_source,5.364594,137.469349,138.900544,0.229618,-2.122694,0.250034,0.102065,0.795871,0.762501,1.431196,1.417478,57.1791,0.5558,0.613,1
GW190720_000836,GWTC-2.1,C01:IMRPhenomXPHM,M_total-final_mass_source,5.328987,136.077588,137.366359,0.229457,-2.123706,0.174005,0.04187,0.916259,0.718534,1.288771,1.290694,21.7909,0.5544,0.1543,1
GW190725_174728,GWTC-2.1,C01:IMRPhenomXPHM,M_total-final_mass_source,5.223844,135.826185,136.911452,0.226822,-2.140369,-0.038945,0.028531,0.942939,0.645905,1.085267,1.087376,18.3061,0.5332,0.2028,1
GW190727_060333,GWTC-2.1,C01:IMRPhenomXPHM,M_total-final_mass_source,5.381241,137.732594,139.047927,0.246403,-2.02091,0.083881,0.029219,0.941561,0.727143,1.315333,1.311754,68.625,0.7858,0.5146,1
GW190728_064510,GWTC-2.1,C01:IMRPhenomXPHM,M_total-final_mass_source,5.343041,136.020731,137.298901,0.234527,-2.092177,0.140244,0.043354,0.913292,0.715044,1.27817,1.276393,20.9488,0.6016,0.1761,1
GW190731_140936,GWTC-2.1,C01:IMRPhenomXPHM,M_total-final_mass_source,5.348068,137.746946,138.972378,0.242676,-2.042895,0.052497,0.026045,0.94791,0.697215,1.225432,1.209373,69.3111,0.7077,0.5565,1
GW190803_022701,GWTC-2.1,C01:IMRPhenomXPHM,M_total-final_mass_source,5.331171,137.654301,138.839054,0.244908,-2.029691,-0.014653,0.02392,0.95216,0.682922,1.184752,1.175199,65.0001,0.7502,0.5386,1
GW190805_211137,GWTC-2.1,C01:IMRPhenomXPHM,M_total-final_mass_source,5.49988,137.868491,139.569905,0.241166,-2.051899,0.386829,0.17501,0.64998,0.832153,1.701414,1.689834,75.4035,0.6835,0.933,1
GW190814_211039,GWTC-2.1,C01:IMRPhenomXPHM,M_total-final_mass_source,4.188836,136.32715,136.704213,0.090052,-3.473106,0.003716,0.002695,0.99461,0.282593,0.377064,0.377346,25.9061,0.1112,0.0508,0
GW190828_063405,GWTC-2.1,C01:IMRPhenomXPHM,M_total-final_mass_source,5.423405,137.470082,138.834422,0.247656,-2.01359,0.153999,0.032372,0.935256,0.742529,1.36434,1.363173,57.2082,0.8234,0.3754,1
GW190828_065509,GWTC-2.1,C01:IMRPhenomXPHM,M_total-final_mass_source,5.176814,136.730104,137.80018,0.212446,-2.234835,0.053858,0.013422,0.973156,0.639987,1.070076,1.117408,34.2533,0.4414,0.2908,1
GW190910_112807,GWTC-2.1,C01:IMRPhenomXPHM,M_total-final_mass_source,5.346701,137.892937,139.08297,0.246261,-2.021743,-0.011238,0.012299,0.975402,0.684804,1.190034,1.192139,76.692,0.7821,0.3076,1
GW190915_235702,GWTC-2.1,C01:IMRPhenomXPHM,M_total-final_mass_source,5.328455,137.456033,138.656148,0.245718,-2.024922,-0.038765,0.017985,0.96403,0.688376,1.200115,1.176288,56.6538,0.7686,0.3297,1
GW190916_200658,GWTC-2.1,C01:IMRPhenomXPHM,M_total-final_mass_source,5.345283,137.719641,139.058854,0.229754,-2.121836,0.192332,0.077017,0.845967,0.73472,1.339213,1.334058,68.0116,0.5569,0.7664,1
GW190917_114630,GWTC-2.1,C01:IMRPhenomXPHM,M_total-final_mass_source,4.661922,135.18813,135.784614,0.143706,-2.798803,-0.075972,0.053824,0.892352,0.416011,0.596485,0.607771,11.7631,0.2106,0.1468,0
GW190924_021846,GWTC-2.1,C01:IMRPhenomXPHM,M_total-final_mass_source,5.242744,135.469275,136.602149,0.223588,-2.161083,0.045705,0.019204,0.961592,0.66399,1.132874,1.110696,14.2941,0.5094,0.1132,1
GW190925_232845,GWTC-2.1,C01:IMRPhenomXPHM,M_total-final_mass_source,5.364077,136.834669,138.087222,0.244481,-2.032205,0.081128,0.018372,0.963255,0.706481,1.252553,1.266643,36.8282,0.7413,0.1819,1
GW190926_050336,GWTC-2.1,C01:IMRPhenomXPHM,M_total-final_mass_source,5.204005,137.578248,138.647374,0.221992,-2.171418,-0.020245,0.031676,0.936647,0.639615,1.069127,1.060071,61.6623,0.4985,0.5509,1
GW190929_012149,GWTC-2.1,C01:IMRPhenomXPHM,M_total-final_mass_source,5.095831,138.175855,139.148052,0.204812,-2.28763,-0.030583,0.025246,0.949509,0.600103,0.972197,0.998435,93.3076,0.4034,0.5306,1
GW190930_133541,GWTC-2.1,C01:IMRPhenomXPHM,M_total-final_mass_source,5.348322,135.983821,137.277474,0.236898,-2.077661,0.147234,0.047053,0.905894,0.720131,1.293653,1.279085,20.4197,0.6274,0.1555,1
GW191103_012549,GWTC-3,C01:IMRPhenomXPHM,M_total-final_mass_source,5.396941,135.955836,137.338203,0.238876,-2.065667,0.215652,0.060504,0.878992,0.748028,1.382367,1.384284,20.0274,0.6516,0.1972,1
GW191105_143521,GWTC-3,C01:IMRPhenomXPHM,M_total-final_mass_source,5.314606,135.843555,136.987738,0.241811,-2.048047,-0.018419,0.006927,0.986146,0.668185,1.144183,1.135079,18.5278,0.6935,0.2262,1
GW191109_010717,GWTC-3,C01:IMRPhenomXPHM,M_total-final_mass_source,5.216586,138.431058,139.384822,0.243991,-2.035103,-0.311214,0.144038,0.711925,0.592243,0.953763,0.953868,111.363,0.7315,0.2197,1
GW191113_071753,GWTC-3,C01:IMRPhenomXPHM,M_total-final_mass_source,4.606549,136.784642,137.389152,0.134357,-2.895859,0.003247,0.027163,0.945674,0.420504,0.60451,0.606422,35.573,0.1904,0.2421,0
GW191126_115259,GWTC-3,C01:IMRPhenomXPHM,M_total-final_mass_source,5.403582,135.993716,137.373352,0.241086,-2.05238,0.210042,0.053476,0.893049,0.7472,1.379636,1.368756,20.5602,0.6823,0.3097,1
GW191127_050227,GWTC-3,C01:IMRPhenomXPHM,M_total-final_mass_source,5.137051,138.037514,139.438247,0.191672,-2.383286,0.176832,0.077533,0.844935,0.753544,1.400733,1.348119,84.7759,0.3486,0.5701,1
GW191129_134029,GWTC-3,C01:IMRPhenomXPHM,M_total-final_mass_source,5.309786,135.775599,136.956956,0.234275,-2.093726,0.064827,0.01289,0.97422,0.681707,1.181357,1.178781,17.6754,0.599,0.1583,1
GW191204_110529,GWTC-3,C01:IMRPhenomXPHM,M_total-final_mass_source,5.339554,137.185859,138.410978,0.243623,-2.03728,0.037255,0.025443,0.949115,0.697107,1.225119,1.224813,46.9785,0.7246,0.3355,1
GW191204_171526,GWTC-3,C01:IMRPhenomXPHM,M_total-final_mass_source,5.387196,135.979278,137.317056,0.23946,-2.062144,0.159159,0.02926,0.94148,0.734269,1.337778,1.333584,20.3555,0.6593,0.1304,1
GW191215_223052,GWTC-3,C01:IMRPhenomXPHM,M_total-final_mass_source,5.309682,137.065022,138.229526,0.244647,-2.031224,-0.053587,0.01806,0.96388,0.675628,1.164505,1.163635,43.2039,0.7447,0.3522,1
GW191216_213338,GWTC-3,C01:IMRPhenomXPHM,M_total-final_mass_source,5.324671,135.958608,137.193042,0.232414,-2.10523,0.117355,0.028125,0.943749,0.700314,1.234434,1.233282,20.0659,0.5807,0.0725,1
GW191219_163120,GWTC-3,C01:IMRPhenomXPHM:HighSpin,M_total-final_mass_source,3.272084,136.665938,136.864404,0.034363,-4.862994,0.004775,0.002276,0.995448,0.157762,0.198466,0.194589,32.7632,0.0369,0.1098,0
GW191222_033537,GWTC-3,C01:IMRPhenomXPHM,M_total-final_mass_source,5.320872,137.94507,139.088251,0.246335,-2.021307,-0.054291,0.022723,0.954554,0.667815,1.143181,1.142585,79.5141,0.784,0.4857,1
GW191230_180458,GWTC-3,C01:IMRPhenomXPHM,M_total-final_mass_source,5.315506,138.043734,139.216451,0.245657,-2.025284,-0.058569,0.035287,0.929427,0.6786,1.172716,1.185623,85.1422,0.7671,0.681,1
GW200105_162426,GWTC-3,C01:IMRPhenomXPHM:HighSpin,M_total-final_mass_source,4.688254,135.084639,135.72415,0.143712,-2.798745,0.000693,0.016364,0.967273,0.439795,0.639511,0.639751,10.9488,0.2106,0.0594,0
GW200112_155838,GWTC-3,C01:IMRPhenomXPHM,M_total-final_mass_source,5.361197,137.617318,138.841371,0.245251,-2.027672,0.044004,0.009897,0.980207,0.696738,1.224053,1.226839,63.355,0.7577,0.2408,1
GW200115_042309,GWTC-3,C01:IMRPhenomXPHM:HighSpin,M_total-final_mass_source,4.741163,134.495917,135.117654,0.159971,-2.644121,-0.168117,0.074365,0.85127,0.43006,0.621737,0.616866,7.2802,0.2499,0.0624,0
GW200128_022011,GWTC-3,C01:IMRPhenomXPHM,M_total-final_mass_source,5.382108,137.835572,139.156137,0.246612,-2.019683,0.079711,0.025501,0.948997,0.728817,1.320565,1.306044,73.7024,0.7915,0.5396,1
GW200129_065458,GWTC-3,C01:IMRPhenomXPHM,M_total-final_mass_source,5.38485,137.616672,138.991661,0.24365,-2.037117,0.107512,0.019359,0.961281,0.745788,1.374989,1.369867,63.3266,0.7251,0.1898,1
GW200202_154313,GWTC-3,C01:IMRPhenomXPHM,M_total-final_mass_source,5.346293,135.769058,136.966546,0.242984,-2.04107,0.036088,0.008071,0.983858,0.687448,1.197488,1.197057,17.5954,0.713,0.0883,1
GW200208_130117,GWTC-3,C01:IMRPhenomXPHM,M_total-final_mass_source,5.293632,137.656548,138.762708,0.243662,-2.037044,-0.085383,0.032859,0.934282,0.653927,1.10616,1.106939,65.1014,0.7253,0.3938,1
GW200208_222617,GWTC-3,C01:IMRPhenomXPHM,M_total-final_mass_source,4.89223,138.135354,140.280168,0.10957,-3.190071,0.623657,0.377711,0.244579,0.913517,2.144815,1.350653,90.7246,0.1432,0.6897,1
GW200209_085452,GWTC-3,C01:IMRPhenomXPHM,M_total-final_mass_source,5.294557,137.58219,138.708072,0.24621,-2.022037,-0.124798,0.047824,0.904352,0.661377,1.125882,1.12096,61.831,0.7808,0.5695,1
GW200210_092254,GWTC-3,C01:IMRPhenomXPHM,M_total-final_mass_source,4.223891,136.410968,136.918773,0.091867,-3.444311,0.034615,0.024696,0.950609,0.364591,0.507805,0.504479,27.4557,0.114,0.1873,0
GW200216_220804,GWTC-3,C01:IMRPhenomXPHM,M_total-final_mass_source,5.299956,137.970743,139.199877,0.233083,-2.101083,0.080522,0.047864,0.904272,0.698492,1.229134,1.250314,80.9417,0.5871,0.6303,1
GW200219_094415,GWTC-3,C01:IMRPhenomXPHM,M_total-final_mass_source,5.297178,137.652808,138.76613,0.245314,-2.027297,-0.096821,0.035747,0.928506,0.656646,1.113321,1.115924,64.9328,0.7592,0.559,1
GW200220_061928,GWTC-3,C01:IMRPhenomXPHM,M_total-final_mass_source,5.332795,138.803831,140.025262,0.243451,-2.038294,0.037256,0.053417,0.893166,0.69583,1.221431,1.164693,144.1972,0.7214,0.9314,1
GW200220_124850,GWTC-3,C01:IMRPhenomXPHM,M_total-final_mass_source,5.302616,137.670675,138.812338,0.244659,-2.031158,-0.074089,0.039341,0.921319,0.667254,1.141663,1.135263,65.742,0.7449,0.6696,1
GW200224_222234,GWTC-3,C01:IMRPhenomXPHM,M_total-final_mass_source,5.398035,137.801028,139.133554,0.247011,-2.017352,0.100102,0.018124,0.963753,0.732614,1.332527,1.339583,71.9586,0.8029,0.3159,1
GW200225_060421,GWTC-3,C01:IMRPhenomXPHM,M_total-final_mass_source,5.280417,136.700771,137.812369,0.243809,-2.036179,-0.138077,0.042695,0.914609,0.655993,1.111598,1.108572,33.5639,0.7281,0.2138,1
GW200302_015811,GWTC-3,C01:IMRPhenomXPHM,M_total-final_mass_source,5.201894,137.476041,138.545187,0.220651,-2.180163,-0.00115,0.024152,0.951695,0.639622,1.069146,1.063692,57.445,0.4896,0.2708,1
GW200306_093714,GWTC-3,C01:IMRPhenomXPHM,M_total-final_mass_source,5.376419,137.082014,138.592264,0.227326,-2.137165,0.310232,0.125001,0.749999,0.784663,1.51025,1.506089,43.7158,0.5371,0.3787,1
GW200308_173609,GWTC-3,C01:IMRPhenomXPHM,M_total-final_mass_source,5.185479,138.311873,139.562434,0.191808,-2.382263,0.127001,0.160636,0.678727,0.705808,1.250561,1.280838,102.5327,0.3491,1.0054,1
GW200311_115853,GWTC-3,C01:IMRPhenomXPHM,M_total-final_mass_source,5.338147,137.573641,138.759022,0.246852,-2.018283,-0.035663,0.013681,0.972639,0.683146,1.185381,1.179616,61.4657,0.7982,0.2295,1
GW200316_215756,GWTC-3,C01:IMRPhenomXPHM,M_total-final_mass_source,5.291595,136.076608,137.316954,0.224999,-2.152012,0.150726,0.048426,0.903148,0.702336,1.240347,1.234271,21.7761,0.5195,0.2137,1
GW200322_091133,GWTC-3,C01:IMRPhenomXPHM,M_total-final_mass_source,5.026192,137.892405,139.080588,0.177076,-2.497559,0.100817,0.138517,0.722965,0.684145,1.188183,1.163152,76.6638,0.2986,0.8231,1
GW230518_125908,GWTC-4,C00:IMRPhenomXPHM-SpinTaylor,M_total-final_mass_source_non_evolved,4.552375,134.898051,,0.127596,-2.970345,-0.012409,0.004319,0.991362,,,,9.6205,0.1767,0.0516,0
GW230529_181500,GWTC-4,C00:IMRPhenomXPHM:HighSpin,M_total-final_mass_source_non_evolved,5.066715,133.956458,,0.206129,-2.278378,-0.112455,0.022446,0.955107,,,,5.009,0.4095,0.0448,1
GW230601_224134,GWTC-4,C00:IMRPhenomXPHM-SpinTaylor,M_total-final_mass_source_non_evolved,5.302915,138.396241,139.545821,0.240697,-2.054712,-0.020149,0.029146,0.941707,0.670174,1.14958,1.144739,108.7076,0.6766,0.5716,1
GW230605_065343,GWTC-4,C00:IMRPhenomXPHM-SpinTaylor,M_total-final_mass_source_non_evolved,5.328778,136.47625,137.671505,0.238002,-2.070955,0.068289,0.012117,0.975766,0.686658,1.195255,1.211958,28.7266,0.6406,0.2049,1
GW230606_004305,GWTC-4,C00:IMRPhenomXPHM-SpinTaylor,M_total-final_mass_source_non_evolved,5.267046,137.601462,138.661346,0.24296,-2.041208,-0.136128,0.047134,0.905733,0.635976,1.059884,1.121828,62.6625,0.7126,0.4674,1
GW230608_205047,GWTC-4,C00:IMRPhenomXPHM-SpinTaylor,M_total-final_mass_source_non_evolved,5.323086,137.93225,139.152162,0.237562,-2.073622,0.049758,0.025179,0.949642,0.695303,1.219911,1.195809,78.8106,0.6353,0.5668,1
GW230609_064958,GWTC-4,C00:IMRPhenomXPHM-SpinTaylor,M_total-final_mass_source_non_evolved,5.277572,137.537585,138.60822,0.2441,-2.034455,-0.142682,0.04407,0.91186,0.640206,1.070635,1.103147,59.9485,0.7337,0.5549,1
GW230624_113103,GWTC-4,C00:IMRPhenomXPHM-SpinTaylor,M_total-final_mass_source_non_evolved,5.345439,137.063704,138.323354,0.236708,-2.078821,0.136691,0.040467,0.919066,0.708872,1.25965,1.281445,43.1645,0.6252,0.3477,1
GW230627_015337,GWTC-4,C00:IMRPhenomXPHM-SpinTaylor,M_total-final_mass_source_non_evolved,5.336123,135.457842,136.626734,0.241616,-2.049214,0.020955,0.00246,0.99508,0.677219,1.168893,1.175165,14.1812,0.6904,0.0663,1
GW230628_231200,GWTC-4,C00:IMRPhenomXPHM-SpinTaylor,M_total-final_mass_source_non_evolved,5.360529,137.519869,138.758908,0.248275,-2.009991,-0.002279,0.008476,0.983049,0.70189,1.239039,1.218573,59.2169,0.8466,0.4077,1
GW230630_125806,GWTC-4,C00:IMRPhenomXPHM-SpinTaylor,M_total-final_mass_source_non_evolved,5.393089,138.053115,139.494666,0.238851,-2.065819,0.202624,0.074721,0.850558,0.765493,1.441551,1.310013,85.6976,0.6513,0.8132,1
GW230630_234532,GWTC-4,C00:IMRPhenomXPHM-SpinTaylor,M_total-final_mass_source_non_evolved,5.301018,135.704982,136.822703,0.240454,-2.05617,-0.04014,0.005964,0.988072,0.658308,1.11772,1.110681,16.831,0.6731,0.2114,1
GW230702_185453,GWTC-4,C00:IMRPhenomXPHM-SpinTaylor,M_total-final_mass_source_non_evolved,5.13827,137.558383,138.595926,0.205678,-2.281541,0.058711,0.029262,0.941476,0.62707,1.037542,1.126649,60.8191,0.4074,0.4143,1
GW230704_021211,GWTC-4,C00:IMRPhenomXPHM-SpinTaylor,M_total-final_mass_source_non_evolved,5.280832,137.374516,138.486307,0.235042,-2.089008,-0.013893,0.016133,0.967735,0.656066,1.11179,1.13224,53.5414,0.6069,0.4506,1
GW230704_212616,GWTC-4,C00:IMRPhenomXPHM-SpinTaylor,M_total-final_mass_source_non_evolved,5.382753,138.777597,140.359787,0.221512,-2.174545,0.377193,0.170918,0.658164,0.803517,1.58219,1.271314,141.5987,0.4952,1.0016,1
GW230706_104333,GWTC-4,C00:IMRPhenomXPHM-SpinTaylor,M_total-final_mass_source_non_evolved,5.409033,136.43684,137.824252,0.243015,-2.040885,0.192911,0.042923,0.914154,0.749552,1.387412,1.358776,27.9525,0.7136,0.3515,1
GW230707_124047,GWTC-4,C00:IMRPhenomXPHM-SpinTaylor,M_total-final_mass_source_non_evolved,5.332823,137.980561,139.168824,0.247352,-2.015364,-0.04347,0.027165,0.94567,0.684174,1.188263,1.181378,81.4944,0.8134,0.7189,1
GW230708_053705,GWTC-4,C00:IMRPhenomXPHM-SpinTaylor,M_total-final_mass_source_non_evolved,5.383408,137.331343,138.655803,0.247178,-2.01638,0.077286,0.024566,0.950868,0.730057,1.32446,1.265603,51.9629,0.8079,0.5478,1
GW230708_230935,GWTC-4,C00:IMRPhenomXPHM-SpinTaylor,M_total-final_mass_source_non_evolved,5.291093,138.329545,139.505131,0.234299,-2.093578,0.024278,0.028352,0.943296,0.679634,1.175586,1.188146,103.7964,0.5992,0.5634,1
GW230709_122727,GWTC-4,C00:IMRPhenomXPHM-SpinTaylor,M_total-final_mass_source_non_evolved,5.353993,137.863442,139.146978,0.242047,-2.046639,0.094514,0.041512,0.916976,0.716814,1.283536,1.249472,75.14,0.6973,0.7276,1
GW230712_090405,GWTC-4,C00:IMRPhenomXPHM-SpinTaylor,M_total-final_mass_source_non_evolved,5.088251,137.090815,138.180847,0.205686,-2.281484,-0.041048,0.035241,0.929518,0.647746,1.090032,1.187348,43.9833,0.4074,0.3614,1
GW230723_101834,GWTC-4,C00:IMRPhenomXPHM-SpinTaylor,M_total-final_mass_source_non_evolved,5.248083,136.424281,137.434668,0.237766,-2.072386,-0.15887,0.043988,0.912023,0.616032,1.010387,1.001817,27.7103,0.6377,0.2912,1
GW230726_002940,GWTC-4,C00:IMRPhenomXPHM-SpinTaylor,M_total-final_mass_source_non_evolved,5.342996,137.617902,138.824814,0.246905,-2.017972,-0.016555,0.016669,0.966661,0.690767,1.206912,1.201374,63.3806,0.7997,0.3756,1
GW230729_082317,GWTC-4,C00:IMRPhenomXPHM-SpinTaylor,M_total-final_mass_source_non_evolved,5.334317,135.982837,137.23582,0.235365,-2.087031,0.124755,0.0339,0.9322,0.706627,1.252983,1.224319,20.4058,0.6104,0.305,1
GW230731_215307,GWTC-4,C00:IMRPhenomXPHM-SpinTaylor,M_total-final_mass_source_non_evolved,5.327364,135.820898,136.969639,0.245469,-2.026389,-0.047884,0.00414,0.99172,0.669865,1.148741,1.144917,18.2391,0.7627,0.2182,1
GW230803_033412,GWTC-4,C00:IMRPhenomXPHM-SpinTaylor,M_total-final_mass_source_non_evolved,5.333825,137.88186,139.20067,0.234702,-2.091098,0.098986,0.039639,0.920722,0.728256,1.31881,1.194409,76.1055,0.6034,0.7328,1
GW230805_034249,GWTC-4,C00:IMRPhenomXPHM-SpinTaylor,M_total-final_mass_source_non_evolved,5.333124,137.457946,138.782962,0.237845,-2.071905,0.081988,0.030235,0.939529,0.730234,1.325016,1.272973,56.729,0.6387,0.5329,1
GW230806_204041,GWTC-4,C00:IMRPhenomXPHM-SpinTaylor,M_total-final_mass_source_non_evolved,5.362345,138.043931,139.320358,0.242909,-2.041512,0.092886,0.034113,0.931774,0.714467,1.276426,1.199893,85.1538,0.7117,0.8451,1
GW230811_032116,GWTC-4,C00:IMRPhenomXPHM-SpinTaylor,M_total-final_mass_source_non_evolved,5.30546,137.489776,138.693369,0.235962,-2.083372,0.017115,0.010668,0.978664,0.689601,1.203593,1.241445,57.9945,0.6169,0.3683,1
GW230814_061920,GWTC-4,C00:IMRPhenomXPHM-SpinTaylor,M_total-final_mass_source_non_evolved,5.315806,138.440755,139.627316,0.236164,-2.082136,0.052856,0.024317,0.951366,0.683567,1.186561,1.168894,112.1141,0.6191,0.6196,1
GW230814_230901,GWTC-4,C00:IMRPhenomXPHM-SpinTaylor,M_total-final_mass_source_non_evolved,5.359292,137.586727,138.760656,0.248343,-2.009596,-0.010343,0.001464,0.997071,0.679037,1.173929,1.169197,62.0258,0.8494,0.0594,1
GW230819_171910,GWTC-4,C00:IMRPhenomXPHM-SpinTaylor,M_total-final_mass_source_non_evolved,5.144922,138.418762,139.525759,0.214784,-2.21904,-0.029145,0.058953,0.882095,0.654246,1.106998,1.111294,110.4179,0.4542,0.6318,1
GW230820_212515,GWTC-4,C00:IMRPhenomXPHM-SpinTaylor,M_total-final_mass_source_non_evolved,5.31551,138.219794,139.555577,0.221367,-2.175488,0.209286,0.076684,0.846632,0.733642,1.335783,1.326441,96.1931,0.4943,0.6195,1
GW230824_033047,GWTC-4,C00:IMRPhenomXPHM-SpinTaylor,M_total-final_mass_source_non_evolved,5.323027,138.095359,139.29138,0.241703,-2.04869,0.002184,0.019497,0.961005,0.686929,1.196021,1.150515,88.244,0.6918,0.7316,1
GW230825_041334,GWTC-4,C00:IMRPhenomXPHM-SpinTaylor,M_total-final_mass_source_non_evolved,5.469248,137.774326,139.360771,0.239289,-2.063174,0.317378,0.118134,0.763732,0.804594,1.586445,1.390605,70.6391,0.657,0.7852,1
GW230831_015414,GWTC-4,C00:IMRPhenomXPHM-SpinTaylor,M_total-final_mass_source_non_evolved,5.352915,137.836927,139.11804,0.244747,-2.030635,0.042753,0.02945,0.9411,0.716016,1.281114,1.201679,73.7716,0.7468,0.7251,1
GW230904_051013,GWTC-4,C00:IMRPhenomXPHM-SpinTaylor,M_total-final_mass_source_non_evolved,5.339402,135.799302,137.008849,0.240229,-2.057516,0.05618,0.010255,0.97949,0.691691,1.209548,1.198058,17.9681,0.6699,0.1997,1
GW230911_195324,GWTC-4,C00:IMRPhenomXPHM-SpinTaylor,M_total-final_mass_source_non_evolved,5.257396,137.441907,138.593252,0.230443,-2.117518,-0.029001,0.015676,0.968648,0.670822,1.151346,1.18193,56.1018,0.5629,0.221,1
GW230914_111401,GWTC-4,C00:IMRPhenomXPHM-SpinTaylor,M_total-final_mass_source_non_evolved,5.338201,138.214077,139.448503,0.234912,-2.089807,0.127524,0.029849,0.940301,0.700311,1.234427,1.254204,95.8127,0.6056,0.4526,1
GW230919_215712,GWTC-4,C00:IMRPhenomXPHM-SpinTaylor,M_total-final_mass_source_non_evolved,5.426625,137.255916,138.63246,0.246797,-2.018606,0.18229,0.038588,0.922825,0.746261,1.376544,1.343496,49.316,0.7966,0.2461,1
GW230920_071124,GWTC-4,C00:IMRPhenomXPHM-SpinTaylor,M_total-final_mass_source_non_evolved,5.339987,137.45143,138.655223,0.245213,-2.027893,-0.001891,0.016115,0.96777,0.689671,1.203792,1.18818,56.4734,0.7569,0.4863,1
GW230922_020344,GWTC-4,C00:IMRPhenomXPHM-SpinTaylor,M_total-final_mass_source_non_evolved,5.342404,137.773756,139.04112,0.242306,-2.045095,0.035354,0.014453,0.971094,0.711454,1.267364,1.234375,70.6111,0.7015,0.276,1
GW230922_040658,GWTC-4,C00:IMRPhenomXPHM-SpinTaylor,M_total-final_mass_source_non_evolved,5.445738,138.594139,140.137178,0.23894,-2.065279,0.337775,0.132894,0.734213,0.793408,1.543039,1.407245,124.6904,0.6524,0.9495,1
GW230924_124453,GWTC-4,C00:IMRPhenomXPHM-SpinTaylor,M_total-final_mass_source_non_evolved,5.362742,137.325546,138.545405,0.247309,-2.015614,0.019567,0.010037,0.979926,0.695285,1.219859,1.21858,51.7546,0.812,0.4192,1
GW230927_043729,GWTC-4,C00:IMRPhenomXPHM-SpinTaylor,M_total-final_mass_source_non_evolved,5.353461,137.597059,138.81366,0.247102,-2.016823,0.007101,0.014509,0.970983,0.694153,1.216601,1.193284,62.4715,0.8056,0.5287,1
GW230927_153832,GWTC-4,C00:IMRPhenomXPHM-SpinTaylor,M_total-final_mass_source_non_evolved,5.356826,136.899304,138.118875,0.244623,-2.031367,0.040556,0.003613,0.992773,0.695185,1.219571,1.212764,38.5156,0.7442,0.2278,1
GW230928_215827,GWTC-4,C00:IMRPhenomXPHM-SpinTaylor,M_total-final_mass_source_non_evolved,5.500549,138.085442,139.836385,0.2286,-2.1291,0.420446,0.182629,0.634741,0.843138,1.750943,1.569948,87.6395,0.5473,0.6974,1
GW230930_110730,GWTC-4,C00:IMRPhenomXPHM-SpinTaylor,M_total-final_mass_source_non_evolved,5.343906,137.514498,138.73325,0.244396,-2.03271,0.027659,0.024363,0.951275,0.6949,1.218751,1.221227,58.9969,0.7395,0.7619,1
GW231001_140220,GWTC-4,C00:IMRPhenomXPHM-SpinTaylor,M_total-final_mass_source_non_evolved,5.209786,138.493987,139.546213,0.225117,-2.151254,-0.047882,0.039667,0.920666,0.632941,1.052226,1.142012,116.328,0.5203,0.673,1
GW231004_232346,GWTC-4,C00:IMRPhenomXPHM-SpinTaylor,M_total-final_mass_source_non_evolved,5.201039,138.299691,139.358024,0.224167,-2.157357,-0.051177,0.042652,0.914695,0.635363,1.058333,1.133162,101.6706,0.5135,0.6567,1
GW231005_021030,GWTC-4,C00:IMRPhenomXPHM-SpinTaylor,M_total-final_mass_source_non_evolved,5.317988,138.671841,139.980214,0.231991,-2.10786,0.11233,0.059978,0.880044,0.724906,1.308372,1.187675,131.5903,0.5768,0.939,1
GW231005_091549,GWTC-4,C00:IMRPhenomXPHM-SpinTaylor,M_total-final_mass_source_non_evolved,5.324195,137.294203,138.460544,0.245876,-2.023995,-0.038425,0.023047,0.953906,0.676294,1.166341,1.165097,50.6423,0.7724,0.5938,1
GW231008_142521,GWTC-4,C00:IMRPhenomXPHM-SpinTaylor,M_total-final_mass_source_non_evolved,5.254499,137.786859,138.88295,0.230967,-2.114239,-0.025243,0.022363,0.955275,0.650077,1.09609,1.14546,71.2554,0.5675,0.4817,1
GW231014_040532,GWTC-4,C00:IMRPhenomXPHM-SpinTaylor,M_total-final_mass_source_non_evolved,5.396424,136.797178,138.191255,0.243165,-2.039995,0.181278,0.05586,0.888279,0.751555,1.394077,1.272499,35.8834,0.7162,0.3994,1
GW231018_233037,GWTC-4,C00:IMRPhenomXPHM-SpinTaylor,M_total-final_mass_source_non_evolved,5.299404,135.886854,137.04002,0.236544,-2.079821,0.014775,0.009188,0.981625,0.67149,1.153166,1.109785,19.0923,0.6234,0.2877,1
GW231020_142947,GWTC-4,C00:IMRPhenomXPHM-SpinTaylor,M_total-final_mass_source_non_evolved,5.344919,135.943856,137.222308,0.235055,-2.08893,0.151159,0.043661,0.912677,0.715137,1.278452,1.281942,19.8618,0.6071,0.2383,1
GW231028_153006,GWTC-4,C00:IMRPhenomXPHM-SpinTaylor,M_total-final_mass_source_non_evolved,5.5859,138.888388,140.704215,0.242203,-2.045712,0.49569,0.250419,0.499161,0.856757,1.815827,1.731481,152.9012,0.6998,0.7177,1
GW231029_111508,GWTC-4,C00:IMRPhenomXPHM-SpinTaylor,M_total-final_mass_source_non_evolved,5.356299,138.36079,139.666632,0.236522,-2.079951,0.145284,0.041772,0.916456,0.724089,1.305843,1.264183,106.0689,0.6231,0.5145,1
GW231102_071736,GWTC-4,C00:IMRPhenomXPHM-SpinTaylor,M_total-final_mass_source_non_evolved,5.363654,138.341388,139.602354,0.242513,-2.043869,0.074049,0.019582,0.960835,0.709313,1.260966,1.235407,104.652,0.7049,0.5985,1
GW231104_133418,GWTC-4,C00:IMRPhenomXPHM-SpinTaylor,M_total-final_mass_source_non_evolved,5.388139,136.026507,137.336119,0.24254,-2.043706,0.145526,0.026367,0.947265,0.725305,1.309612,1.309981,21.0329,0.7054,0.2781,1
GW231108_125142,GWTC-4,C00:IMRPhenomXPHM-SpinTaylor,M_total-final_mass_source_non_evolved,5.31068,136.977283,138.105291,0.24505,-2.028853,-0.076253,0.012383,0.975233,0.662173,1.128008,1.128021,40.6547,0.7533,0.3717,1
GW231110_040320,GWTC-4,C00:IMRPhenomXPHM-SpinTaylor,M_total-final_mass_source_non_evolved,5.369673,136.655294,137.998854,0.236441,-2.080448,0.174636,0.036001,0.927998,0.736083,1.343561,1.349476,32.5224,0.6222,0.3393,1
GW231113_122623,GWTC-4,C00:IMRPhenomXPHM-SpinTaylor,M_total-final_mass_source_non_evolved,5.491743,137.725602,139.360192,0.240907,-2.053452,0.364821,0.148738,0.702525,0.816494,1.63459,1.422316,68.2932,0.6797,0.5524,1
GW231113_200417,GWTC-4,C00:IMRPhenomXPHM-SpinTaylor,M_total-final_mass_source_non_evolved,5.36529,135.890585,137.186746,0.239402,-2.062493,0.125309,0.022627,0.954745,0.720949,1.296161,1.289182,19.1418,0.6585,0.224,1
GW231114_043211,GWTC-4,C00:IMRPhenomXPHM-SpinTaylor,M_total-final_mass_source_non_evolved,5.070178,136.609793,137.601783,0.192824,-2.374647,0.090967,0.021987,0.956025,0.608418,0.99199,1.062067,31.5127,0.353,0.2551,1
GW231118_005626,GWTC-4,C00:IMRPhenomXPHM-SpinTaylor,M_total-final_mass_source_non_evolved,5.412667,136.624277,138.249607,0.220888,-2.178611,0.392856,0.157454,0.685093,0.814246,1.62533,1.597841,31.8307,0.4912,0.3789,1
GW231118_071402,GWTC-4,C00:IMRPhenomXPHM-SpinTaylor,M_total-final_mass_source_non_evolved,5.381256,137.839303,139.170918,0.243035,-2.040764,0.127769,0.044648,0.910704,0.732326,1.331615,1.31075,73.8933,0.7139,0.6598,1
GW231118_090602,GWTC-4,C00:IMRPhenomXPHM-SpinTaylor,M_total-final_mass_source_non_evolved,5.258801,136.039893,137.274949,0.220748,-2.179529,0.11951,0.060212,0.879576,0.700527,1.235057,1.212094,21.2289,0.4902,0.262,1
GW231119_075248,GWTC-4,C00:IMRPhenomXPHM-SpinTaylor,M_total-final_mass_source_non_evolved,5.326772,137.995264,139.185066,0.243913,-2.035563,-0.000486,0.027941,0.944117,0.684722,1.189802,1.199279,82.3292,0.73,0.9702,1
GW231123_135430,GWTC-4,C00:IMRPhenomXPHM-SpinTaylor,M_total-final_mass_source,5.295662,139.55838,140.816717,0.236444,-2.080428,0.03907,0.013708,0.972584,0.708431,1.258337,1.120598,243.2756,0.6222,0.1712,1
GW231127_165300,GWTC-4,C00:IMRPhenomXPHM-SpinTaylor,M_total-final_mass_source_non_evolved,5.305897,137.850756,139.055747,0.236083,-2.082632,0.040635,0.036807,0.926387,0.690092,1.204991,1.184071,74.4822,0.6182,0.6912,1
GW231129_081745,GWTC-4,C00:IMRPhenomXPHM-SpinTaylor,M_total-final_mass_source_non_evolved,5.262584,137.752276,138.889878,0.227185,-2.138058,0.027397,0.02336,0.953281,0.665749,1.137602,1.190412,69.5676,0.536,0.5956,1
GW231206_233134,GWTC-4,C00:IMRPhenomXPHM-SpinTaylor,M_total-final_mass_source_non_evolved,5.317787,137.600315,138.746893,0.247394,-2.015117,-0.090064,0.027235,0.94553,0.669069,1.146578,1.147363,62.6127,0.8147,0.5452,1
GW231206_233901,GWTC-4,C00:IMRPhenomXPHM-SpinTaylor,M_total-final_mass_source_non_evolved,5.336658,137.688657,138.88431,0.245883,-2.023958,-0.029252,0.00748,0.98504,0.686799,1.195654,1.171891,66.5665,0.7725,0.2811,1
GW231213_111417,GWTC-4,C00:IMRPhenomXPHM-SpinTaylor,M_total-final_mass_source_non_evolved,5.380196,137.60043,138.897163,0.24672,-2.019053,0.076699,0.024746,0.950508,0.721134,1.296732,1.269561,62.6177,0.7945,0.6546,1
GW231221_135041,GWTC-4,C00:IMRPhenomXPHM-SpinTaylor,M_total-final_mass_source_non_evolved,5.298569,137.903545,139.147889,0.23799,-2.071028,0.03933,0.057907,0.884186,0.703698,1.244344,1.149267,77.258,0.6404,0.7017,1
GW231223_032836,GWTC-4,C00:IMRPhenomXPHM-SpinTaylor,M_total-final_mass_source_non_evolved,5.239425,137.909481,138.956582,0.242175,-2.045877,-0.161592,0.074438,0.851124,0.6309,1.047102,1.106734,77.5766,0.6994,0.6415,1
GW231223_075055,GWTC-4,C00:IMRPhenomXPHM-SpinTaylor,M_total-final_mass_source_non_evolved,5.290732,135.882346,137.101709,0.230398,-2.117799,0.072083,0.018654,0.962692,0.695113,1.219363,1.195274,19.0328,0.5625,0.1914,1
GW231223_202619,GWTC-4,C00:IMRPhenomXPHM-SpinTaylor,M_total-final_mass_source_non_evolved,5.378161,135.932153,137.212753,0.24475,-2.030618,0.104971,0.017811,0.964377,0.715847,1.280601,1.2638,19.7013,0.7469,0.1776,1
GW231224_024321,GWTC-4,C00:IMRPhenomXPHM-SpinTaylor,M_total-final_mass_source_non_evolved,5.348177,135.69291,136.884605,0.246283,-2.021609,-0.005159,0.001586,0.996828,0.685395,1.191695,1.177655,16.6908,0.7826,0.1883,1
GW231226_101520,GWTC-4,C00:IMRPhenomXPHM-SpinTaylor,M_total-final_mass_source_non_evolved,5.339032,137.86448,139.025907,0.248945,-2.006103,-0.073805,0.007762,0.984476,0.674509,1.161428,1.151954,75.1941,0.878,0.2278,1
GW231230_170116,GWTC-4,C00:IMRPhenomXPHM-SpinTaylor,M_total-final_mass_source_non_evolved,5.228653,138.08793,139.086642,0.242363,-2.044761,-0.216677,0.088637,0.822727,0.611213,0.998712,1.055598,87.7908,0.7024,0.8681,1
GW231231_154016,GWTC-4,C00:IMRPhenomXPHM-SpinTaylor,M_total-final_mass_source_non_evolved,5.33127,136.953885,138.110056,0.245594,-2.02565,-0.028649,0.005346,0.989308,0.67259,1.156171,1.158038,40.0007,0.7656,0.2087,1
GW240104_164932,GWTC-4,C00:IMRPhenomXPHM-SpinTaylor,M_total-final_mass_source_non_evolved,5.398803,137.865905,139.245634,0.246121,-2.022563,0.125542,0.027053,0.945894,0.747228,1.379729,1.291049,75.2684,0.7785,0.3506,1
GW240107_013215,GWTC-4,C00:IMRPhenomXPHM-SpinTaylor,M_total-final_mass_source_non_evolved,5.369864,138.116626,139.645411,0.221972,-2.171551,0.338748,0.143914,0.712173,0.789638,1.528786,1.349094,89.5545,0.4983,0.8746,1
GW240109_050431,GWTC-4,C00:IMRPhenomXPHM-SpinTaylor,M_total-final_mass_source_non_evolved,5.257511,137.19567,138.259335,0.235961,-2.08338,-0.07599,0.021558,0.956883,0.637468,1.063665,1.117893,47.299,0.6168,0.2758,1
