event_file,catalog,waveform_key,erad_strategy,M_total_med,log2_M,chi_eff_med,af_med,m_irr_final_med,e_th_med,e_th_frac_med,n_std,n_std_std,gap_std,n_irr,n_irr_std,gap_irr,n_above,n_above_std,gap_above,has_variant_c,in_band_std,n_samples
IGWN-GWTC2p1-v2-GW150914_095045_PEDataRelease_mixed_cosmo.h5,GWTC-2.1,C01:IMRPhenomXPHM,M_total - final_mass_source,64.264,6.005939,-0.05572,0.682518,57.015,0.0,0.0,5.340209,0.046137,132.297662,5.42641,0.052507,132.211461,5.33989,0.161342,132.297982,1,1,147634
IGWN-GWTC2p1-v2-GW150914_095045_PEDataRelease_mixed_nocosmo.h5,GWTC-2.1,C01:IMRPhenomXPHM,M_total - final_mass_source,64.2184,6.004916,-0.054736,0.682698,56.9682,0.0,0.0,5.340473,0.045957,132.296375,5.426731,0.052333,132.210116,5.340142,0.159462,132.296706,1,1,199766
IGWN-GWTC2p1-v2-GW151012_095443_PEDataRelease_mixed_cosmo.h5,GWTC-2.1,C01:IMRPhenomXPHM,M_total - final_mass_source,38.844,5.279621,0.110989,0.687543,34.3656,0.0,0.0,5.283749,0.208789,131.627804,5.36828,0.22628,131.543273,5.281077,0.230919,131.630476,1,1,68167
IGWN-GWTC2p1-v2-GW151012_095443_PEDataRelease_mixed_nocosmo.h5,GWTC-2.1,C01:IMRPhenomXPHM,M_total - final_mass_source,38.422,5.263861,0.117807,0.693693,33.8953,0.0,0.0,5.295259,0.203841,131.600533,5.381941,0.221421,131.513852,5.292555,0.225078,131.603238,1,1,137933
IGWN-GWTC2p1-v2-GW151226_033853_PEDataRelease_mixed_cosmo.h5,GWTC-2.1,C01:IMRPhenomXPHM,M_total - final_mass_source,21.6734,4.437853,0.201542,0.75307,18.8296,0.0,0.0,5.334007,0.189791,130.735778,5.435266,0.187412,130.634519,5.331093,0.235414,130.738691,1,1,133885
IGWN-GWTC2p1-v2-GW151226_033853_PEDataRelease_mixed_nocosmo.h5,GWTC-2.1,C01:IMRPhenomXPHM,M_total - final_mass_source,21.6612,4.437042,0.203086,0.753446,18.817,0.0,0.0,5.331756,0.18991,130.737218,5.433046,0.187579,130.635928,5.329064,0.233888,130.73991,1,1,188541
IGWN-GWTC2p1-v2-GW170104_101158_PEDataRelease_mixed_cosmo.h5,GWTC-2.1,C01:IMRPhenomXPHM,M_total - final_mass_source,49.9996,5.643844,-0.042148,0.668122,44.6419,0.0,0.0,5.309569,0.087598,131.966206,5.391399,0.097856,131.884376,5.308873,0.171854,131.966903,1,1,80854
IGWN-GWTC2p1-v2-GW170104_101158_PEDataRelease_mixed_nocosmo.h5,GWTC-2.1,C01:IMRPhenomXPHM,M_total - final_mass_source,49.6974,5.635099,-0.039113,0.669201,44.3464,0.0,0.0,5.310683,0.085239,131.956348,5.392759,0.095322,131.874273,5.309897,0.168577,131.957134,1,1,169007
IGWN-GWTC2p1-v2-GW170608_020116_PEDataRelease_mixed_cosmo.h5,GWTC-2.1,C01:IMRPhenomXPHM,M_total - final_mass_source,18.6246,4.219141,0.043392,0.695514,16.4368,0.0,0.0,5.351159,0.088127,130.499914,5.441012,0.091723,130.41006,5.350153,0.124481,130.50092,1,1,219080
IGWN-GWTC2p1-v2-GW170608_020116_PEDataRelease_mixed_nocosmo.h5,GWTC-2.1,C01:IMRPhenomXPHM,M_total - final_mass_source,18.6091,4.217933,0.0436,0.695536,16.4229,0.0,0.0,5.350863,0.088712,130.499002,5.440675,0.092345,130.40919,5.349812,0.124221,130.500053,1,1,285112
IGWN-GWTC2p1-v2-GW170729_185629_PEDataRelease_mixed_cosmo.h5,GWTC-2.1,C01:IMRPhenomXPHM,M_total - final_mass_source,83.5641,6.384811,0.257197,0.775439,72.3669,0.0,0.0,5.393495,0.19962,132.623248,5.504588,0.228444,132.512155,5.392557,0.212059,132.624187,1,1,37428
IGWN-GWTC2p1-v2-GW170729_185629_PEDataRelease_mixed_nocosmo.h5,GWTC-2.1,C01:IMRPhenomXPHM,M_total - final_mass_source,82.475,6.365885,0.306416,0.797236,70.4414,0.0,0.0,5.440181,0.178804,132.557637,5.559632,0.20559,132.438185,5.439017,0.195489,132.5588,1,1,173308
IGWN-GWTC2p1-v2-GW170809_082821_PEDataRelease_mixed_cosmo.h5,GWTC-2.1,C01:IMRPhenomXPHM,M_total - final_mass_source,58.4839,5.869967,0.079474,0.713648,51.3367,0.0,0.0,5.361404,0.087983,132.140495,5.454514,0.099069,132.047386,5.36045,0.151632,132.14145,1,1,89622
IGWN-GWTC2p1-v2-GW170809_082821_PEDataRelease_mixed_nocosmo.h5,GWTC-2.1,C01:IMRPhenomXPHM,M_total - final_mass_source,58.3371,5.866341,0.083272,0.715622,51.161,0.0,0.0,5.36345,0.086552,132.134823,5.457144,0.097505,132.041129,5.362401,0.149121,132.135871,1,1,177783
IGWN-GWTC2p1-v2-GW170814_103043_PEDataRelease_mixed_cosmo.h5,GWTC-2.1,C01:IMRPhenomXPHM,M_total - final_mass_source,55.6541,5.798415,0.060555,0.708724,48.7864,0.0,0.0,5.378698,0.046399,132.051649,5.472311,0.054659,131.958036,5.377776,0.099196,132.052571,1,1,139163
IGWN-GWTC2p1-v2-GW170814_103043_PEDataRelease_mixed_nocosmo.h5,GWTC-2.1,C01:IMRPhenomXPHM,M_total - final_mass_source,55.5515,5.795753,0.061347,0.709464,48.6829,0.0,0.0,5.379305,0.046136,132.04838,5.47312,0.05436,131.954565,5.378399,0.100444,132.049286,1,1,197034
IGWN-GWTC2p1-v2-GW170818_022509_PEDataRelease_mixed_cosmo.h5,GWTC-2.1,C01:IMRPhenomXPHM,M_total - final_mass_source,62.4971,5.965718,-0.04234,0.69276,55.2595,0.0,0.0,5.334126,0.066714,132.263524,5.422426,0.077263,132.175224,5.332281,0.223653,132.265368,1,1,84033
IGWN-GWTC2p1-v2-GW170818_022509_PEDataRelease_mixed_nocosmo.h5,GWTC-2.1,C01:IMRPhenomXPHM,M_total - final_mass_source,62.2874,5.960868,-0.034654,0.695292,55.0152,0.0,0.0,5.33759,0.066023,132.25521,5.426538,0.076544,132.166262,5.335705,0.219868,132.257095,1,1,160046
IGWN-GWTC2p1-v2-GW170823_131358_PEDataRelease_mixed_cosmo.h5,GWTC-2.1,C01:IMRPhenomXPHM,M_total - final_mass_source,66.9488,6.064986,0.053065,0.712512,58.7662,0.0,0.0,5.36397,0.1035,132.332948,5.457017,0.116775,132.239901,5.363619,0.20333,132.333299,1,1,42612
IGWN-GWTC2p1-v2-GW170823_131358_PEDataRelease_mixed_nocosmo.h5,GWTC-2.1,C01:IMRPhenomXPHM,M_total - final_mass_source,66.2608,6.050084,0.065069,0.718034,58.0416,0.0,0.0,5.36973,0.09842,132.312286,5.4644,0.111597,132.217615,5.369156,0.192884,132.31286,1,1,136399
IGWN-GWTC2p1-v2-GW190403_051519_PEDataRelease_mixed_cosmo.h5,GWTC-2.1,C01:IMRPhenomXPHM,M_total - final_mass_source,107.1354,6.743291,0.678607,0.912194,86.3415,0.0,0.0,5.21412,0.343804,133.161103,5.373526,0.365655,133.001697,5.215409,0.3493,133.159814,1,1,11138
IGWN-GWTC2p1-v2-GW190403_051519_PEDataRelease_mixed_nocosmo.h5,GWTC-2.1,C01:IMRPhenomXPHM,M_total - final_mass_source,98.5777,6.62319,0.695928,0.919755,78.0666,0.0,0.0,5.40014,0.292684,132.854981,5.56692,0.310171,132.688202,5.400247,0.299241,132.854875,1,1,178895
IGWN-GWTC2p1-v2-GW190408_181802_PEDataRelease_mixed_cosmo.h5,GWTC-2.1,C01:IMRPhenomXPHM,M_total - final_mass_source,43.496,5.442812,-0.030107,0.669085,38.8159,0.0,0.0,5.321596,0.074859,131.753148,5.40445,0.0844,131.670294,5.321048,0.136062,131.753695,1,1,53971
IGWN-GWTC2p1-v2-GW190408_181802_PEDataRelease_mixed_nocosmo.h5,GWTC-2.1,C01:IMRPhenomXPHM,M_total - final_mass_source,43.1812,5.43233,-0.029118,0.669651,38.5057,0.0,0.0,5.321423,0.072635,131.742839,5.404338,0.081951,131.659924,5.320704,0.134466,131.743558,1,1,127008
IGWN-GWTC2p1-v2-GW190412_053044_PEDataRelease_mixed_cosmo.h5,GWTC-2.1,C01:IMRPhenomXPHM,M_total - final_mass_source,38.4591,5.265252,0.246978,0.656886,34.9493,0.0,0.0,5.022211,0.078574,131.874973,5.090851,0.08106,131.806333,5.0222,0.078735,131.874984,1,1,182052
IGWN-GWTC2p1-v2-GW190412_053044_PEDataRelease_mixed_nocosmo.h5,GWTC-2.1,C01:IMRPhenomXPHM,M_total - final_mass_source,38.4473,5.264811,0.247888,0.657305,34.9367,0.0,0.0,5.020724,0.078802,131.876019,5.089314,0.081279,131.807429,5.020718,0.078927,131.876025,1,1,264789
IGWN-GWTC2p1-v2-GW190413_052954_PEDataRelease_mixed_cosmo.h5,GWTC-2.1,C01:IMRPhenomXPHM,M_total - final_mass_source,58.027,5.858652,-0.035302,0.673345,51.6771,0.0,0.0,5.313018,0.115031,132.177566,5.396174,0.130039,132.09441,5.31425,0.234327,132.176334,1,1,27757
IGWN-GWTC2p1-v2-GW190413_052954_PEDataRelease_mixed_nocosmo.h5,GWTC-2.1,C01:IMRPhenomXPHM,M_total - final_mass_source,56.9955,5.832777,-0.003548,0.684993,50.5345,0.0,0.0,5.329395,0.111198,132.135313,5.415404,0.126741,132.049305,5.329967,0.211895,132.134741,1,1,144722
IGWN-GWTC2p1-v2-GW190413_134308_PEDataRelease_mixed_cosmo.h5,GWTC-2.1,C01:IMRPhenomXPHM,M_total - final_mass_source,81.2511,6.344316,-0.00849,0.679812,72.6576,0.0,0.0,5.273783,0.203854,132.702466,5.355657,0.221151,132.620591,5.28467,0.335611,132.691578,1,1,23815
IGWN-GWTC2p1-v2-GW190413_134308_PEDataRelease_mixed_nocosmo.h5,GWTC-2.1,C01:IMRPhenomXPHM,M_total - final_mass_source,78.6772,6.297874,0.021073,0.693488,69.8526,0.0,0.0,5.311039,0.169699,132.618767,5.397239,0.186299,132.532567,5.316156,0.291188,132.61365,1,1,155335
IGWN-GWTC2p1-v2-GW190421_213856_PEDataRelease_mixed_cosmo.h5,GWTC-2.1,C01:IMRPhenomXPHM,M_total - final_mass_source,73.6101,6.201832,-0.095948,0.660395,65.9389,0.0,0.0,5.305285,0.102963,132.528479,5.385832,0.115755,132.447932,5.305904,0.224632,132.527859,1,1,30882
IGWN-GWTC2p1-v2-GW190421_213856_PEDataRelease_mixed_nocosmo.h5,GWTC-2.1,C01:IMRPhenomXPHM,M_total - final_mass_source,71.669,6.163278,-0.083948,0.664389,64.112,0.0,0.0,5.310359,0.09766,132.484851,5.39165,0.110351,132.40356,5.310339,0.224036,132.484871,1,1,147856
IGWN-GWTC2p1-v2-GW190426_190642_PEDataRelease_mixed_cosmo.h5,GWTC-2.1,C01:IMRPhenomXPHM,M_total - final_mass_source,182.3339,7.510439,0.226078,0.771879,155.5532,0.0,0.0,5.418206,0.183825,133.724165,5.528002,0.207485,133.614369,5.418842,0.238062,133.72353,1,1,16736
IGWN-GWTC2p1-v2-GW190426_190642_PEDataRelease_mixed_nocosmo.h5,GWTC-2.1,C01:IMRPhenomXPHM,M_total - final_mass_source,172.1122,7.427206,0.297541,0.797845,145.4497,0.0,0.0,5.449271,0.166979,133.609867,5.568535,0.19175,133.490603,5.449144,0.217232,133.609994,1,1,155608
IGWN-GWTC2p1-v2-GW190503_185404_PEDataRelease_mixed_cosmo.h5,GWTC-2.1,C01:IMRPhenomXPHM,M_total - final_mass_source,69.4292,6.11747,-0.05748,0.659214,62.2504,0.0,0.0,5.289253,0.140284,132.460149,5.368541,0.155995,132.380861,5.291998,0.266655,132.457404,1,1,63867
IGWN-GWTC2p1-v2-GW190503_185404_PEDataRelease_mixed_nocosmo.h5,GWTC-2.1,C01:IMRPhenomXPHM,M_total - final_mass_source,69.1812,6.112309,-0.042511,0.66461,61.8817,0.0,0.0,5.298355,0.13215,132.445886,5.37893,0.147464,132.365311,5.300058,0.251722,132.444183,1,1,166116
IGWN-GWTC2p1-v2-GW190512_180714_PEDataRelease_mixed_cosmo.h5,GWTC-2.1,C01:IMRPhenomXPHM,M_total - final_mass_source,36.0873,5.17342,0.027948,0.651006,32.4796,0.0,0.0,5.235675,0.108878,131.569677,5.31141,0.118055,131.493942,5.233462,0.156813,131.57189,1,1,74777
IGWN-GWTC2p1-v2-GW190512_180714_PEDataRelease_mixed_nocosmo.h5,GWTC-2.1,C01:IMRPhenomXPHM,M_total - final_mass_source,35.7398,5.159459,0.029441,0.652651,32.1497,0.0,0.0,5.237961,0.109162,131.553429,5.314251,0.11844,131.47714,5.235485,0.154708,131.555906,1,1,181271
IGWN-GWTC2p1-v2-GW190513_205428_PEDataRelease_mixed_cosmo.h5,GWTC-2.1,C01:IMRPhenomXPHM,M_total - final_mass_source,54.2525,5.761619,0.134551,0.703545,48.1639,0.0,0.0,5.265078,0.163938,132.128473,5.352768,0.182971,132.040783,5.262491,0.194034,132.13106,1,1,48052
IGWN-GWTC2p1-v2-GW190513_205428_PEDataRelease_mixed_nocosmo.h5,GWTC-2.1,C01:IMRPhenomXPHM,M_total - final_mass_source,53.7894,5.74925,0.150221,0.712219,47.5334,0.0,0.0,5.282106,0.162296,132.099076,5.372275,0.181735,132.008908,5.279725,0.192543,132.101457,1,1,180002
IGWN-GWTC2p1-v2-GW190514_065416_PEDataRelease_mixed_cosmo.h5,GWTC-2.1,C01:IMRPhenomXPHM,M_total - final_mass_source,69.0248,6.109042,-0.091083,0.653977,61.9522,0.0,0.0,5.282611,0.144919,132.458363,5.36055,0.159493,132.380424,5.285339,0.287481,132.455635,1,1,15629
IGWN-GWTC2p1-v2-GW190514_065416_PEDataRelease_mixed_nocosmo.h5,GWTC-2.1,C01:IMRPhenomXPHM,M_total - final_mass_source,65.5604,6.034753,-0.06762,0.664352,58.6061,0.0,0.0,5.299889,0.127574,132.366795,5.380755,0.14235,132.28593,5.301435,0.263914,132.36525,1,1,123633
IGWN-GWTC2p1-v2-GW190517_055101_PEDataRelease_mixed_cosmo.h5,GWTC-2.1,C01:IMRPhenomXPHM,M_total - final_mass_source,64.4896,6.010995,0.441687,0.867878,52.7234,0.0,0.0,5.522279,0.213,132.120647,5.669741,0.232203,131.973185,5.525161,0.291887,132.117766,1,1,61249
IGWN-GWTC2p1-v2-GW190517_055101_PEDataRelease_mixed_nocosmo.h5,GWTC-2.1,C01:IMRPhenomXPHM,M_total - final_mass_source,62.6577,5.969419,0.473233,0.872454,50.8725,0.0,0.0,5.552532,0.196532,132.048819,5.703712,0.214771,131.897639,5.553924,0.261233,132.047427,1,1,161299
IGWN-GWTC2p1-v2-GW190519_153544_PEDataRelease_mixed_cosmo.h5,GWTC-2.1,C01:IMRPhenomXPHM,M_total - final_mass_source,103.1949,6.689228,0.315294,0.784656,88.3539,0.0,0.0,5.438564,0.126776,132.882596,5.553255,0.145837,132.767905,5.437911,0.150568,132.883249,1,1,42168
IGWN-GWTC2p1-v2-GW190519_153544_PEDataRelease_mixed_nocosmo.h5,GWTC-2.1,C01:IMRPhenomXPHM,M_total - final_mass_source,100.1684,6.646283,0.336648,0.797055,85.2988,0.0,0.0,5.453231,0.124368,132.824984,5.572766,0.143313,132.705449,5.452095,0.151488,132.82612,1,1,150207
IGWN-GWTC2p1-v2-GW190521_030229_PEDataRelease_mixed_cosmo.h5,GWTC-2.1,C01:IMRPhenomXPHM,M_total - final_mass_source,153.1475,7.258778,-0.139787,0.616328,139.3277,0.0,0.0,5.206544,0.27314,133.684166,5.275546,0.299619,133.615165,5.280754,0.423704,133.609956,1,1,24545
IGWN-GWTC2p1-v2-GW190521_030229_PEDataRelease_mixed_nocosmo.h5,GWTC-2.1,C01:IMRPhenomXPHM,M_total - final_mass_source,149.1713,7.220826,0.00147,0.675298,132.9646,0.0,0.0,5.30597,0.219858,133.546788,5.389514,0.244868,133.463244,5.330251,0.32418,133.522507,1,1,148527
IGWN-GWTC2p1-v2-GW190521_074359_PEDataRelease_mixed_cosmo.h5,GWTC-2.1,C01:IMRPhenomXPHM,M_total - final_mass_source,77.3377,6.273099,0.073936,0.701205,68.1109,0.0,0.0,5.376191,0.049427,132.52884,5.467857,0.057595,132.437174,5.375745,0.070832,132.529286,1,1,104558
IGWN-GWTC2p1-v2-GW190521_074359_PEDataRelease_mixed_nocosmo.h5,GWTC-2.1,C01:IMRPhenomXPHM,M_total - final_mass_source,76.6533,6.260276,0.072576,0.701051,67.5138,0.0,0.0,5.374768,0.050558,132.51744,5.466383,0.058749,132.425825,5.374332,0.072437,132.517876,1,1,210737
IGWN-GWTC2p1-v2-GW190527_092055_PEDataRelease_mixed_cosmo.h5,GWTC-2.1,C01:IMRPhenomXPHM,M_total - final_mass_source,59.5505,5.896042,0.083085,0.701958,52.7885,0.0,0.0,5.312568,0.26509,132.215406,5.401306,0.286608,132.126669,5.31622,0.322815,132.211754,1,1,28052
IGWN-GWTC2p1-v2-GW190527_092055_PEDataRelease_mixed_nocosmo.h5,GWTC-2.1,C01:IMRPhenomXPHM,M_total - final_mass_source,59.0755,5.884488,0.120642,0.72347,52.1523,0.0,0.0,5.342713,0.233143,132.173707,5.436661,0.254314,132.079759,5.344032,0.288038,132.172389,1,1,141653
IGWN-GWTC2p1-v2-GW190602_175927_PEDataRelease_mixed_cosmo.h5,GWTC-2.1,C01:IMRPhenomXPHM,M_total - final_mass_source,115.6461,6.853573,0.115943,0.716648,101.9239,0.0,0.0,5.340886,0.181177,133.144619,5.433657,0.200615,133.051848,5.341746,0.234659,133.143758,1,1,34581
IGWN-GWTC2p1-v2-GW190602_175927_PEDataRelease_mixed_nocosmo.h5,GWTC-2.1,C01:IMRPhenomXPHM,M_total - final_mass_source,113.3806,6.82503,0.152141,0.734551,99.157,0.0,0.0,5.36729,0.165953,133.089673,5.464832,0.185037,132.99213,5.367105,0.221337,133.089857,1,1,155451
IGWN-GWTC2p1-v2-GW190620_030421_PEDataRelease_mixed_cosmo.h5,GWTC-2.1,C01:IMRPhenomXPHM,M_total - final_mass_source,90.6749,6.502632,0.306515,0.797018,77.575,0.0,0.0,5.405048,0.255465,132.729516,5.520568,0.278011,132.613995,5.414563,0.308161,132.720001,1,1,32655
IGWN-GWTC2p1-v2-GW190620_030421_PEDataRelease_mixed_nocosmo.h5,GWTC-2.1,C01:IMRPhenomXPHM,M_total - final_mass_source,88.8469,6.473249,0.332674,0.806822,75.4292,0.0,0.0,5.439634,0.214965,132.665546,5.560082,0.235224,132.545099,5.442984,0.266594,132.662197,1,1,152410
IGWN-GWTC2p1-v2-GW190630_185205_PEDataRelease_mixed_cosmo.h5,GWTC-2.1,C01:IMRPhenomXPHM,M_total - final_mass_source,59.3298,5.890684,0.091838,0.702329,52.3578,0.0,0.0,5.36844,0.081258,132.154176,5.45999,0.092254,132.062627,5.368013,0.098842,132.154604,1,1,87638
IGWN-GWTC2p1-v2-GW190630_185205_PEDataRelease_mixed_nocosmo.h5,GWTC-2.1,C01:IMRPhenomXPHM,M_total - final_mass_source,58.8757,5.879601,0.094119,0.701665,52.0041,0.0,0.0,5.365539,0.08254,132.145994,5.456502,0.093702,132.055031,5.36501,0.09975,132.146523,1,1,171387
IGWN-GWTC2p1-v2-GW190701_203306_PEDataRelease_mixed_cosmo.h5,GWTC-2.1,C01:IMRPhenomXPHM,M_total - final_mass_source,93.6781,6.54964,-0.096975,0.657009,84.0079,0.0,0.0,5.29592,0.106625,132.885653,5.375177,0.120435,132.806395,5.296962,0.257421,132.884611,1,1,54580
IGWN-GWTC2p1-v2-GW190701_203306_PEDataRelease_mixed_nocosmo.h5,GWTC-2.1,C01:IMRPhenomXPHM,M_total - final_mass_source,93.2884,6.543627,-0.084956,0.661783,83.4947,0.0,0.0,5.302204,0.101025,132.873354,5.382755,0.114528,132.792804,5.302745,0.244946,132.872814,1,1,160160
IGWN-GWTC2p1-v2-GW190706_222641_PEDataRelease_mixed_cosmo.h5,GWTC-2.1,C01:IMRPhenomXPHM,M_total - final_mass_source,112.6867,6.816174,0.284519,0.794802,96.898,0.0,0.0,5.367637,0.216754,133.080469,5.480409,0.240737,132.967696,5.369507,0.27087,133.078598,1,1,23977
IGWN-GWTC2p1-v2-GW190706_222641_PEDataRelease_mixed_nocosmo.h5,GWTC-2.1,C01:IMRPhenomXPHM,M_total - final_mass_source,107.3694,6.746439,0.322003,0.812146,91.3642,0.0,0.0,5.409494,0.192508,132.968877,5.529914,0.215142,132.848457,5.40927,0.243251,132.969101,1,1,159868
IGWN-GWTC2p1-v2-GW190707_093326_PEDataRelease_mixed_cosmo.h5,GWTC-2.1,C01:IMRPhenomXPHM,M_total - final_mass_source,20.0104,4.322675,-0.064063,0.658716,17.9011,0.0,0.0,5.310886,0.060051,130.643721,5.391419,0.063231,130.563188,5.309996,0.10687,130.644611,1,1,203490
IGWN-GWTC2p1-v2-GW190707_093326_PEDataRelease_mixed_nocosmo.h5,GWTC-2.1,C01:IMRPhenomXPHM,M_total - final_mass_source,19.8959,4.314397,-0.063413,0.658824,17.7987,0.0,0.0,5.310628,0.06179,130.635702,5.391188,0.064947,130.555141,5.309737,0.107235,130.636592,1,1,367463
IGWN-GWTC2p1-v2-GW190708_232457_PEDataRelease_mixed_cosmo.h5,GWTC-2.1,C01:IMRPhenomXPHM,M_total - final_mass_source,30.7827,4.944047,0.018507,0.684916,27.2789,0.0,0.0,5.341842,0.066382,131.234138,5.428614,0.071497,131.147365,5.341118,0.109963,131.234862,1,1,51021
IGWN-GWTC2p1-v2-GW190708_232457_PEDataRelease_mixed_nocosmo.h5,GWTC-2.1,C01:IMRPhenomXPHM,M_total - final_mass_source,30.6395,4.937321,0.019641,0.685115,27.1407,0.0,0.0,5.341296,0.066952,131.227957,5.428069,0.072133,131.141184,5.340548,0.110424,131.228705,1,1,94772
IGWN-GWTC2p1-v2-GW190719_215514_PEDataRelease_mixed_cosmo.h5,GWTC-2.1,C01:IMRPhenomXPHM,M_total - final_mass_source,57.1791,5.837417,0.250034,0.762501,49.4784,0.0,0.0,5.364594,0.291803,132.104755,5.467624,0.310742,132.001724,5.365559,0.316677,132.10379,1,1,20708
IGWN-GWTC2p1-v2-GW190719_215514_PEDataRelease_mixed_nocosmo.h5,GWTC-2.1,C01:IMRPhenomXPHM,M_total - final_mass_source,55.3494,5.790496,0.304115,0.788043,47.4621,0.0,0.0,5.397818,0.258313,132.024609,5.50919,0.277602,131.913237,5.398417,0.282579,132.024011,1,1,153538
IGWN-GWTC2p1-v2-GW190720_000836_PEDataRelease_mixed_cosmo.h5,GWTC-2.1,C01:IMRPhenomXPHM,M_total - final_mass_source,21.7909,4.445656,0.174005,0.718534,19.1447,0.0,0.0,5.328987,0.126499,130.748602,5.420951,0.13079,130.656638,5.327784,0.142195,130.749804,1,1,86699
IGWN-GWTC2p1-v2-GW190720_000836_PEDataRelease_mixed_nocosmo.h5,GWTC-2.1,C01:IMRPhenomXPHM,M_total - final_mass_source,21.6999,4.439616,0.174954,0.718965,19.0647,0.0,0.0,5.328458,0.127103,130.743089,5.420651,0.131459,130.650896,5.327282,0.142205,130.744265,1,1,131644
IGWN-GWTC2p1-v2-GW190725_174728_PEDataRelease_mixed_cosmo.h5,GWTC-2.1,C01:IMRPhenomXPHM,M_total - final_mass_source,18.3061,4.194253,-0.038945,0.645905,16.5019,0.0,0.0,5.223844,0.222924,130.602341,5.297082,0.227184,130.529103,5.215902,0.267492,130.610283,1,1,79206
IGWN-GWTC2p1-v2-GW190725_174728_PEDataRelease_mixed_nocosmo.h5,GWTC-2.1,C01:IMRPhenomXPHM,M_total - final_mass_source,18.1626,4.182897,-0.035606,0.646223,16.3726,0.0,0.0,5.22203,0.223477,130.592799,5.295338,0.22779,130.519491,5.213957,0.268085,130.600872,1,1,170198
IGWN-GWTC2p1-v2-GW190727_060333_PEDataRelease_mixed_cosmo.h5,GWTC-2.1,C01:IMRPhenomXPHM,M_total - final_mass_source,68.625,6.100662,0.083881,0.727143,59.9002,0.0,0.0,5.381241,0.110366,132.351353,5.478248,0.125124,132.254346,5.380652,0.199346,132.351942,1,1,38894
IGWN-GWTC2p1-v2-GW190727_060333_PEDataRelease_mixed_nocosmo.h5,GWTC-2.1,C01:IMRPhenomXPHM,M_total - final_mass_source,67.8058,6.083337,0.098946,0.733253,59.0316,0.0,0.0,5.387847,0.10183,132.327421,5.486611,0.116514,132.228658,5.387109,0.189675,132.32816,1,1,162922
IGWN-GWTC2p1-v2-GW190728_064510_PEDataRelease_mixed_cosmo.h5,GWTC-2.1,C01:IMRPhenomXPHM,M_total - final_mass_source,20.9488,4.388799,0.140244,0.715044,18.4137,0.0,0.0,5.343041,0.172984,130.67769,5.434745,0.176136,130.585986,5.341919,0.178985,130.678812,1,1,11485
IGWN-GWTC2p1-v2-GW190728_064510_PEDataRelease_mixed_nocosmo.h5,GWTC-2.1,C01:IMRPhenomXPHM,M_total - final_mass_source,20.8066,4.378973,0.139507,0.715217,18.2894,0.0,0.0,5.344114,0.176106,130.666791,5.436264,0.179274,130.574641,5.342951,0.18197,130.667954,1,1,20000
IGWN-GWTC2p1-v2-GW190731_140936_PEDataRelease_mixed_cosmo.h5,GWTC-2.1,C01:IMRPhenomXPHM,M_total - final_mass_source,69.3111,6.115014,0.052497,0.697215,61.3822,0.0,0.0,5.348068,0.13255,132.398878,5.437837,0.150543,132.309109,5.347428,0.184832,132.399518,1,1,21267
IGWN-GWTC2p1-v2-GW190731_140936_PEDataRelease_mixed_nocosmo.h5,GWTC-2.1,C01:IMRPhenomXPHM,M_total - final_mass_source,66.3946,6.052995,0.078693,0.710251,58.4115,0.0,0.0,5.365238,0.123012,132.319689,5.458305,0.140658,132.226622,5.364281,0.171806,132.320646,1,1,126255
IGWN-GWTC2p1-v2-GW190803_022701_PEDataRelease_mixed_cosmo.h5,GWTC-2.1,C01:IMRPhenomXPHM,M_total - final_mass_source,65.0001,6.022369,-0.014653,0.682922,57.7804,0.0,0.0,5.331171,0.113238,132.32313,5.417083,0.127483,132.237218,5.331819,0.213901,132.322483,1,1,20574
IGWN-GWTC2p1-v2-GW190803_022701_PEDataRelease_mixed_nocosmo.h5,GWTC-2.1,C01:IMRPhenomXPHM,M_total - final_mass_source,63.5518,5.989861,0.002764,0.689492,56.3143,0.0,0.0,5.340783,0.105032,132.28101,5.428285,0.119169,132.193509,5.340746,0.197672,132.281047,1,1,101656
IGWN-GWTC2p1-v2-GW190805_211137_PEDataRelease_mixed_cosmo.h5,GWTC-2.1,C01:IMRPhenomXPHM,M_total - final_mass_source,75.4035,6.236559,0.386829,0.832153,62.9759,0.0,0.0,5.49988,0.177256,132.368611,5.632241,0.200908,132.23625,5.500523,0.211064,132.367969,1,1,11786
IGWN-GWTC2p1-v2-GW190805_211137_PEDataRelease_mixed_nocosmo.h5,GWTC-2.1,C01:IMRPhenomXPHM,M_total - final_mass_source,71.0053,6.149855,0.42437,0.843528,58.7235,0.0,0.0,5.523814,0.153015,132.257973,5.661743,0.175929,132.120045,5.523411,0.183846,132.258377,1,1,169040
IGWN-GWTC2p1-v2-GW190814_211039_PEDataRelease_mixed_cosmo.h5,GWTC-2.1,C01:IMRPhenomXPHM,M_total - final_mass_source,25.9061,4.695218,0.003716,0.282593,25.4011,0.0,0.0,4.188836,0.040036,132.138314,4.202985,0.039668,132.124164,4.187526,0.078898,132.139624,1,0,78254
IGWN-GWTC2p1-v2-GW190814_211039_PEDataRelease_mixed_nocosmo.h5,GWTC-2.1,C01:IMRPhenomXPHM,M_total - final_mass_source,25.9032,4.695057,0.003802,0.282608,25.3988,0.0,0.0,4.188728,0.040047,132.138261,4.202905,0.039674,132.124084,4.187483,0.077817,132.139506,1,0,89500
IGWN-GWTC2p1-v2-GW190828_063405_PEDataRelease_mixed_cosmo.h5,GWTC-2.1,C01:IMRPhenomXPHM,M_total - final_mass_source,57.2082,5.83815,0.153999,0.742529,49.5149,0.0,0.0,5.423405,0.060526,132.046678,5.52676,0.071647,131.943322,5.422552,0.09566,132.047531,1,1,42966
IGWN-GWTC2p1-v2-GW190828_063405_PEDataRelease_mixed_nocosmo.h5,GWTC-2.1,C01:IMRPhenomXPHM,M_total - final_mass_source,56.6258,5.823387,0.16038,0.744894,48.9389,0.0,0.0,5.425416,0.060339,132.029903,5.529642,0.071478,131.925676,5.424512,0.09678,132.030806,1,1,128000
IGWN-GWTC2p1-v2-GW190828_065509_PEDataRelease_mixed_cosmo.h5,GWTC-2.1,C01:IMRPhenomXPHM,M_total - final_mass_source,34.2533,5.098172,0.053858,0.639987,31.0148,0.0,0.0,5.176814,0.127938,131.55329,5.247872,0.1367,131.482232,5.174621,0.156885,131.555483,1,1,71723
IGWN-GWTC2p1-v2-GW190828_065509_PEDataRelease_mixed_nocosmo.h5,GWTC-2.1,C01:IMRPhenomXPHM,M_total - final_mass_source,33.8208,5.079838,0.055339,0.641438,30.6111,0.0,0.0,5.178342,0.127833,131.533428,5.249592,0.136659,131.462179,5.176029,0.153159,131.535741,1,1,181548
IGWN-GWTC2p1-v2-GW190910_112807_PEDataRelease_mixed_cosmo.h5,GWTC-2.1,C01:IMRPhenomXPHM,M_total - final_mass_source,76.692,6.261005,-0.011238,0.684804,68.0494,0.0,0.0,5.346701,0.068759,132.546236,5.433897,0.079582,132.45904,5.345941,0.139437,132.546995,1,1,54830
IGWN-GWTC2p1-v2-GW190910_112807_PEDataRelease_mixed_nocosmo.h5,GWTC-2.1,C01:IMRPhenomXPHM,M_total - final_mass_source,75.133,6.231375,-0.005379,0.688614,66.4991,0.0,0.0,5.350058,0.068156,132.513248,5.438111,0.078993,132.425195,5.349167,0.143024,132.514139,1,1,159609
IGWN-GWTC2p1-v2-GW190915_235702_PEDataRelease_mixed_cosmo.h5,GWTC-2.1,C01:IMRPhenomXPHM,M_total - final_mass_source,56.6538,5.824101,-0.038765,0.688376,50.2461,0.0,0.0,5.328455,0.084057,132.127578,5.414926,0.09494,132.041107,5.327855,0.220325,132.128177,1,1,50133
IGWN-GWTC2p1-v2-GW190915_235702_PEDataRelease_mixed_nocosmo.h5,GWTC-2.1,C01:IMRPhenomXPHM,M_total - final_mass_source,56.1627,5.811541,-0.029705,0.691654,49.7251,0.0,0.0,5.332474,0.081487,132.111,5.420343,0.092279,132.02313,5.33176,0.2109,132.111713,1,1,144305
IGWN-GWTC2p1-v2-GW190916_200658_PEDataRelease_mixed_cosmo.h5,GWTC-2.1,C01:IMRPhenomXPHM,M_total - final_mass_source,68.0116,6.087709,0.192332,0.73472,59.5706,0.0,0.0,5.345283,0.262675,132.374358,5.442384,0.291428,132.277258,5.345751,0.289222,132.37389,1,1,13058
IGWN-GWTC2p1-v2-GW190916_200658_PEDataRelease_mixed_nocosmo.h5,GWTC-2.1,C01:IMRPhenomXPHM,M_total - final_mass_source,65.7998,6.040012,0.272548,0.771996,56.5648,0.0,0.0,5.402735,0.222557,132.269209,5.510775,0.250621,132.161168,5.402452,0.245128,132.269492,1,1,107199
IGWN-GWTC2p1-v2-GW190917_114630_PEDataRelease_mixed_cosmo.h5,GWTC-2.1,C01:IMRPhenomXPHM,M_total - final_mass_source,11.7631,3.556198,-0.075972,0.416011,11.2767,0.0,0.0,4.661922,0.21511,130.526208,4.691798,0.218792,130.496332,4.623604,0.266178,130.564525,1,0,12312
IGWN-GWTC2p1-v2-GW190917_114630_PEDataRelease_mixed_nocosmo.h5,GWTC-2.1,C01:IMRPhenomXPHM,M_total - final_mass_source,11.7119,3.549904,-0.074526,0.416562,11.229,0.0,0.0,4.660212,0.212879,130.521624,4.690364,0.216383,130.491472,4.623888,0.2601,130.557948,1,0,20000
IGWN-GWTC2p1-v2-GW190924_021846_PEDataRelease_mixed_cosmo.h5,GWTC-2.1,C01:IMRPhenomXPHM,M_total - final_mass_source,14.2941,3.837343,0.045705,0.66399,12.8355,0.0,0.0,5.242744,0.166698,130.226531,5.320206,0.170993,130.149069,5.241032,0.183562,130.228243,1,1,32797
IGWN-GWTC2p1-v2-GW190924_021846_PEDataRelease_mixed_nocosmo.h5,GWTC-2.1,C01:IMRPhenomXPHM,M_total - final_mass_source,14.2604,3.833945,0.046323,0.664626,12.8046,0.0,0.0,5.242501,0.168668,130.223377,5.320072,0.173,130.145805,5.240472,0.184445,130.225406,1,1,46372
IGWN-GWTC2p1-v2-GW190925_232845_PEDataRelease_mixed_cosmo.h5,GWTC-2.1,C01:IMRPhenomXPHM,M_total - final_mass_source,36.8282,5.202737,0.081128,0.706481,32.3316,0.0,0.0,5.364077,0.09103,131.470593,5.455627,0.097669,131.379043,5.363159,0.130733,131.47151,1,1,87963
IGWN-GWTC2p1-v2-GW190925_232845_PEDataRelease_mixed_nocosmo.h5,GWTC-2.1,C01:IMRPhenomXPHM,M_total - final_mass_source,36.6711,5.196573,0.082922,0.707307,32.1779,0.0,0.0,5.364636,0.091483,131.463869,5.456356,0.098107,131.37215,5.363769,0.131206,131.464737,1,1,164960
IGWN-GWTC2p1-v2-GW190926_050336_PEDataRelease_mixed_cosmo.h5,GWTC-2.1,C01:IMRPhenomXPHM,M_total - final_mass_source,61.6623,5.946316,-0.020245,0.639615,55.8944,0.0,0.0,5.204005,0.223486,132.374243,5.276256,0.24299,132.301992,5.206668,0.309139,132.37158,1,1,20327
IGWN-GWTC2p1-v2-GW190926_050336_PEDataRelease_mixed_nocosmo.h5,GWTC-2.1,C01:IMRPhenomXPHM,M_total - final_mass_source,59.0562,5.884017,-0.007619,0.664364,53.0743,0.0,0.0,5.261442,0.197737,132.254507,5.340623,0.216652,132.175325,5.262917,0.290732,132.253031,1,1,157760
IGWN-GWTC2p1-v2-GW190929_012149_PEDataRelease_mixed_cosmo.h5,GWTC-2.1,C01:IMRPhenomXPHM,M_total - final_mass_source,93.3076,6.543923,-0.030583,0.600103,85.8498,0.0,0.0,5.095831,0.238233,133.080024,5.158246,0.257101,133.017609,5.09713,0.31825,133.078725,1,1,30749
IGWN-GWTC2p1-v2-GW190929_012149_PEDataRelease_mixed_nocosmo.h5,GWTC-2.1,C01:IMRPhenomXPHM,M_total - final_mass_source,90.0049,6.491932,-0.020317,0.619113,82.339,0.0,0.0,5.144286,0.218704,132.979578,5.21206,0.237446,132.911804,5.144169,0.296227,132.979695,1,1,153782
IGWN-GWTC2p1-v2-GW190930_133541_PEDataRelease_mixed_cosmo.h5,GWTC-2.1,C01:IMRPhenomXPHM,M_total - final_mass_source,20.4197,4.351889,0.147234,0.720131,17.912,0.0,0.0,5.348322,0.171579,130.635499,5.440391,0.175253,130.54343,5.347026,0.186088,130.636795,1,1,80472
IGWN-GWTC2p1-v2-GW190930_133541_PEDataRelease_mixed_nocosmo.h5,GWTC-2.1,C01:IMRPhenomXPHM,M_total - final_mass_source,20.3281,4.345407,0.148688,0.720676,17.8314,0.0,0.0,5.347979,0.174768,130.629359,5.440131,0.178502,130.537207,5.346536,0.188054,130.630803,1,1,137344
IGWN-GWTC3p0-v2-GW191103_012549_PEDataRelease_mixed_cosmo.h5,GWTC-3,C01:IMRPhenomXPHM,M_total - final_mass_source,20.0274,4.323904,0.215652,0.748028,17.3269,0.0,0.0,5.396941,0.126876,130.558896,5.499529,0.131093,130.456308,5.395613,0.147948,130.560223,1,1,9914
IGWN-GWTC3p0-v2-GW191103_012549_PEDataRelease_mixed_nocosmo.h5,GWTC-3,C01:IMRPhenomXPHM,M_total - final_mass_source,19.8657,4.312207,0.217473,0.74829,17.1898,0.0,0.0,5.394502,0.13019,130.549637,5.496655,0.134398,130.447485,5.393117,0.15102,130.551022,1,1,167837
IGWN-GWTC3p0-v2-GW191105_143521_PEDataRelease_mixed_cosmo.h5,GWTC-3,C01:IMRPhenomXPHM,M_total - final_mass_source,18.5278,4.211623,-0.018419,0.668185,16.5207,0.0,0.0,5.314606,0.088906,130.528949,5.397247,0.093806,130.446308,5.313286,0.13146,130.530269,1,1,65529
IGWN-GWTC3p0-v2-GW191105_143521_PEDataRelease_mixed_nocosmo.h5,GWTC-3,C01:IMRPhenomXPHM,M_total - final_mass_source,18.4113,4.202523,-0.017648,0.668135,16.4161,0.0,0.0,5.313769,0.089879,130.520686,5.3962,0.094971,130.438255,5.312209,0.133773,130.522246,1,1,142741
IGWN-GWTC3p0-v2-GW191109_010717_PEDataRelease_mixed_cosmo.h5,GWTC-3,C01:IMRPhenomXPHM,M_total - final_mass_source,111.363,6.799126,-0.311214,0.592243,102.0873,0.0,0.0,5.216586,0.13503,133.214473,5.281139,0.159385,133.149919,5.219822,0.5212,133.211236,1,1,109061
IGWN-GWTC3p0-v2-GW191109_010717_PEDataRelease_mixed_nocosmo.h5,GWTC-3,C01:IMRPhenomXPHM,M_total - final_mass_source,108.7483,6.764849,-0.293806,0.597281,99.6114,0.0,0.0,5.224691,0.13003,133.17209,5.290687,0.153568,133.106095,5.223784,0.501273,133.172997,1,1,270070
IGWN-GWTC3p0-v2-GW191113_071753_PEDataRelease_mixed_cosmo.h5,GWTC-3,C01:IMRPhenomXPHM,M_total - final_mass_source,35.573,5.15271,0.003247,0.420504,34.1004,0.0,0.0,4.606549,0.294563,132.178092,4.63601,0.31335,132.148632,4.59856,0.31184,132.186082,1,0,52362
IGWN-GWTC3p0-v2-GW191113_071753_PEDataRelease_mixed_nocosmo.h5,GWTC-3,C01:IMRPhenomXPHM,M_total - final_mass_source,34.3837,5.103653,0.010055,0.440367,32.8004,0.0,0.0,4.642251,0.321573,132.093334,4.674038,0.342868,132.061547,4.631752,0.338088,132.103833,1,0,129899
IGWN-GWTC3p0-v2-GW191126_115259_PEDataRelease_mixed_cosmo.h5,GWTC-3,C01:IMRPhenomXPHM,M_total - final_mass_source,20.5602,4.361784,0.210042,0.7472,17.801,0.0,0.0,5.403582,0.101746,130.590133,5.505977,0.107158,130.487739,5.402906,0.118504,130.59081,1,1,55315
IGWN-GWTC3p0-v2-GW191126_115259_PEDataRelease_mixed_nocosmo.h5,GWTC-3,C01:IMRPhenomXPHM,M_total - final_mass_source,20.2869,4.342479,0.212177,0.74771,17.5581,0.0,0.0,5.402898,0.104767,130.571514,5.505264,0.110156,130.469148,5.402157,0.124506,130.572254,1,1,158918
IGWN-GWTC3p0-v2-GW191127_050227_PEDataRelease_mixed_cosmo.h5,GWTC-3,C01:IMRPhenomXPHM,M_total - final_mass_source,84.7759,6.405582,0.176832,0.753544,74.7837,0.0,0.0,5.137051,0.466585,132.900463,5.227318,0.488992,132.810196,5.21527,0.487023,132.822244,1,1,27156
IGWN-GWTC3p0-v2-GW191127_050227_PEDataRelease_mixed_nocosmo.h5,GWTC-3,C01:IMRPhenomXPHM,M_total - final_mass_source,81.4854,6.34847,0.258765,0.783251,70.2266,0.0,0.0,5.309676,0.370628,132.670726,5.410416,0.391769,132.569986,5.333182,0.394174,132.64722,1,1,185048
IGWN-GWTC3p0-v2-GW191129_134029_PEDataRelease_mixed_cosmo.h5,GWTC-3,C01:IMRPhenomXPHM,M_total - final_mass_source,17.6754,4.143667,0.064827,0.681707,15.7059,0.0,0.0,5.309786,0.091197,130.465813,5.394272,0.097255,130.381327,5.309052,0.102549,130.466547,1,1,77231
IGWN-GWTC3p0-v2-GW191129_134029_PEDataRelease_mixed_nocosmo.h5,GWTC-3,C01:IMRPhenomXPHM,M_total - final_mass_source,17.6118,4.138472,0.065753,0.681779,15.6502,0.0,0.0,5.308807,0.091605,130.461598,5.393371,0.097678,130.377033,5.308214,0.103128,130.46219,1,1,135743
IGWN-GWTC3p0-v2-GW191204_110529_PEDataRelease_mixed_cosmo.h5,GWTC-3,C01:IMRPhenomXPHM,M_total - final_mass_source,46.9785,5.553927,0.037255,0.697107,41.4321,0.0,0.0,5.339554,0.141712,131.846305,5.428364,0.153071,131.757496,5.338508,0.200862,131.847351,1,1,41745
IGWN-GWTC3p0-v2-GW191204_110529_PEDataRelease_mixed_nocosmo.h5,GWTC-3,C01:IMRPhenomXPHM,M_total - final_mass_source,44.6289,5.479908,0.044408,0.699607,39.3519,0.0,0.0,5.340826,0.14486,131.771013,5.430035,0.155448,131.681804,5.339627,0.203064,131.772213,1,1,155223
IGWN-GWTC3p0-v2-GW191204_171526_PEDataRelease_mixed_cosmo.h5,GWTC-3,C01:IMRPhenomXPHM,M_total - final_mass_source,20.3555,4.347346,0.159159,0.734269,17.7156,0.0,0.0,5.387196,0.063196,130.592081,5.487314,0.067018,130.491964,5.386805,0.079516,130.592472,1,1,128624
IGWN-GWTC3p0-v2-GW191204_171526_PEDataRelease_mixed_nocosmo.h5,GWTC-3,C01:IMRPhenomXPHM,M_total - final_mass_source,20.3128,4.344318,0.159408,0.734349,17.6775,0.0,0.0,5.386828,0.063494,130.589421,5.486892,0.067336,130.489358,5.386438,0.080655,130.589812,1,1,206292
IGWN-GWTC3p0-v2-GW191215_223052_PEDataRelease_mixed_cosmo.h5,GWTC-3,C01:IMRPhenomXPHM,M_total - final_mass_source,43.2039,5.43309,-0.053587,0.675628,38.4991,0.0,0.0,5.309682,0.078136,131.75534,5.392799,0.085858,131.672223,5.30927,0.202891,131.755751,1,1,6913
IGWN-GWTC3p0-v2-GW191215_223052_PEDataRelease_mixed_nocosmo.h5,GWTC-3,C01:IMRPhenomXPHM,M_total - final_mass_source,42.4701,5.408376,-0.042303,0.678061,37.774,0.0,0.0,5.313574,0.078632,131.726734,5.397197,0.086565,131.643111,5.312755,0.206245,131.727553,1,1,20000
IGWN-GWTC3p0-v2-GW191216_213338_PEDataRelease_mixed_cosmo.h5,GWTC-3,C01:IMRPhenomXPHM,M_total - final_mass_source,20.0659,4.326676,0.117355,0.700314,17.7471,0.0,0.0,5.324671,0.140139,130.633938,5.413293,0.145343,130.545315,5.323875,0.146024,130.634733,1,1,249520
IGWN-GWTC3p0-v2-GW191216_213338_PEDataRelease_mixed_nocosmo.h5,GWTC-3,C01:IMRPhenomXPHM,M_total - final_mass_source,20.0462,4.325254,0.117331,0.700527,17.7292,0.0,0.0,5.324664,0.142139,130.632522,5.413356,0.147365,130.54383,5.323855,0.148321,130.633331,1,1,315108
IGWN-GWTC3p0-v2-GW191219_163120_PEDataRelease_mixed_cosmo.h5,GWTC-3,C01:IMRPhenomXPHM:HighSpin,M_total - final_mass_source,32.7632,5.034006,0.004775,0.157762,32.5687,0.0,0.0,3.272084,0.04671,133.393854,3.276257,0.047408,133.389681,3.26615,0.168564,133.399787,1,0,14965
IGWN-GWTC3p0-v2-GW191219_163120_PEDataRelease_mixed_nocosmo.h5,GWTC-3,C01:IMRPhenomXPHM:HighSpin,M_total - final_mass_source,32.6999,5.031216,0.004996,0.157089,32.5124,0.0,0.0,3.27263,0.060261,133.390517,3.276758,0.061568,133.386389,3.266558,0.170273,133.396589,1,0,20000
IGWN-GWTC3p0-v2-GW191222_033537_PEDataRelease_mixed_cosmo.h5,GWTC-3,C01:IMRPhenomXPHM,M_total - final_mass_source,79.5141,6.313138,-0.054291,0.667815,71.081,0.0,0.0,5.320872,0.095165,132.624198,5.403086,0.107542,132.541984,5.320712,0.192979,132.624358,1,1,26560
IGWN-GWTC3p0-v2-GW191222_033537_PEDataRelease_mixed_nocosmo.h5,GWTC-3,C01:IMRPhenomXPHM,M_total - final_mass_source,76.5762,6.258825,-0.039856,0.672857,68.3199,0.0,0.0,5.325662,0.093478,132.565095,5.409283,0.105851,132.481474,5.325363,0.188307,132.565394,1,1,135537
IGWN-GWTC3p0-v2-GW191230_180458_PEDataRelease_mixed_cosmo.h5,GWTC-3,C01:IMRPhenomXPHM,M_total - final_mass_source,85.1422,6.411802,-0.058569,0.6786,75.8947,0.0,0.0,5.315506,0.125084,132.728229,5.39955,0.13703,132.644184,5.316251,0.282429,132.727483,1,1,21752
IGWN-GWTC3p0-v2-GW191230_180458_PEDataRelease_mixed_nocosmo.h5,GWTC-3,C01:IMRPhenomXPHM,M_total - final_mass_source,82.4549,6.365533,-0.038949,0.685518,73.2177,0.0,0.0,5.325133,0.111439,132.672332,5.411004,0.123223,132.586462,5.32493,0.25732,132.672536,1,1,139585
IGWN-GWTC3p0-v2-GW200105_162426_PEDataRelease_mixed_cosmo.h5,GWTC-3,C01:IMRPhenomXPHM:HighSpin,M_total - final_mass_source,10.9488,3.452707,0.000693,0.439795,10.4728,0.0,0.0,4.688254,0.136692,130.396386,4.720256,0.138349,130.364384,4.685356,0.144495,130.399283,1,0,20000
IGWN-GWTC3p0-v2-GW200105_162426_PEDataRelease_mixed_nocosmo.h5,GWTC-3,C01:IMRPhenomXPHM,M_total - final_mass_source,10.9488,3.452707,0.000693,0.439795,10.4728,0.0,0.0,4.688254,0.136692,130.396386,4.720256,0.138349,130.364384,4.685356,0.144495,130.399283,1,0,20000
IGWN-GWTC3p0-v2-GW200112_155838_PEDataRelease_mixed_cosmo.h5,GWTC-3,C01:IMRPhenomXPHM,M_total - final_mass_source,63.355,5.985386,0.044004,0.696738,55.9529,0.0,0.0,5.361197,0.066228,132.256121,5.450893,0.075723,132.166425,5.360775,0.102265,132.256543,1,1,68706
IGWN-GWTC3p0-v2-GW200112_155838_PEDataRelease_mixed_nocosmo.h5,GWTC-3,C01:IMRPhenomXPHM,M_total - final_mass_source,63.0319,5.97801,0.048136,0.698343,55.6115,0.0,0.0,5.363361,0.065693,132.246581,5.453699,0.075225,132.156243,5.362845,0.103765,132.247097,1,1,157304
IGWN-GWTC3p0-v2-GW200115_042309_PEDataRelease_mixed_cosmo.h5,GWTC-3,C01:IMRPhenomXPHM:HighSpin,M_total - final_mass_source,7.2802,2.863985,-0.168117,0.43006,6.9552,0.0,0.0,4.741163,0.210859,129.754754,4.773375,0.215465,129.722542,4.662058,0.29473,129.833858,1,0,16089
IGWN-GWTC3p0-v2-GW200115_042309_PEDataRelease_mixed_nocosmo.h5,GWTC-3,C01:IMRPhenomXPHM:HighSpin,M_total - final_mass_source,7.2716,2.862281,-0.168738,0.430205,6.9489,0.0,0.0,4.741659,0.211007,129.752554,4.773757,0.215662,129.720456,4.66241,0.297307,129.831802,1,0,20000
IGWN-GWTC3p0-v2-GW200128_022011_PEDataRelease_mixed_cosmo.h5,GWTC-3,C01:IMRPhenomXPHM,M_total - final_mass_source,73.7024,6.20364,0.079711,0.728817,64.3415,0.0,0.0,5.382108,0.095136,132.453463,5.479638,0.109102,132.355934,5.381063,0.188166,132.454509,1,1,26969
IGWN-GWTC3p0-v2-GW200128_022011_PEDataRelease_mixed_nocosmo.h5,GWTC-3,C01:IMRPhenomXPHM,M_total - final_mass_source,70.2069,6.13354,0.0915,0.732232,61.173,0.0,0.0,5.386064,0.091115,132.379408,5.485038,0.105007,132.280435,5.384906,0.172456,132.380566,1,1,150506
IGWN-GWTC3p0-v2-GW200129_065458_PEDataRelease_mixed_cosmo.h5,GWTC-3,C01:IMRPhenomXPHM,M_total - final_mass_source,63.3266,5.98474,0.107512,0.745788,55.0587,0.0,0.0,5.38485,0.107395,132.231822,5.48547,0.116127,132.131201,5.381985,0.340787,132.234687,1,1,87429
IGWN-GWTC3p0-v2-GW200129_065458_PEDataRelease_mixed_nocosmo.h5,GWTC-3,C01:IMRPhenomXPHM,M_total - final_mass_source,63.2127,5.982142,0.10956,0.747523,54.9157,0.0,0.0,5.384822,0.105607,132.229252,5.485916,0.114281,132.128158,5.380912,0.336728,132.233162,1,1,148072
IGWN-GWTC3p0-v2-GW200202_154313_PEDataRelease_mixed_cosmo.h5,GWTC-3,C01:IMRPhenomXPHM,M_total - final_mass_source,17.5954,4.137126,0.036088,0.687448,15.5745,0.0,0.0,5.346293,0.086929,130.422766,5.434221,0.091245,130.334838,5.34552,0.110826,130.423539,1,1,126430
IGWN-GWTC3p0-v2-GW200202_154313_PEDataRelease_mixed_nocosmo.h5,GWTC-3,C01:IMRPhenomXPHM,M_total - final_mass_source,17.5719,4.135201,0.036256,0.687563,15.5522,0.0,0.0,5.345984,0.087289,130.421149,5.433941,0.091609,130.333191,5.345148,0.112033,130.421985,1,1,170115
IGWN-GWTC3p0-v2-GW200208_130117_PEDataRelease_mixed_cosmo.h5,GWTC-3,C01:IMRPhenomXPHM,M_total - final_mass_source,65.1014,6.024616,-0.085383,0.653927,58.4529,0.0,0.0,5.293632,0.107727,132.362916,5.372159,0.121855,132.284388,5.294461,0.234029,132.362086,1,1,38722
IGWN-GWTC3p0-v2-GW200208_130117_PEDataRelease_mixed_nocosmo.h5,GWTC-3,C01:IMRPhenomXPHM,M_total - final_mass_source,64.6282,6.014093,-0.064656,0.661288,57.8297,0.0,0.0,5.30507,0.103588,132.340954,5.38522,0.117594,132.260804,5.305344,0.217134,132.340681,1,1,104414
IGWN-GWTC3p0-v2-GW200208_222617_PEDataRelease_mixed_cosmo.h5,GWTC-3,C01:IMRPhenomXPHM,M_total - final_mass_source,90.7246,6.503422,0.623657,0.913517,73.3335,0.0,0.0,4.89223,0.428204,133.243124,5.036174,0.437119,133.09918,4.905238,0.437908,133.230116,1,1,24495
IGWN-GWTC3p0-v2-GW200208_222617_PEDataRelease_mixed_nocosmo.h5,GWTC-3,C01:IMRPhenomXPHM,M_total - final_mass_source,87.7227,6.454878,0.666916,0.927678,69.98,0.0,0.0,5.045551,0.392439,133.041258,5.201266,0.40353,132.885543,5.050864,0.402587,133.035945,1,1,209178
IGWN-GWTC3p0-v2-GW200209_085452_PEDataRelease_mixed_cosmo.h5,GWTC-3,C01:IMRPhenomXPHM,M_total - final_mass_source,61.831,5.950258,-0.124798,0.661377,55.3508,0.0,0.0,5.294557,0.101643,132.287633,5.37485,0.115076,132.20734,5.295698,0.297104,132.286492,1,1,30588
IGWN-GWTC3p0-v2-GW200209_085452_PEDataRelease_mixed_nocosmo.h5,GWTC-3,C01:IMRPhenomXPHM,M_total - final_mass_source,60.3288,5.914775,-0.106553,0.667907,53.8709,0.0,0.0,5.30374,0.093251,132.242967,5.385743,0.106199,132.160963,5.304455,0.288791,132.242252,1,1,161419
IGWN-GWTC3p0-v2-GW200210_092254_PEDataRelease_mixed_cosmo.h5,GWTC-3,C01:IMRPhenomXPHM,M_total - final_mass_source,27.4557,4.779036,0.034615,0.364591,26.74,0.0,0.0,4.223891,0.146266,132.187077,4.242762,0.144024,132.168206,4.208191,0.17753,132.202777,1,0,78491
IGWN-GWTC3p0-v2-GW200210_092254_PEDataRelease_mixed_nocosmo.h5,GWTC-3,C01:IMRPhenomXPHM,M_total - final_mass_source,27.1921,4.765115,0.031083,0.36018,26.49,0.0,0.0,4.227816,0.150171,132.169231,4.246454,0.148338,132.150593,4.213053,0.17983,132.183994,1,0,141688
IGWN-GWTC3p0-v2-GW200216_220804_PEDataRelease_mixed_cosmo.h5,GWTC-3,C01:IMRPhenomXPHM,M_total - final_mass_source,80.9417,6.338811,0.080522,0.698492,72.0064,0.0,0.0,5.299956,0.280145,132.670787,5.386555,0.301925,132.584189,5.303998,0.331276,132.666745,1,1,17943
IGWN-GWTC3p0-v2-GW200216_220804_PEDataRelease_mixed_nocosmo.h5,GWTC-3,C01:IMRPhenomXPHM,M_total - final_mass_source,78.8524,6.301083,0.125467,0.723439,69.2114,0.0,0.0,5.348559,0.22306,132.584455,5.442586,0.244867,132.490428,5.349891,0.277212,132.583124,1,1,145692
IGWN-GWTC3p0-v2-GW200219_094415_PEDataRelease_mixed_cosmo.h5,GWTC-3,C01:IMRPhenomXPHM,M_total - final_mass_source,64.9328,6.020876,-0.096821,0.656646,58.2998,0.0,0.0,5.297178,0.106748,132.35563,5.376074,0.119957,132.276734,5.296986,0.253707,132.355822,1,1,28386
IGWN-GWTC3p0-v2-GW200219_094415_PEDataRelease_mixed_nocosmo.h5,GWTC-3,C01:IMRPhenomXPHM,M_total - final_mass_source,62.9356,5.975805,-0.084096,0.662485,56.3333,0.0,0.0,5.305845,0.098394,132.301891,5.386733,0.111202,132.221003,5.305265,0.241971,132.302472,1,1,154656
IGWN-GWTC3p0-v2-GW200220_061928_PEDataRelease_mixed_cosmo.h5,GWTC-3,C01:IMRPhenomXPHM,M_total - final_mass_source,144.1972,7.171899,0.037256,0.69583,127.175,0.0,0.0,5.332795,0.234877,133.471036,5.420195,0.252694,133.383636,5.33656,0.304935,133.467271,1,1,7327
IGWN-GWTC3p0-v2-GW200220_061928_PEDataRelease_mixed_nocosmo.h5,GWTC-3,C01:IMRPhenomXPHM,M_total - final_mass_source,130.8113,7.031343,0.080481,0.718919,114.4186,0.0,0.0,5.359873,0.166807,133.303402,5.454132,0.187594,133.209143,5.360648,0.249139,133.302627,1,1,123819
IGWN-GWTC3p0-v2-GW200220_124850_PEDataRelease_mixed_cosmo.h5,GWTC-3,C01:IMRPhenomXPHM,M_total - final_mass_source,65.742,6.038743,-0.074089,0.667254,58.7828,0.0,0.0,5.302616,0.117663,132.368059,5.383777,0.132328,132.286898,5.303778,0.258005,132.366897,1,1,13497
IGWN-GWTC3p0-v2-GW200220_124850_PEDataRelease_mixed_nocosmo.h5,GWTC-3,C01:IMRPhenomXPHM,M_total - final_mass_source,62.2533,5.960078,-0.053539,0.67629,55.4378,0.0,0.0,5.315809,0.106037,132.276202,5.39968,0.120902,132.192331,5.316079,0.246136,132.275931,1,1,96667
IGWN-GWTC3p0-v2-GW200224_222234_PEDataRelease_mixed_cosmo.h5,GWTC-3,C01:IMRPhenomXPHM,M_total - final_mass_source,71.9586,6.169096,0.100102,0.732614,62.6501,0.0,0.0,5.398035,0.076352,132.402993,5.497805,0.086441,132.303223,5.397039,0.144796,132.403989,1,1,88200
IGWN-GWTC3p0-v2-GW200224_222234_PEDataRelease_mixed_nocosmo.h5,GWTC-3,C01:IMRPhenomXPHM,M_total - final_mass_source,71.5674,6.161232,0.103249,0.734618,62.2652,0.0,0.0,5.399574,0.073096,132.39359,5.499926,0.082888,132.293238,5.398533,0.1409,132.394631,1,1,216261
IGWN-GWTC3p0-v2-GW200225_060421_PEDataRelease_mixed_cosmo.h5,GWTC-3,C01:IMRPhenomXPHM,M_total - final_mass_source,33.5639,5.068839,-0.138077,0.655993,30.1554,0.0,0.0,5.280417,0.094845,131.420354,5.359961,0.10731,131.34081,5.277422,0.293399,131.423349,1,1,88167
IGWN-GWTC3p0-v2-GW200225_060421_PEDataRelease_mixed_nocosmo.h5,GWTC-3,C01:IMRPhenomXPHM,M_total - final_mass_source,33.3536,5.059773,-0.127088,0.659297,29.9302,0.0,0.0,5.285762,0.092831,131.405943,5.36632,0.104984,131.325385,5.283152,0.288106,131.408553,1,1,195767
IGWN-GWTC3p0-v2-GW200302_015811_PEDataRelease_mixed_cosmo.h5,GWTC-3,C01:IMRPhenomXPHM,M_total - final_mass_source,57.445,5.844109,-0.00115,0.639622,52.0009,0.0,0.0,5.201894,0.163701,132.274147,5.274266,0.182494,132.201774,5.203952,0.232752,132.272088,1,1,39475
IGWN-GWTC3p0-v2-GW200302_015811_PEDataRelease_mixed_nocosmo.h5,GWTC-3,C01:IMRPhenomXPHM,M_total - final_mass_source,56.8752,5.829729,0.013105,0.65274,51.2906,0.0,0.0,5.225078,0.161466,132.236583,5.300797,0.180632,132.160864,5.225716,0.226697,132.235945,1,1,104245
IGWN-GWTC3p0-v2-GW200306_093714_PEDataRelease_mixed_cosmo.h5,GWTC-3,C01:IMRPhenomXPHM,M_total - final_mass_source,43.7158,5.450082,0.310232,0.784663,37.4028,0.0,0.0,5.376419,0.28672,131.705595,5.485798,0.316395,131.596216,5.377434,0.308096,131.70458,1,1,29333
IGWN-GWTC3p0-v2-GW200306_093714_PEDataRelease_mixed_nocosmo.h5,GWTC-3,C01:IMRPhenomXPHM,M_total - final_mass_source,42.7835,5.418984,0.35688,0.803799,36.3154,0.0,0.0,5.420961,0.264371,131.629955,5.539868,0.293353,131.511048,5.421297,0.281437,131.629619,1,1,116436
IGWN-GWTC3p0-v2-GW200308_173609_PEDataRelease_mixed_cosmo.h5,GWTC-3,C01:IMRPhenomXPHM,M_total - final_mass_source,102.5327,6.679941,0.127001,0.705808,91.9778,0.0,0.0,5.185479,0.533146,133.126394,5.273091,0.576338,133.038782,5.238558,0.533155,133.073315,1,1,3341
IGWN-GWTC3p0-v2-GW200308_173609_PEDataRelease_mixed_nocosmo.h5,GWTC-3,C01:IMRPhenomXPHM,M_total - final_mass_source,103.0438,6.687113,0.057602,0.673931,91.8193,0.0,0.0,5.170826,0.531856,133.14822,5.248843,0.565591,133.070202,5.213317,0.536703,133.105728,1,1,132606
IGWN-GWTC3p0-v2-GW200311_115853_PEDataRelease_mixed_cosmo.h5,GWTC-3,C01:IMRPhenomXPHM,M_total - final_mass_source,61.4657,5.941709,-0.035663,0.683146,54.5442,0.0,0.0,5.338147,0.076073,132.235494,5.424439,0.086175,132.149202,5.337754,0.179676,132.235888,1,1,109150
IGWN-GWTC3p0-v2-GW200311_115853_PEDataRelease_mixed_nocosmo.h5,GWTC-3,C01:IMRPhenomXPHM,M_total - final_mass_source,61.3428,5.938822,-0.032541,0.684671,54.4014,0.0,0.0,5.339013,0.074487,132.23174,5.425647,0.084522,132.145107,5.338369,0.175195,132.232385,1,1,202628
IGWN-GWTC3p0-v2-GW200316_215756_PEDataRelease_mixed_cosmo.h5,GWTC-3,C01:IMRPhenomXPHM,M_total - final_mass_source,21.7761,4.444676,0.150726,0.702336,19.2803,0.0,0.0,5.291595,0.175532,130.785012,5.377911,0.181644,130.698696,5.291118,0.17769,130.78549,1,1,67196
IGWN-GWTC3p0-v2-GW200316_215756_PEDataRelease_mixed_nocosmo.h5,GWTC-3,C01:IMRPhenomXPHM,M_total - final_mass_source,21.5792,4.431572,0.148853,0.702945,19.0962,0.0,0.0,5.293432,0.17645,130.770072,5.380058,0.182533,130.683446,5.292995,0.178738,130.770509,1,1,134403
IGWN-GWTC3p0-v2-GW200322_091133_PEDataRelease_mixed_cosmo.h5,GWTC-3,C01:IMRPhenomXPHM,M_total - final_mass_source,76.6638,6.260473,0.100817,0.684145,67.1566,0.0,0.0,5.026192,0.784262,132.866213,5.103285,0.815627,132.78912,5.123314,0.736815,132.769091,1,1,4140
IGWN-GWTC3p0-v2-GW200322_091133_PEDataRelease_mixed_nocosmo.h5,GWTC-3,C01:IMRPhenomXPHM,M_total - final_mass_source,83.8205,6.389232,0.037251,0.630788,75.2951,0.0,0.0,4.632071,0.882896,133.389092,4.681106,0.91501,133.340058,4.943427,0.84089,133.077737,1,0,137340
IGWN-GWTC4p0-0f954158d_720-GW230518_125908-combined_PEDataRelease.hdf5,GWTC-4,C00:IMRPhenomXPHM-SpinTaylor,M_total - final_mass_source_non_evolved,9.6205,3.266119,-0.012409,nan,nan,nan,nan,4.552375,0.063382,130.345675,nan,nan,nan,nan,nan,nan,0,0,11711
IGWN-GWTC4p0-0f954158d_720-GW230529_181500-combined_PEDataRelease.hdf5,GWTC-4,C00:IMRPhenomXPHM:HighSpin,M_total - final_mass_source_non_evolved,5.009,2.324526,-0.112455,nan,nan,nan,nan,5.066715,0.11441,128.889743,nan,nan,nan,nan,nan,nan,0,1,5489
IGWN-GWTC4p0-0f954158d_720-GW230601_224134-combined_PEDataRelease.hdf5,GWTC-4,C00:IMRPhenomXPHM-SpinTaylor,M_total - final_mass_source_non_evolved,108.7076,6.764309,-0.020149,0.670174,96.6942,0.0,0.0,5.302915,0.116334,133.093326,5.384954,0.132624,133.011287,5.301629,0.212678,133.094612,1,1,14438
IGWN-GWTC4p0-0f954158d_720-GW230605_065343-combined_PEDataRelease.hdf5,GWTC-4,C00:IMRPhenomXPHM-SpinTaylor,M_total - final_mass_source_non_evolved,28.7266,4.844318,0.068289,0.686658,25.4655,0.0,0.0,5.328778,0.080883,131.147472,5.415687,0.087165,131.060563,5.327526,0.103915,131.148724,1,1,15769
IGWN-GWTC4p0-0f954158d_720-GW230606_004305-combined_PEDataRelease.hdf5,GWTC-4,C00:IMRPhenomXPHM-SpinTaylor,M_total - final_mass_source_non_evolved,62.6625,5.96953,-0.136128,0.635976,56.6454,0.0,0.0,5.267046,0.124579,132.334415,5.341266,0.1382,132.260196,5.26795,0.277625,132.333512,1,1,13904
IGWN-GWTC4p0-0f954158d_720-GW230608_205047-combined_PEDataRelease.hdf5,GWTC-4,C00:IMRPhenomXPHM-SpinTaylor,M_total - final_mass_source_non_evolved,78.8106,6.300318,0.049758,0.695303,69.891,0.0,0.0,5.323086,0.150314,132.609164,5.410952,0.169069,132.521299,5.322969,0.228513,132.609281,1,1,13528
IGWN-GWTC4p0-0f954158d_720-GW230609_064958-combined_PEDataRelease.hdf5,GWTC-4,C00:IMRPhenomXPHM-SpinTaylor,M_total - final_mass_source_non_evolved,59.9485,5.905653,-0.142682,0.640206,54.1069,0.0,0.0,5.277572,0.10516,132.260013,5.35292,0.118233,132.184665,5.278128,0.257291,132.259457,1,1,13019
IGWN-GWTC4p0-0f954158d_720-GW230624_113103-combined_PEDataRelease.hdf5,GWTC-4,C00:IMRPhenomXPHM-SpinTaylor,M_total - final_mass_source_non_evolved,43.1645,5.431772,0.136691,0.708872,38.0189,0.0,0.0,5.345439,0.13242,131.718265,5.436763,0.143242,131.626941,5.344653,0.150416,131.71905,1,1,15846
IGWN-GWTC4p0-0f954158d_720-GW230627_015337-combined_PEDataRelease.hdf5,GWTC-4,C00:IMRPhenomXPHM-SpinTaylor,M_total - final_mass_source_non_evolved,14.1812,3.82591,0.020955,0.677219,12.6063,0.0,0.0,5.336123,0.042726,130.121718,5.421074,0.046745,130.036767,5.336054,0.045284,130.121788,1,1,9688
IGWN-GWTC4p0-0f954158d_720-GW230628_231200-combined_PEDataRelease.hdf5,GWTC-4,C00:IMRPhenomXPHM-SpinTaylor,M_total - final_mass_source_non_evolved,59.2169,5.887937,-0.002279,0.70189,52.0179,0.0,0.0,5.360529,0.051052,132.15934,5.451955,0.060032,132.067913,5.359275,0.161003,132.160594,1,1,15446
IGWN-GWTC4p0-0f954158d_720-GW230630_125806-combined_PEDataRelease.hdf5,GWTC-4,C00:IMRPhenomXPHM-SpinTaylor,M_total - final_mass_source_non_evolved,85.6976,6.421183,0.202624,0.765493,74.0501,0.0,0.0,5.393089,0.186947,132.660026,5.498157,0.208337,132.554958,5.394562,0.258859,132.658553,1,1,16819
IGWN-GWTC4p0-0f954158d_720-GW230630_234532-combined_PEDataRelease.hdf5,GWTC-4,C00:IMRPhenomXPHM-SpinTaylor,M_total - final_mass_source_non_evolved,16.831,4.07305,-0.04014,0.658308,15.0654,0.0,0.0,5.301018,0.073578,130.403965,5.380875,0.078772,130.324108,5.29934,0.117241,130.405642,1,1,15135
IGWN-GWTC4p0-0f954158d_720-GW230702_185453-combined_PEDataRelease.hdf5,GWTC-4,C00:IMRPhenomXPHM-SpinTaylor,M_total - final_mass_source_non_evolved,60.8191,5.926451,0.058711,0.62707,55.2791,0.0,0.0,5.13827,0.221276,132.420113,5.206035,0.236622,132.352349,5.131963,0.237332,132.426421,1,1,17288
IGWN-GWTC4p0-0f954158d_720-GW230704_021211-combined_PEDataRelease.hdf5,GWTC-4,C00:IMRPhenomXPHM-SpinTaylor,M_total - final_mass_source_non_evolved,53.5414,5.742584,-0.013893,0.656066,48.0549,0.0,0.0,5.280832,0.126448,132.093684,5.359948,0.141213,132.014568,5.279599,0.162519,132.094917,1,1,23018
IGWN-GWTC4p0-0f954158d_720-GW230704_212616-combined_PEDataRelease.hdf5,GWTC-4,C00:IMRPhenomXPHM-SpinTaylor,M_total - final_mass_source_non_evolved,141.5987,7.145665,0.377193,0.803517,121.0684,0.0,0.0,5.382753,0.256198,133.394843,5.49688,0.283184,133.280716,5.382401,0.27645,133.395196,1,1,23006
IGWN-GWTC4p0-0f954158d_720-GW230706_104333-combined_PEDataRelease.hdf5,GWTC-4,C00:IMRPhenomXPHM-SpinTaylor,M_total - final_mass_source_non_evolved,27.9525,4.804908,0.192911,0.749552,24.1575,0.0,0.0,5.409033,0.07427,131.027807,5.513003,0.08235,130.923837,5.407855,0.102523,131.028985,1,1,15235
IGWN-GWTC4p0-0f954158d_720-GW230707_124047-combined_PEDataRelease.hdf5,GWTC-4,C00:IMRPhenomXPHM-SpinTaylor,M_total - final_mass_source_non_evolved,81.4944,6.348629,-0.04347,0.684174,72.2913,0.0,0.0,5.332823,0.081914,132.647737,5.419016,0.094785,132.561545,5.331824,0.226555,132.648736,1,1,13678
IGWN-GWTC4p0-0f954158d_720-GW230708_053705-combined_PEDataRelease.hdf5,GWTC-4,C00:IMRPhenomXPHM-SpinTaylor,M_total - final_mass_source_non_evolved,51.9629,5.699411,0.077286,0.730057,45.2003,0.0,0.0,5.383408,0.07419,131.947935,5.481595,0.087381,131.849748,5.3811,0.17787,131.950243,1,1,15934
IGWN-GWTC4p0-0f954158d_720-GW230708_230935-combined_PEDataRelease.hdf5,GWTC-4,C00:IMRPhenomXPHM-SpinTaylor,M_total - final_mass_source_non_evolved,103.7964,6.697613,0.024278,0.679634,92.6618,0.0,0.0,5.291093,0.169231,133.038451,5.373407,0.186483,132.956137,5.291573,0.245806,133.037971,1,1,14977
IGWN-GWTC4p0-0f954158d_720-GW230709_122727-combined_PEDataRelease.hdf5,GWTC-4,C00:IMRPhenomXPHM-SpinTaylor,M_total - final_mass_source_non_evolved,75.14,6.23151,0.094514,0.716814,66.1028,0.0,0.0,5.353993,0.168628,132.509449,5.447725,0.189346,132.415717,5.353643,0.23053,132.509798,1,1,12263
IGWN-GWTC4p0-0f954158d_720-GW230712_090405-combined_PEDataRelease.hdf5,GWTC-4,C00:IMRPhenomXPHM-SpinTaylor,M_total - final_mass_source_non_evolved,43.9833,5.458883,-0.041048,0.647746,40.1116,0.0,0.0,5.088251,0.279942,132.002563,5.157037,0.299098,131.933777,5.081906,0.421106,132.008908,1,1,26163
IGWN-GWTC4p0-0f954158d_720-GW230723_101834-combined_PEDataRelease.hdf5,GWTC-4,C00:IMRPhenomXPHM-SpinTaylor,M_total - final_mass_source_non_evolved,27.7103,4.792349,-0.15887,0.616032,25.2341,0.0,0.0,5.248083,0.108596,131.176198,5.318283,0.123427,131.105998,5.243225,0.220653,131.181056,1,1,15000
IGWN-GWTC4p0-0f954158d_720-GW230726_002940-combined_PEDataRelease.hdf5,GWTC-4,C00:IMRPhenomXPHM-SpinTaylor,M_total - final_mass_source_non_evolved,63.3806,5.98597,-0.016555,0.690767,56.0448,0.0,0.0,5.342996,0.067656,132.274907,5.4313,0.078555,132.186603,5.341716,0.169031,132.276186,1,1,13791
IGWN-GWTC4p0-0f954158d_720-GW230729_082317-combined_PEDataRelease.hdf5,GWTC-4,C00:IMRPhenomXPHM-SpinTaylor,M_total - final_mass_source_non_evolved,20.4058,4.350905,0.124755,0.706627,17.9718,0.0,0.0,5.334317,0.147594,130.648519,5.424175,0.152708,130.558662,5.33229,0.161594,130.650547,1,1,12605
IGWN-GWTC4p0-0f954158d_720-GW230731_215307-combined_PEDataRelease.hdf5,GWTC-4,C00:IMRPhenomXPHM-SpinTaylor,M_total - final_mass_source_non_evolved,18.2391,4.188966,-0.047884,0.669865,16.2502,0.0,0.0,5.327364,0.047837,130.493534,5.411073,0.051448,130.409826,5.326396,0.104829,130.494502,1,1,10904
IGWN-GWTC4p0-0f954158d_720-GW230803_033412-combined_PEDataRelease.hdf5,GWTC-4,C00:IMRPhenomXPHM-SpinTaylor,M_total - final_mass_source_non_evolved,76.1055,6.249928,0.098986,0.728256,66.6886,0.0,0.0,5.333825,0.15011,132.548035,5.427554,0.167713,132.454306,5.333584,0.228379,132.548276,1,1,16784
IGWN-GWTC4p0-0f954158d_720-GW230805_034249-combined_PEDataRelease.hdf5,GWTC-4,C00:IMRPhenomXPHM-SpinTaylor,M_total - final_mass_source_non_evolved,56.729,5.826014,0.081988,0.730234,49.6375,0.0,0.0,5.333124,0.154834,132.124822,5.428123,0.170152,132.029823,5.334182,0.280195,132.123764,1,1,16941
IGWN-GWTC4p0-0f954158d_720-GW230806_204041-combined_PEDataRelease.hdf5,GWTC-4,C00:IMRPhenomXPHM-SpinTaylor,M_total - final_mass_source_non_evolved,85.1538,6.411999,0.092886,0.714467,74.924,0.0,0.0,5.362345,0.134665,132.681586,5.455487,0.152569,132.588444,5.361121,0.182796,132.682811,1,1,14235
IGWN-GWTC4p0-0f954158d_720-GW230811_032116-combined_PEDataRelease.hdf5,GWTC-4,C00:IMRPhenomXPHM-SpinTaylor,M_total - final_mass_source_non_evolved,57.9945,5.857844,0.017115,0.689601,51.512,0.0,0.0,5.30546,0.097787,132.184316,5.391068,0.108496,132.098707,5.30495,0.171474,132.184826,1,1,17874
IGWN-GWTC4p0-0f954158d_720-GW230814_061920-combined_PEDataRelease.hdf5,GWTC-4,C00:IMRPhenomXPHM-SpinTaylor,M_total - final_mass_source_non_evolved,112.1141,6.808823,0.052856,0.683567,99.7098,0.0,0.0,5.315806,0.132485,133.12495,5.400638,0.149258,133.040117,5.314886,0.16312,133.125869,1,1,13478
IGWN-GWTC4p0-0f954158d_720-GW230814_230901-combined_PEDataRelease.hdf5,GWTC-4,C00:IMRPhenomXPHM-SpinTaylor,M_total - final_mass_source_non_evolved,62.0258,5.954795,-0.010343,0.679037,55.0167,0.0,0.0,5.359292,0.018525,132.227435,5.445748,0.021583,132.14098,5.359249,0.035718,132.227478,1,1,13460
IGWN-GWTC4p0-0f954158d_720-GW230819_171910-combined_PEDataRelease.hdf5,GWTC-4,C00:IMRPhenomXPHM-SpinTaylor,M_total - final_mass_source_non_evolved,110.4179,6.78683,-0.029145,0.654246,98.8828,0.0,0.0,5.144922,0.307323,133.27384,5.218305,0.327363,133.200457,5.167485,0.441528,133.251277,1,1,15680
IGWN-GWTC4p0-0f954158d_720-GW230820_212515-combined_PEDataRelease.hdf5,GWTC-4,C00:IMRPhenomXPHM-SpinTaylor,M_total - final_mass_source_non_evolved,96.1931,6.587862,0.209286,0.733642,84.8995,0.0,0.0,5.31551,0.301793,132.904284,5.412306,0.333148,132.807488,5.314653,0.322613,132.905141,1,1,15759
IGWN-GWTC4p0-0f954158d_720-GW230824_033047-combined_PEDataRelease.hdf5,GWTC-4,C00:IMRPhenomXPHM-SpinTaylor,M_total - final_mass_source_non_evolved,88.244,6.463427,0.002184,0.686929,78.6744,0.0,0.0,5.323027,0.137225,132.772332,5.409258,0.153232,132.686101,5.322148,0.21931,132.77321,1,1,13206
IGWN-GWTC4p0-0f954158d_720-GW230825_041334-combined_PEDataRelease.hdf5,GWTC-4,C00:IMRPhenomXPHM-SpinTaylor,M_total - final_mass_source_non_evolved,70.6391,6.142394,0.317378,0.804594,59.8958,0.0,0.0,5.469248,0.143004,132.305079,5.591652,0.164996,132.182674,5.468145,0.183402,132.306181,1,1,13826
IGWN-GWTC4p0-0f954158d_720-GW230831_015414-combined_PEDataRelease.hdf5,GWTC-4,C00:IMRPhenomXPHM-SpinTaylor,M_total - final_mass_source_non_evolved,73.7716,6.204995,0.042753,0.716016,64.8008,0.0,0.0,5.352915,0.127811,132.484011,5.445511,0.143223,132.391416,5.352125,0.239374,132.484801,1,1,14508
IGWN-GWTC4p0-0f954158d_720-GW230904_051013-combined_PEDataRelease.hdf5,GWTC-4,C00:IMRPhenomXPHM-SpinTaylor,M_total - final_mass_source_non_evolved,17.9681,4.16737,0.05618,0.691691,15.8907,0.0,0.0,5.339402,0.08416,130.4599,5.427819,0.088586,130.371482,5.338213,0.117051,130.461088,1,1,15560
IGWN-GWTC4p0-0f954158d_720-GW230911_195324-combined_PEDataRelease.hdf5,GWTC-4,C00:IMRPhenomXPHM-SpinTaylor,M_total - final_mass_source_non_evolved,56.1018,5.809975,-0.029001,0.670822,50.2555,0.0,0.0,5.257396,0.118616,132.18451,5.338036,0.131763,132.103871,5.255404,0.231965,132.186502,1,1,18595
IGWN-GWTC4p0-0f954158d_720-GW230914_111401-combined_PEDataRelease.hdf5,GWTC-4,C00:IMRPhenomXPHM-SpinTaylor,M_total - final_mass_source_non_evolved,95.8127,6.582145,0.127524,0.700311,84.8223,0.0,0.0,5.338201,0.138931,132.875876,5.427826,0.157365,132.786251,5.337482,0.15543,132.876595,1,1,18353
IGWN-GWTC4p0-0f954158d_720-GW230919_215712-combined_PEDataRelease.hdf5,GWTC-4,C00:IMRPhenomXPHM-SpinTaylor,M_total - final_mass_source_non_evolved,49.316,5.623984,0.18229,0.746261,42.6594,0.0,0.0,5.426625,0.048693,131.829291,5.530977,0.056798,131.724939,5.426048,0.088781,131.829868,1,1,15670
IGWN-GWTC4p0-0f954158d_720-GW230920_071124-combined_PEDataRelease.hdf5,GWTC-4,C00:IMRPhenomXPHM-SpinTaylor,M_total - final_mass_source_non_evolved,56.4734,5.819498,-0.001891,0.689671,49.9646,0.0,0.0,5.339987,0.100859,132.111443,5.427568,0.113386,132.023863,5.339079,0.179995,132.112352,1,1,15199
IGWN-GWTC4p0-0f954158d_720-GW230922_020344-combined_PEDataRelease.hdf5,GWTC-4,C00:IMRPhenomXPHM-SpinTaylor,M_total - final_mass_source_non_evolved,70.6111,6.141824,0.035354,0.711454,62.1476,0.0,0.0,5.342404,0.078196,132.431352,5.433998,0.087397,132.339758,5.341187,0.183752,132.432569,1,1,19000
IGWN-GWTC4p0-0f954158d_720-GW230922_040658-combined_PEDataRelease.hdf5,GWTC-4,C00:IMRPhenomXPHM-SpinTaylor,M_total - final_mass_source_non_evolved,124.6904,6.962207,0.337775,0.793408,106.8088,0.0,0.0,5.445738,0.227381,133.148401,5.563017,0.25162,133.031122,5.444504,0.238091,133.149635,1,1,14201
IGWN-GWTC4p0-0f954158d_720-GW230924_124453-combined_PEDataRelease.hdf5,GWTC-4,C00:IMRPhenomXPHM-SpinTaylor,M_total - final_mass_source_non_evolved,51.7546,5.693614,0.019567,0.695285,45.6517,0.0,0.0,5.362742,0.052696,131.962804,5.452631,0.061538,131.872915,5.362061,0.114913,131.963485,1,1,14630
IGWN-GWTC4p0-0f954158d_720-GW230927_043729-combined_PEDataRelease.hdf5,GWTC-4,C00:IMRPhenomXPHM-SpinTaylor,M_total - final_mass_source_non_evolved,62.4715,5.965127,0.007101,0.694153,55.1664,0.0,0.0,5.353461,0.071947,132.243597,5.443123,0.083354,132.153936,5.352681,0.147371,132.244378,1,1,13148
IGWN-GWTC4p0-0f954158d_720-GW230927_153832-combined_PEDataRelease.hdf5,GWTC-4,C00:IMRPhenomXPHM-SpinTaylor,M_total - final_mass_source_non_evolved,38.5156,5.267372,0.040556,0.695185,34.0317,0.0,0.0,5.356826,0.037012,131.542478,5.446431,0.040964,131.452873,5.356186,0.10132,131.543118,1,1,14161
IGWN-GWTC4p0-0f954158d_720-GW230928_215827-combined_PEDataRelease.hdf5,GWTC-4,C00:IMRPhenomXPHM-SpinTaylor,M_total - final_mass_source_non_evolved,87.6395,6.45351,0.420446,0.843138,72.742,0.0,0.0,5.500549,0.164221,132.584893,5.636938,0.182221,132.448503,5.499847,0.191861,132.585595,1,1,19357
IGWN-GWTC4p0-0f954158d_720-GW230930_110730-combined_PEDataRelease.hdf5,GWTC-4,C00:IMRPhenomXPHM-SpinTaylor,M_total - final_mass_source_non_evolved,58.9969,5.882566,0.027659,0.6949,52.1588,0.0,0.0,5.343906,0.11467,132.170592,5.43265,0.130125,132.081849,5.343247,0.18579,132.171251,1,1,11732
IGWN-GWTC4p0-0f954158d_720-GW231001_140220-combined_PEDataRelease.hdf5,GWTC-4,C00:IMRPhenomXPHM-SpinTaylor,M_total - final_mass_source_non_evolved,116.328,6.862055,-0.047882,0.632941,105.6349,0.0,0.0,5.209786,0.184435,133.284201,5.282683,0.2037,133.211304,5.214048,0.289382,133.279939,1,1,16041
IGWN-GWTC4p0-0f954158d_720-GW231004_232346-combined_PEDataRelease.hdf5,GWTC-4,C00:IMRPhenomXPHM-SpinTaylor,M_total - final_mass_source_non_evolved,101.6706,6.667759,-0.051177,0.635363,92.1042,0.0,0.0,5.201039,0.189241,133.098652,5.272007,0.206949,133.027685,5.206733,0.300912,133.092959,1,1,15804
IGWN-GWTC4p0-0f954158d_720-GW231005_021030-combined_PEDataRelease.hdf5,GWTC-4,C00:IMRPhenomXPHM-SpinTaylor,M_total - final_mass_source_non_evolved,131.5903,7.039909,0.11233,0.724906,115.4169,0.0,0.0,5.317988,0.187815,133.353854,5.409939,0.20854,133.261903,5.319647,0.277007,133.352195,1,1,13730
IGWN-GWTC4p0-0f954158d_720-GW231005_091549-combined_PEDataRelease.hdf5,GWTC-4,C00:IMRPhenomXPHM-SpinTaylor,M_total - final_mass_source_non_evolved,50.6423,5.662271,-0.038425,0.676294,45.0886,0.0,0.0,5.324195,0.107264,131.970008,5.40871,0.119689,131.885492,5.323989,0.211934,131.970213,1,1,12902
IGWN-GWTC4p0-0f954158d_720-GW231008_142521-combined_PEDataRelease.hdf5,GWTC-4,C00:IMRPhenomXPHM-SpinTaylor,M_total - final_mass_source_non_evolved,71.2554,6.154928,-0.025243,0.650077,64.2723,0.0,0.0,5.254499,0.184565,132.532361,5.331123,0.203516,132.455737,5.253836,0.249032,132.533023,1,1,16800
IGWN-GWTC4p0-0f954158d_720-GW231014_040532-combined_PEDataRelease.hdf5,GWTC-4,C00:IMRPhenomXPHM-SpinTaylor,M_total - final_mass_source_non_evolved,35.8834,5.165246,0.181278,0.751555,31.0842,0.0,0.0,5.396424,0.13671,131.400754,5.499438,0.150031,131.29774,5.396368,0.210259,131.400809,1,1,16903
IGWN-GWTC4p0-0f954158d_720-GW231018_233037-combined_PEDataRelease.hdf5,GWTC-4,C00:IMRPhenomXPHM-SpinTaylor,M_total - final_mass_source_non_evolved,19.0923,4.254922,0.014775,0.67149,17.0296,0.0,0.0,5.299404,0.110297,130.58745,5.381408,0.117292,130.505446,5.297397,0.14394,130.589457,1,1,15611
IGWN-GWTC4p0-0f954158d_720-GW231020_142947-combined_PEDataRelease.hdf5,GWTC-4,C00:IMRPhenomXPHM-SpinTaylor,M_total - final_mass_source_non_evolved,19.8618,4.311924,0.151159,0.715137,17.4525,0.0,0.0,5.344919,0.155384,130.598937,5.43699,0.160952,130.506866,5.343879,0.161599,130.599977,1,1,14942
IGWN-GWTC4p0-0f954158d_720-GW231028_153006-combined_PEDataRelease.hdf5,GWTC-4,C00:IMRPhenomXPHM-SpinTaylor,M_total - final_mass_source_non_evolved,152.9012,7.256456,0.49569,0.856757,124.8346,0.0,0.0,5.5859,0.129417,133.302488,5.733387,0.142363,133.155001,5.585507,0.135801,133.302881,1,1,15128
IGWN-GWTC4p0-0f954158d_720-GW231029_111508-combined_PEDataRelease.hdf5,GWTC-4,C00:IMRPhenomXPHM-SpinTaylor,M_total - final_mass_source_non_evolved,106.0689,6.728858,0.145284,0.724089,93.3098,0.0,0.0,5.356299,0.161173,133.00449,5.45231,0.182295,132.90848,5.355444,0.203597,133.005346,1,1,13488
IGWN-GWTC4p0-0f954158d_720-GW231102_071736-combined_PEDataRelease.hdf5,GWTC-4,C00:IMRPhenomXPHM-SpinTaylor,M_total - final_mass_source_non_evolved,104.652,6.709456,0.074049,0.709313,92.0753,0.0,0.0,5.363654,0.093359,132.977734,5.456561,0.108461,132.884827,5.361918,0.138427,132.97947,1,1,15330
IGWN-GWTC4p0-0f954158d_720-GW231104_133418-combined_PEDataRelease.hdf5,GWTC-4,C00:IMRPhenomXPHM-SpinTaylor,M_total - final_mass_source_non_evolved,21.0329,4.394575,0.145526,0.725305,18.38,0.0,0.0,5.388139,0.071936,130.638368,5.486103,0.076415,130.540404,5.387442,0.103578,130.639065,1,1,13042
IGWN-GWTC4p0-0f954158d_720-GW231108_125142-combined_PEDataRelease.hdf5,GWTC-4,C00:IMRPhenomXPHM-SpinTaylor,M_total - final_mass_source_non_evolved,40.6547,5.345351,-0.076253,0.662173,36.333,0.0,0.0,5.31068,0.047906,131.666603,5.392013,0.054277,131.585269,5.30935,0.145965,131.667932,1,1,16031
IGWN-GWTC4p0-0f954158d_720-GW231110_040320-combined_PEDataRelease.hdf5,GWTC-4,C00:IMRPhenomXPHM-SpinTaylor,M_total - final_mass_source_non_evolved,32.5224,5.023362,0.174636,0.736083,28.3372,0.0,0.0,5.369673,0.083975,131.285621,5.468436,0.09179,131.186857,5.368016,0.120449,131.287278,1,1,16586
IGWN-GWTC4p0-0f954158d_720-GW231113_122623-combined_PEDataRelease.hdf5,GWTC-4,C00:IMRPhenomXPHM-SpinTaylor,M_total - final_mass_source_non_evolved,68.2932,6.09367,0.364821,0.816494,57.239,0.0,0.0,5.491743,0.161842,132.233859,5.619229,0.182764,132.106373,5.491191,0.186231,132.234411,1,1,17278
IGWN-GWTC4p0-0f954158d_720-GW231113_200417-combined_PEDataRelease.hdf5,GWTC-4,C00:IMRPhenomXPHM-SpinTaylor,M_total - final_mass_source_non_evolved,19.1418,4.258653,0.125309,0.720949,16.7708,0.0,0.0,5.36529,0.087618,130.525294,5.460808,0.091154,130.429776,5.364454,0.111146,130.526131,1,1,13984
IGWN-GWTC4p0-0f954158d_720-GW231114_043211-combined_PEDataRelease.hdf5,GWTC-4,C00:IMRPhenomXPHM-SpinTaylor,M_total - final_mass_source_non_evolved,31.5127,4.977861,0.090967,0.608418,28.9135,0.0,0.0,5.070178,0.15013,131.539615,5.131619,0.156246,131.478173,5.069712,0.153567,131.540081,1,1,17986
IGWN-GWTC4p0-0f954158d_720-GW231118_005626-combined_PEDataRelease.hdf5,GWTC-4,C00:IMRPhenomXPHM-SpinTaylor,M_total - final_mass_source_non_evolved,31.8307,4.992345,0.392856,0.814246,26.8667,0.0,0.0,5.412667,0.114883,131.21161,5.535167,0.117132,131.08911,5.411496,0.145808,131.212781,1,1,17887
IGWN-GWTC4p0-0f954158d_720-GW231118_071402-combined_PEDataRelease.hdf5,GWTC-4,C00:IMRPhenomXPHM-SpinTaylor,M_total - final_mass_source_non_evolved,73.8933,6.207371,0.127769,0.732326,64.5364,0.0,0.0,5.381256,0.139944,132.458047,5.479529,0.159082,132.359774,5.380364,0.192818,132.458939,1,1,15567
IGWN-GWTC4p0-0f954158d_720-GW231118_090602-combined_PEDataRelease.hdf5,GWTC-4,C00:IMRPhenomXPHM-SpinTaylor,M_total - final_mass_source_non_evolved,21.2289,4.407961,0.11951,0.700527,18.8729,0.0,0.0,5.258801,0.266069,130.781092,5.341613,0.267795,130.698279,5.256285,0.27565,130.783608,1,1,17286
IGWN-GWTC4p0-0f954158d_720-GW231119_075248-combined_PEDataRelease.hdf5,GWTC-4,C00:IMRPhenomXPHM-SpinTaylor,M_total - final_mass_source_non_evolved,82.3292,6.363332,-0.000486,0.684722,73.2296,0.0,0.0,5.326772,0.151216,132.668492,5.413141,0.168354,132.582123,5.327484,0.245718,132.667779,1,1,14216
IGWN-GWTC4p0-0f954158d_720-GW231123_135430-combined_PEDataRelease.hdf5,GWTC-4,C00:IMRPhenomXPHM-SpinTaylor,M_total - final_mass_source,243.2756,7.926448,0.03907,0.708431,214.891,0.0,0.0,5.295662,0.076309,134.262718,5.385105,0.088511,134.173275,5.282302,0.371302,134.276078,1,1,19980
IGWN-GWTC4p0-0f954158d_720-GW231127_165300-combined_PEDataRelease.hdf5,GWTC-4,C00:IMRPhenomXPHM-SpinTaylor,M_total - final_mass_source_non_evolved,74.4822,6.218825,0.040635,0.690092,66.2152,0.0,0.0,5.305897,0.189981,132.544859,5.39197,0.21077,132.458787,5.309012,0.27811,132.541744,1,1,14592
IGWN-GWTC4p0-0f954158d_720-GW231129_081745-combined_PEDataRelease.hdf5,GWTC-4,C00:IMRPhenomXPHM-SpinTaylor,M_total - final_mass_source_non_evolved,69.5676,6.120344,0.027397,0.665749,62.4189,0.0,0.0,5.262584,0.160435,132.489692,5.342946,0.179009,132.40933,5.261986,0.198878,132.49029,1,1,14785
IGWN-GWTC4p0-0f954158d_720-GW231206_233134-combined_PEDataRelease.hdf5,GWTC-4,C00:IMRPhenomXPHM-SpinTaylor,M_total - final_mass_source_non_evolved,62.6127,5.968383,-0.090064,0.669069,55.8079,0.0,0.0,5.317787,0.07223,132.282528,5.400901,0.083352,132.199415,5.316621,0.219487,132.283694,1,1,13230
IGWN-GWTC4p0-0f954158d_720-GW231206_233901-combined_PEDataRelease.hdf5,GWTC-4,C00:IMRPhenomXPHM-SpinTaylor,M_total - final_mass_source_non_evolved,66.5665,6.056725,-0.029252,0.686799,59.0594,0.0,0.0,5.336658,0.064416,132.351998,5.423534,0.073177,132.265122,5.335205,0.1499,132.353452,1,1,15034
IGWN-GWTC4p0-0f954158d_720-GW231213_111417-combined_PEDataRelease.hdf5,GWTC-4,C00:IMRPhenomXPHM-SpinTaylor,M_total - final_mass_source_non_evolved,62.6177,5.968499,0.076699,0.721134,54.7877,0.0,0.0,5.380196,0.090402,132.220235,5.476574,0.104299,132.123857,5.37882,0.17034,132.22161,1,1,14380
IGWN-GWTC4p0-0f954158d_720-GW231221_135041-combined_PEDataRelease.hdf5,GWTC-4,C00:IMRPhenomXPHM-SpinTaylor,M_total - final_mass_source_non_evolved,77.258,6.271613,0.03933,0.703698,68.1442,0.0,0.0,5.298569,0.200769,132.604977,5.385997,0.216837,132.517548,5.301981,0.299822,132.601564,1,1,16198
IGWN-GWTC4p0-0f954158d_720-GW231223_032836-combined_PEDataRelease.hdf5,GWTC-4,C00:IMRPhenomXPHM-SpinTaylor,M_total - final_mass_source_non_evolved,77.5766,6.277549,-0.161592,0.6309,70.2689,0.0,0.0,5.239425,0.168712,132.670056,5.310865,0.185333,132.598616,5.242065,0.353698,132.667416,1,1,15011
IGWN-GWTC4p0-0f954158d_720-GW231223_075055-combined_PEDataRelease.hdf5,GWTC-4,C00:IMRPhenomXPHM-SpinTaylor,M_total - final_mass_source_non_evolved,19.0328,4.250414,0.072083,0.695113,16.8569,0.0,0.0,5.290732,0.137727,130.591613,5.376762,0.143195,130.505583,5.287693,0.171203,130.594653,1,1,18392
IGWN-GWTC4p0-0f954158d_720-GW231223_202619-combined_PEDataRelease.hdf5,GWTC-4,C00:IMRPhenomXPHM-SpinTaylor,M_total - final_mass_source_non_evolved,19.7013,4.300221,0.104971,0.715847,17.2426,0.0,0.0,5.378161,0.068184,130.553992,5.473168,0.074629,130.458984,5.377203,0.104081,130.55495,1,1,13892
IGWN-GWTC4p0-0f954158d_720-GW231224_024321-combined_PEDataRelease.hdf5,GWTC-4,C00:IMRPhenomXPHM-SpinTaylor,M_total - final_mass_source_non_evolved,16.6908,4.060978,-0.005159,0.685395,14.7764,0.0,0.0,5.348177,0.037431,130.344733,5.435802,0.04062,130.257108,5.347451,0.108968,130.345459,1,1,16775
IGWN-GWTC4p0-0f954158d_720-GW231226_101520-combined_PEDataRelease.hdf5,GWTC-4,C00:IMRPhenomXPHM-SpinTaylor,M_total - final_mass_source_non_evolved,75.1941,6.232548,-0.073805,0.674509,66.7995,0.0,0.0,5.339032,0.025818,132.525448,5.423641,0.029375,132.440839,5.338581,0.114289,132.525898,1,1,15030
IGWN-GWTC4p0-0f954158d_720-GW231230_170116-combined_PEDataRelease.hdf5,GWTC-4,C00:IMRPhenomXPHM-SpinTaylor,M_total - final_mass_source_non_evolved,87.7908,6.455998,-0.216677,0.611213,79.912,0.0,0.0,5.228653,0.183052,132.859277,5.297167,0.19673,132.790763,5.235635,0.372588,132.852295,1,1,15694
IGWN-GWTC4p0-0f954158d_720-GW231231_154016-combined_PEDataRelease.hdf5,GWTC-4,C00:IMRPhenomXPHM-SpinTaylor,M_total - final_mass_source_non_evolved,40.0007,5.321953,-0.028649,0.67259,35.588,0.0,0.0,5.33127,0.045913,131.622615,5.415306,0.051759,131.538579,5.330314,0.107356,131.623571,1,1,13245
IGWN-GWTC4p0-0f954158d_720-GW240104_164932-combined_PEDataRelease.hdf5,GWTC-4,C00:IMRPhenomXPHM-SpinTaylor,M_total - final_mass_source_non_evolved,75.2684,6.233973,0.125542,0.747228,65.218,0.0,0.0,5.398803,0.080533,132.467102,5.501773,0.092294,132.364133,5.397631,0.157744,132.468274,1,1,14325
IGWN-GWTC4p0-0f954158d_720-GW240107_013215-combined_PEDataRelease.hdf5,GWTC-4,C00:IMRPhenomXPHM-SpinTaylor,M_total - final_mass_source_non_evolved,89.5545,6.484694,0.338748,0.789638,76.882,0.0,0.0,5.369864,0.282283,132.746761,5.48055,0.309887,132.636076,5.37155,0.311099,132.745075,1,1,18048
IGWN-GWTC4p0-0f954158d_720-GW240109_050431-combined_PEDataRelease.hdf5,GWTC-4,C00:IMRPhenomXPHM-SpinTaylor,M_total - final_mass_source_non_evolved,47.299,5.563738,-0.07599,0.637468,42.6509,0.0,0.0,5.257511,0.085999,131.938159,5.33132,0.096405,131.864349,5.256767,0.171303,131.938903,1,1,15285
