gamma,mean_n,median_n,chi2,delta_n
0.050000,4.132531,4.202945,1.39586951,-1.181469
0.050551,4.140430,4.210844,1.37726622,-1.173570
0.051101,4.148244,4.218658,1.35898722,-1.165756
0.051652,4.155974,4.226388,1.34102427,-1.158026
0.052202,4.163622,4.234036,1.32336938,-1.150378
0.052753,4.171190,4.241604,1.30601487,-1.142810
0.053303,4.178679,4.249093,1.28895330,-1.135321
0.053854,4.186092,4.256506,1.27217751,-1.127908
0.054404,4.193428,4.263842,1.25568057,-1.120572
0.054955,4.200692,4.271106,1.23945577,-1.113308
0.055506,4.207882,4.278296,1.22349664,-1.106118
0.056056,4.215002,4.285416,1.20779691,-1.098998
0.056607,4.222052,4.292466,1.19235053,-1.091948
0.057157,4.229034,4.299448,1.17715162,-1.084966
0.057708,4.235949,4.306363,1.16219450,-1.078051
0.058258,4.242798,4.313212,1.14747368,-1.071202
0.058809,4.249583,4.319997,1.13298382,-1.064417
0.059359,4.256304,4.326719,1.11871978,-1.057696
0.059910,4.262964,4.333378,1.10467653,-1.051036
0.060460,4.269563,4.339977,1.09084923,-1.044437
0.061011,4.276102,4.346516,1.07723318,-1.037898
0.061562,4.282582,4.352996,1.06382381,-1.031418
0.062112,4.289004,4.359418,1.05061670,-1.024996
0.062663,4.295370,4.365784,1.03760754,-1.018630
0.063213,4.301680,4.372094,1.02479216,-1.012320
0.063764,4.307935,4.378349,1.01216652,-1.006065
0.064314,4.314137,4.384551,0.99972667,-0.999863
0.064865,4.320285,4.390699,0.98746880,-0.993715
0.065415,4.326382,4.396796,0.97538919,-0.987618
0.065966,4.332428,4.402842,0.96348422,-0.981572
0.066517,4.338423,4.408837,0.95175040,-0.975577
0.067067,4.344369,4.414783,0.94018429,-0.969631
0.067618,4.350266,4.420680,0.92878259,-0.963734
0.068168,4.356116,4.426530,0.91754206,-0.957884
0.068719,4.361918,4.432332,0.90645955,-0.952082
0.069269,4.367674,4.438088,0.89553202,-0.946326
0.069820,4.373385,4.443799,0.88475648,-0.940615
0.070370,4.379051,4.449465,0.87413003,-0.934949
0.070921,4.384672,4.455086,0.86364984,-0.929328
0.071471,4.390250,4.460665,0.85331317,-0.923750
0.072022,4.395786,4.466200,0.84311734,-0.918214
0.072573,4.401279,4.471693,0.83305973,-0.912721
0.073123,4.406731,4.477145,0.82313780,-0.907269
0.073674,4.412141,4.482555,0.81334906,-0.901859
0.074224,4.417512,4.487926,0.80369111,-0.896488
0.074775,4.422843,4.493257,0.79416157,-0.891157
0.075325,4.428134,4.498548,0.78475815,-0.885866
0.075876,4.433387,4.503801,0.77547861,-0.880613
0.076426,4.438603,4.509017,0.76632074,-0.875397
0.076977,4.443780,4.514194,0.75728242,-0.870220
0.077528,4.448921,4.519335,0.74836156,-0.865079
0.078078,4.454026,4.524440,0.73955613,-0.859974
0.078629,4.459094,4.529508,0.73086413,-0.854906
0.079179,4.464127,4.534541,0.72228362,-0.849873
0.079730,4.469126,4.539540,0.71381271,-0.844874
0.080280,4.474090,4.544504,0.70544954,-0.839910
0.080831,4.479020,4.549434,0.69719231,-0.834980
0.081381,4.483916,4.554330,0.68903925,-0.830084
0.081932,4.488780,4.559194,0.68098862,-0.825220
0.082482,4.493611,4.564025,0.67303874,-0.820389
0.083033,4.498409,4.568823,0.66518797,-0.815591
0.083584,4.503177,4.573591,0.65743468,-0.810823
0.084134,4.507912,4.578326,0.64977729,-0.806088
0.084685,4.512617,4.583031,0.64221427,-0.801383
0.085235,4.517292,4.587706,0.63474410,-0.796708
0.085786,4.521936,4.592350,0.62736531,-0.792064
0.086336,4.526551,4.596965,0.62007644,-0.787449
0.086887,4.531136,4.601550,0.61287610,-0.782864
0.087437,4.535692,4.606106,0.60576288,-0.778308
0.087988,4.540220,4.610634,0.59873545,-0.773780
0.088539,4.544720,4.615134,0.59179246,-0.769280
0.089089,4.549191,4.619605,0.58493263,-0.764809
0.089640,4.553635,4.624049,0.57815469,-0.760365
0.090190,4.558052,4.628466,0.57145738,-0.755948
0.090741,4.562442,4.632856,0.56483949,-0.751558
0.091291,4.566805,4.637219,0.55829983,-0.747195
0.091842,4.571143,4.641557,0.55183723,-0.742857
0.092392,4.575454,4.645868,0.54545054,-0.738546
0.092943,4.579739,4.650153,0.53913863,-0.734261
0.093493,4.584000,4.654414,0.53290041,-0.730000
0.094044,4.588235,4.658649,0.52673480,-0.725765
0.094595,4.592446,4.662860,0.52064074,-0.721554
0.095145,4.596632,4.667046,0.51461719,-0.717368
0.095696,4.600794,4.671208,0.50866315,-0.713206
0.096246,4.604932,4.675346,0.50277761,-0.709068
0.096797,4.609046,4.679460,0.49695959,-0.704954
0.097347,4.613138,4.683552,0.49120815,-0.700862
0.097898,4.617206,4.687620,0.48552233,-0.696794
0.098448,4.621251,4.691665,0.47990122,-0.692749
0.098999,4.625274,4.695688,0.47434391,-0.688726
0.099550,4.629274,4.699688,0.46884952,-0.684726
0.100100,4.633252,4.703667,0.46341717,-0.680748
0.100651,4.637209,4.707623,0.45804601,-0.676791
0.101201,4.641144,4.711558,0.45273521,-0.672856
0.101752,4.645058,4.715472,0.44748393,-0.668942
0.102302,4.648950,4.719364,0.44229138,-0.665050
0.102853,4.652822,4.723236,0.43715676,-0.661178
0.103403,4.656673,4.727087,0.43207928,-0.657327
0.103954,4.660503,4.730917,0.42705820,-0.653497
0.104505,4.664313,4.734727,0.42209275,-0.649687
0.105055,4.668104,4.738518,0.41718219,-0.645896
0.105606,4.671874,4.742288,0.41232581,-0.642126
0.106156,4.675625,4.746039,0.40752289,-0.638375
0.106707,4.679356,4.749770,0.40277274,-0.634644
0.107257,4.683068,4.753482,0.39807466,-0.630932
0.107808,4.686762,4.757176,0.39342799,-0.627238
0.108358,4.690436,4.760850,0.38883206,-0.623564
0.108909,4.694092,4.764506,0.38428621,-0.619908
0.109459,4.697729,4.768143,0.37978982,-0.616271
0.110010,4.701348,4.771762,0.37534225,-0.612652
0.110561,4.704949,4.775363,0.37094287,-0.609051
0.111111,4.708532,4.778946,0.36659110,-0.605468
0.111662,4.712098,4.782512,0.36228632,-0.601902
0.112212,4.715646,4.786060,0.35802795,-0.598354
0.112763,4.719176,4.789590,0.35381541,-0.594824
0.113313,4.722689,4.793103,0.34964814,-0.591311
0.113864,4.726186,4.796600,0.34552557,-0.587814
0.114414,4.729665,4.800079,0.34144717,-0.584335
0.114965,4.733128,4.803542,0.33741237,-0.580872
0.115516,4.736574,4.806988,0.33342066,-0.577426
0.116066,4.740004,4.810418,0.32947152,-0.573996
0.116617,4.743417,4.813831,0.32556442,-0.570583
0.117167,4.746815,4.817229,0.32169887,-0.567185
0.117718,4.750197,4.820611,0.31787436,-0.563803
0.118268,4.753562,4.823976,0.31409041,-0.560438
0.118819,4.756912,4.827326,0.31034653,-0.557088
0.119369,4.760247,4.830661,0.30664225,-0.553753
0.119920,4.763566,4.833980,0.30297710,-0.550434
0.120470,4.766871,4.837285,0.29935062,-0.547129
0.121021,4.770160,4.840574,0.29576236,-0.543840
0.121572,4.773434,4.843848,0.29221188,-0.540566
0.122122,4.776693,4.847107,0.28869874,-0.537307
0.122673,4.779938,4.850352,0.28522250,-0.534062
0.123223,4.783168,4.853582,0.28178275,-0.530832
0.123774,4.786384,4.856798,0.27837905,-0.527616
0.124324,4.789585,4.859999,0.27501101,-0.524415
0.124875,4.792772,4.863186,0.27167821,-0.521228
0.125425,4.795946,4.866360,0.26838026,-0.518054
0.125976,4.799105,4.869519,0.26511676,-0.514895
0.126527,4.802251,4.872665,0.26188732,-0.511749
0.127077,4.805383,4.875797,0.25869157,-0.508617
0.127628,4.808501,4.878915,0.25552912,-0.505499
0.128178,4.811606,4.882020,0.25239961,-0.502394
0.128729,4.814698,4.885112,0.24930267,-0.499302
0.129279,4.817776,4.888190,0.24623795,-0.496224
0.129830,4.820842,4.891256,0.24320508,-0.493158
0.130380,4.823894,4.894308,0.24020372,-0.490106
0.130931,4.826934,4.897348,0.23723352,-0.487066
0.131481,4.829961,4.900375,0.23429415,-0.484039
0.132032,4.832975,4.903389,0.23138527,-0.481025
0.132583,4.835976,4.906390,0.22850655,-0.478024
0.133133,4.838966,4.909380,0.22565767,-0.475034
0.133684,4.841942,4.912357,0.22283830,-0.472058
0.134234,4.844907,4.915321,0.22004814,-0.469093
0.134785,4.847860,4.918274,0.21728687,-0.466140
0.135335,4.850800,4.921214,0.21455418,-0.463200
0.135886,4.853729,4.924143,0.21184977,-0.460271
0.136436,4.856645,4.927059,0.20917335,-0.457355
0.136987,4.859550,4.929964,0.20652461,-0.454450
0.137538,4.862443,4.932858,0.20390328,-0.451557
0.138088,4.865325,4.935739,0.20130906,-0.448675
0.138639,4.868195,4.938610,0.19874167,-0.445805
0.139189,4.871054,4.941468,0.19620084,-0.442946
0.139740,4.873902,4.944316,0.19368628,-0.440098
0.140290,4.876738,4.947152,0.19119774,-0.437262
0.140841,4.879564,4.949978,0.18873494,-0.434436
0.141391,4.882378,4.952792,0.18629761,-0.431622
0.141942,4.885181,4.955595,0.18388551,-0.428819
0.142492,4.887974,4.958388,0.18149837,-0.426026
0.143043,4.890755,4.961169,0.17913595,-0.423245
0.143594,4.893526,4.963940,0.17679798,-0.420474
0.144144,4.896287,4.966701,0.17448424,-0.417713
0.144695,4.899037,4.969451,0.17219446,-0.414963
0.145245,4.901776,4.972190,0.16992842,-0.412224
0.145796,4.904505,4.974919,0.16768587,-0.409495
0.146346,4.907224,4.977638,0.16546659,-0.406776
0.146897,4.909933,4.980347,0.16327035,-0.404067
0.147447,4.912631,4.983045,0.16109691,-0.401369
0.147998,4.915320,4.985734,0.15894605,-0.398680
0.148549,4.917998,4.988412,0.15681755,-0.396002
0.149099,4.920667,4.991081,0.15471120,-0.393333
0.149650,4.923325,4.993739,0.15262677,-0.390675
0.150200,4.925974,4.996388,0.15056406,-0.388026
0.150751,4.928613,4.999027,0.14852285,-0.385387
0.151301,4.931243,5.001657,0.14650293,-0.382757
0.151852,4.933863,5.004277,0.14450411,-0.380137
0.152402,4.936474,5.006888,0.14252618,-0.377526
0.152953,4.939075,5.009489,0.14056893,-0.374925
0.153504,4.941667,5.012081,0.13863218,-0.372333
0.154054,4.944249,5.014663,0.13671572,-0.369751
0.154605,4.946822,5.017236,0.13481937,-0.367178
0.155155,4.949387,5.019801,0.13294293,-0.364613
0.155706,4.951942,5.022356,0.13108622,-0.362058
0.156256,4.954488,5.024902,0.12924905,-0.359512
0.156807,4.957025,5.027439,0.12743124,-0.356975
0.157357,4.959553,5.029967,0.12563260,-0.354447
0.157908,4.962072,5.032487,0.12385297,-0.351928
0.158458,4.964583,5.034997,0.12209216,-0.349417
0.159009,4.967085,5.037499,0.12034999,-0.346915
0.159560,4.969578,5.039992,0.11862630,-0.344422
0.160110,4.972063,5.042477,0.11692092,-0.341937
0.160661,4.974539,5.044953,0.11523367,-0.339461
0.161211,4.977007,5.047421,0.11356440,-0.336993
0.161762,4.979466,5.049880,0.11191294,-0.334534
0.162312,4.981917,5.052331,0.11027912,-0.332083
0.162863,4.984360,5.054774,0.10866278,-0.329640
0.163413,4.986794,5.057208,0.10706377,-0.327206
0.163964,4.989220,5.059634,0.10548194,-0.324780
0.164515,4.991638,5.062052,0.10391712,-0.322362
0.165065,4.994048,5.064462,0.10236916,-0.319952
0.165616,4.996450,5.066864,0.10083791,-0.317550
0.166166,4.998844,5.069258,0.09932323,-0.315156
0.166717,5.001230,5.071644,0.09782497,-0.312770
0.167267,5.003608,5.074022,0.09634297,-0.310392
0.167818,5.005979,5.076393,0.09487710,-0.308021
0.168368,5.008341,5.078755,0.09342721,-0.305659
0.168919,5.010696,5.081110,0.09199317,-0.303304
0.169469,5.013043,5.083457,0.09057483,-0.300957
0.170020,5.015383,5.085797,0.08917205,-0.298617
0.170571,5.017715,5.088129,0.08778471,-0.296285
0.171121,5.020040,5.090454,0.08641266,-0.293960
0.171672,5.022357,5.092771,0.08505577,-0.291643
0.172222,5.024666,5.095080,0.08371391,-0.289334
0.172773,5.026969,5.097383,0.08238695,-0.287031
0.173323,5.029264,5.099678,0.08107477,-0.284736
0.173874,5.031551,5.101965,0.07977723,-0.282449
0.174424,5.033832,5.104246,0.07849421,-0.280168
0.174975,5.036105,5.106519,0.07722558,-0.277895
0.175526,5.038371,5.108785,0.07597123,-0.275629
0.176076,5.040630,5.111044,0.07473103,-0.273370
0.176627,5.042882,5.113296,0.07350486,-0.271118
0.177177,5.045127,5.115541,0.07229260,-0.268873
0.177728,5.047365,5.117779,0.07109413,-0.266635
0.178278,5.049596,5.120010,0.06990934,-0.264404
0.178829,5.051820,5.122234,0.06873812,-0.262180
0.179379,5.054038,5.124452,0.06758034,-0.259962
0.179930,5.056248,5.126662,0.06643590,-0.257752
0.180480,5.058452,5.128866,0.06530468,-0.255548
0.181031,5.060649,5.131063,0.06418658,-0.253351
0.181582,5.062840,5.133254,0.06308149,-0.251160
0.182132,5.065024,5.135438,0.06198929,-0.248976
0.182683,5.067201,5.137615,0.06090988,-0.246799
0.183233,5.069371,5.139785,0.05984316,-0.244629
0.183784,5.071536,5.141950,0.05878902,-0.242464
0.184334,5.073693,5.144107,0.05774736,-0.240307
0.184885,5.075844,5.146258,0.05671808,-0.238156
0.185435,5.077989,5.148403,0.05570107,-0.236011
0.185986,5.080128,5.150542,0.05469623,-0.233872
0.186537,5.082260,5.152674,0.05370347,-0.231740
0.187087,5.084386,5.154800,0.05272269,-0.229614
0.187638,5.086505,5.156919,0.05175379,-0.227495
0.188188,5.088619,5.159033,0.05079667,-0.225381
0.188739,5.090726,5.161140,0.04985125,-0.223274
0.189289,5.092827,5.163241,0.04891742,-0.221173
0.189840,5.094922,5.165336,0.04799509,-0.219078
0.190390,5.097011,5.167425,0.04708418,-0.216989
0.190941,5.099094,5.169508,0.04618458,-0.214906
0.191491,5.101171,5.171585,0.04529621,-0.212829
0.192042,5.103242,5.173656,0.04441899,-0.210758
0.192593,5.105307,5.175721,0.04355281,-0.208693
0.193143,5.107366,5.177780,0.04269760,-0.206634
0.193694,5.109419,5.179833,0.04185327,-0.204581
0.194244,5.111467,5.181881,0.04101973,-0.202533
0.194795,5.113508,5.183922,0.04019690,-0.200492
0.195345,5.115544,5.185958,0.03938470,-0.198456
0.195896,5.117574,5.187988,0.03858303,-0.196426
0.196446,5.119599,5.190013,0.03779182,-0.194401
0.196997,5.121618,5.192032,0.03701099,-0.192382
0.197548,5.123631,5.194045,0.03624045,-0.190369
0.198098,5.125638,5.196052,0.03548013,-0.188362
0.198649,5.127640,5.198054,0.03472995,-0.186360
0.199199,5.129637,5.200051,0.03398982,-0.184363
0.199750,5.131628,5.202042,0.03325968,-0.182372
0.200300,5.133613,5.204027,0.03253944,-0.180387
0.200851,5.135593,5.206007,0.03182903,-0.178407
0.201401,5.137568,5.207982,0.03112838,-0.176432
0.201952,5.139537,5.209951,0.03043740,-0.174463
0.202503,5.141501,5.211915,0.02975602,-0.172499
0.203053,5.143459,5.213873,0.02908418,-0.170541
0.203604,5.145412,5.215826,0.02842180,-0.168588
0.204154,5.147360,5.217774,0.02776881,-0.166640
0.204705,5.149303,5.219717,0.02712513,-0.164697
0.205255,5.151240,5.221654,0.02649070,-0.162760
0.205806,5.153173,5.223587,0.02586544,-0.160827
0.206356,5.155100,5.225514,0.02524930,-0.158900
0.206907,5.157022,5.227436,0.02464219,-0.156978
0.207457,5.158939,5.229353,0.02404406,-0.155061
0.208008,5.160850,5.231264,0.02345482,-0.153150
0.208559,5.162757,5.233171,0.02287443,-0.151243
0.209109,5.164659,5.235073,0.02230281,-0.149341
0.209660,5.166555,5.236969,0.02173990,-0.147445
0.210210,5.168447,5.238861,0.02118563,-0.145553
0.210761,5.170334,5.240748,0.02063994,-0.143666
0.211311,5.172216,5.242630,0.02010276,-0.141784
0.211862,5.174093,5.244507,0.01957404,-0.139907
0.212412,5.175965,5.246379,0.01905371,-0.138035
0.212963,5.177832,5.248246,0.01854171,-0.136168
0.213514,5.179694,5.250108,0.01803797,-0.134306
0.214064,5.181552,5.251966,0.01754245,-0.132448
0.214615,5.183405,5.253819,0.01705507,-0.130595
0.215165,5.185253,5.255667,0.01657578,-0.128747
0.215716,5.187096,5.257510,0.01610452,-0.126904
0.216266,5.188935,5.259349,0.01564123,-0.125065
0.216817,5.190769,5.261183,0.01518585,-0.123231
0.217367,5.192598,5.263012,0.01473833,-0.121402
0.217918,5.194423,5.264837,0.01429861,-0.119577
0.218468,5.196243,5.266657,0.01386664,-0.117757
0.219019,5.198059,5.268473,0.01344235,-0.115941
0.219570,5.199870,5.270284,0.01302569,-0.114130
0.220120,5.201676,5.272090,0.01261661,-0.112324
0.220671,5.203478,5.273892,0.01221506,-0.110522
0.221221,5.205276,5.275690,0.01182098,-0.108724
0.221772,5.207069,5.277483,0.01143431,-0.106931
0.222322,5.208857,5.279271,0.01105501,-0.105143
0.222873,5.210641,5.281055,0.01068302,-0.103359
0.223423,5.212421,5.282835,0.01031829,-0.101579
0.223974,5.214196,5.284610,0.00996077,-0.099804
0.224525,5.215967,5.286381,0.00961041,-0.098033
0.225075,5.217734,5.288148,0.00926716,-0.096266
0.225626,5.219496,5.289910,0.00893096,-0.094504
0.226176,5.221254,5.291668,0.00860177,-0.092746
0.226727,5.223008,5.293422,0.00827954,-0.090992
0.227277,5.224758,5.295172,0.00796422,-0.089242
0.227828,5.226503,5.296917,0.00765577,-0.087497
0.228378,5.228244,5.298658,0.00735412,-0.085756
0.228929,5.229981,5.300395,0.00705925,-0.084019
0.229479,5.231713,5.302127,0.00677109,-0.082287
0.230030,5.233442,5.303856,0.00648961,-0.080558
0.230581,5.235166,5.305580,0.00621475,-0.078834
0.231131,5.236887,5.307301,0.00594648,-0.077113
0.231682,5.238603,5.309017,0.00568474,-0.075397
0.232232,5.240315,5.310729,0.00542949,-0.073685
0.232783,5.242023,5.312437,0.00518069,-0.071977
0.233333,5.243727,5.314141,0.00493830,-0.070273
0.233884,5.245427,5.315841,0.00470225,-0.068573
0.234434,5.247123,5.317537,0.00447253,-0.066877
0.234985,5.248815,5.319229,0.00424907,-0.065185
0.235536,5.250503,5.320917,0.00403185,-0.063497
0.236086,5.252187,5.322601,0.00382081,-0.061813
0.236637,5.253868,5.324282,0.00361592,-0.060132
0.237187,5.255544,5.325958,0.00341712,-0.058456
0.237738,5.257216,5.327630,0.00322439,-0.056784
0.238288,5.258885,5.329299,0.00303768,-0.055115
0.238839,5.260550,5.330964,0.00285695,-0.053450
0.239389,5.262210,5.332624,0.00268216,-0.051790
0.239940,5.263867,5.334281,0.00251327,-0.050133
0.240490,5.265521,5.335935,0.00235024,-0.048479
0.241041,5.267170,5.337584,0.00219303,-0.046830
0.241592,5.268816,5.339230,0.00204160,-0.045184
0.242142,5.270458,5.340872,0.00189592,-0.043542
0.242693,5.272096,5.342510,0.00175594,-0.041904
0.243243,5.273731,5.344145,0.00162162,-0.040269
0.243794,5.275361,5.345776,0.00149293,-0.038639
0.244344,5.276989,5.347403,0.00136984,-0.037011
0.244895,5.278612,5.349026,0.00125230,-0.035388
0.245445,5.280232,5.350646,0.00114028,-0.033768
0.245996,5.281848,5.352262,0.00103374,-0.032152
0.246547,5.283461,5.353875,0.00093264,-0.030539
0.247097,5.285070,5.355484,0.00083696,-0.028930
0.247648,5.286675,5.357089,0.00074664,-0.027325
0.248198,5.288277,5.358691,0.00066167,-0.025723
0.248749,5.289875,5.360289,0.00058200,-0.024125
0.249299,5.291470,5.361884,0.00050759,-0.022530
0.249850,5.293061,5.363475,0.00043842,-0.020939
0.250400,5.294649,5.365063,0.00037445,-0.019351
0.250951,5.296233,5.366648,0.00031565,-0.017767
0.251502,5.297814,5.368228,0.00026198,-0.016186
0.252052,5.299392,5.369806,0.00021340,-0.014608
0.252603,5.300966,5.371380,0.00016990,-0.013034
0.253153,5.302536,5.372950,0.00013142,-0.011464
0.253704,5.304103,5.374517,0.00009795,-0.009897
0.254254,5.305667,5.376081,0.00006944,-0.008333
0.254805,5.307227,5.377641,0.00004587,-0.006773
0.255355,5.308784,5.379198,0.00002721,-0.005216
0.255906,5.310338,5.380752,0.00001341,-0.003662
0.256456,5.311888,5.382302,0.00000446,-0.002112
0.257007,5.313435,5.383849,0.00000032,-0.000565
0.257558,5.314978,5.385392,0.00000096,0.000978
0.258108,5.316519,5.386933,0.00000634,0.002519
0.258659,5.318056,5.388470,0.00001645,0.004056
0.259209,5.319589,5.390003,0.00003124,0.005589
0.259760,5.321120,5.391534,0.00005069,0.007120
0.260310,5.322647,5.393061,0.00007477,0.008647
0.260861,5.324171,5.394585,0.00010345,0.010171
0.261411,5.325692,5.396106,0.00013670,0.011692
0.261962,5.327209,5.397623,0.00017449,0.013209
0.262513,5.328724,5.399138,0.00021679,0.014724
0.263063,5.330235,5.400649,0.00026358,0.016235
0.263614,5.331743,5.402157,0.00031482,0.017743
0.264164,5.333248,5.403662,0.00037049,0.019248
0.264715,5.334750,5.405164,0.00043056,0.020750
0.265265,5.336249,5.406663,0.00049500,0.022249
0.265816,5.337744,5.408158,0.00056379,0.023744
0.266366,5.339237,5.409651,0.00063689,0.025237
0.266917,5.340726,5.411140,0.00071429,0.026726
0.267467,5.342212,5.412627,0.00079594,0.028212
0.268018,5.343696,5.414110,0.00088184,0.029696
0.268569,5.345176,5.415590,0.00097194,0.031176
0.269119,5.346653,5.417067,0.00106623,0.032653
0.269670,5.348127,5.418541,0.00116468,0.034127
0.270220,5.349599,5.420013,0.00126726,0.035599
0.270771,5.351067,5.421481,0.00137395,0.037067
0.271321,5.352532,5.422946,0.00148471,0.038532
0.271872,5.353994,5.424408,0.00159954,0.039994
0.272422,5.355454,5.425868,0.00171839,0.041454
0.272973,5.356910,5.427324,0.00184125,0.042910
0.273524,5.358363,5.428777,0.00196810,0.044363
0.274074,5.359814,5.430228,0.00209890,0.045814
0.274625,5.361261,5.431675,0.00223363,0.047261
0.275175,5.362706,5.433120,0.00237227,0.048706
0.275726,5.364148,5.434562,0.00251479,0.050148
0.276276,5.365587,5.436001,0.00266118,0.051587
0.276827,5.367023,5.437437,0.00281140,0.053023
0.277377,5.368456,5.438870,0.00296544,0.054456
0.277928,5.369886,5.440300,0.00312327,0.055886
0.278478,5.371314,5.441728,0.00328486,0.057314
0.279029,5.372738,5.443152,0.00345020,0.058738
0.279580,5.374160,5.444574,0.00361926,0.060160
0.280130,5.375579,5.445993,0.00379202,0.061579
0.280681,5.376996,5.447410,0.00396845,0.062996
0.281231,5.378409,5.448823,0.00414854,0.064409
0.281782,5.379820,5.450234,0.00433227,0.065820
0.282332,5.381228,5.451642,0.00451960,0.067228
0.282883,5.382633,5.453047,0.00471052,0.068633
0.283433,5.384036,5.454450,0.00490501,0.070036
0.283984,5.385436,5.455850,0.00510304,0.071436
0.284535,5.386833,5.457247,0.00530460,0.072833
0.285085,5.388227,5.458641,0.00550966,0.074227
0.285636,5.389619,5.460033,0.00571820,0.075619
0.286186,5.391008,5.461422,0.00593020,0.077008
0.286737,5.392394,5.462808,0.00614564,0.078394
0.287287,5.393778,5.464192,0.00636451,0.079778
0.287838,5.395159,5.465573,0.00658677,0.081159
0.288388,5.396537,5.466951,0.00681241,0.082537
0.288939,5.397913,5.468327,0.00704141,0.083913
0.289489,5.399286,5.469700,0.00727375,0.085286
0.290040,5.400657,5.471071,0.00750941,0.086657
0.290591,5.402025,5.472439,0.00774836,0.088025
0.291141,5.403390,5.473804,0.00799060,0.089390
0.291692,5.404753,5.475167,0.00823609,0.090753
0.292242,5.406113,5.476527,0.00848483,0.092113
0.292793,5.407471,5.477885,0.00873679,0.093471
0.293343,5.408826,5.479240,0.00899195,0.094826
0.293894,5.410178,5.480592,0.00925030,0.096178
0.294444,5.411529,5.481943,0.00951181,0.097529
0.294995,5.412876,5.483290,0.00977647,0.098876
0.295546,5.414221,5.484635,0.01004425,0.100221
0.296096,5.415564,5.485978,0.01031515,0.101564
0.296647,5.416904,5.487318,0.01058913,0.102904
0.297197,5.418241,5.488655,0.01086619,0.104241
0.297748,5.419576,5.489990,0.01114631,0.105576
0.298298,5.420909,5.491323,0.01142946,0.106909
0.298849,5.422239,5.492653,0.01171563,0.108239
0.299399,5.423566,5.493980,0.01200481,0.109566
0.299950,5.424892,5.495306,0.01229696,0.110892
0.300501,5.426214,5.496629,0.01259209,0.112214
0.301051,5.427535,5.497949,0.01289016,0.113535
0.301602,5.428853,5.499267,0.01319117,0.114853
0.302152,5.430168,5.500582,0.01349510,0.116168
0.302703,5.431482,5.501896,0.01380192,0.117482
0.303253,5.432792,5.503206,0.01411162,0.118792
0.303804,5.434101,5.504515,0.01442419,0.120101
0.304354,5.435407,5.505821,0.01473961,0.121407
0.304905,5.436710,5.507124,0.01505786,0.122710
0.305455,5.438012,5.508426,0.01537892,0.124012
0.306006,5.439311,5.509725,0.01570279,0.125311
0.306557,5.440607,5.511021,0.01602944,0.126607
0.307107,5.441902,5.512316,0.01635885,0.127902
0.307658,5.443194,5.513608,0.01669102,0.129194
0.308208,5.444483,5.514897,0.01702592,0.130483
0.308759,5.445771,5.516185,0.01736355,0.131771
0.309309,5.447056,5.517470,0.01770388,0.133056
0.309860,5.448339,5.518753,0.01804689,0.134339
0.310410,5.449619,5.520033,0.01839258,0.135619
0.310961,5.450898,5.521312,0.01874093,0.136898
0.311512,5.452174,5.522588,0.01909192,0.138174
0.312062,5.453447,5.523861,0.01944554,0.139447
0.312613,5.454719,5.525133,0.01980177,0.140719
0.313163,5.455988,5.526402,0.02016060,0.141988
0.313714,5.457255,5.527669,0.02052202,0.143255
0.314264,5.458520,5.528934,0.02088600,0.144520
0.314815,5.459783,5.530197,0.02125254,0.145783
0.315365,5.461043,5.531457,0.02162161,0.147043
0.315916,5.462301,5.532715,0.02199321,0.148301
0.316466,5.463557,5.533971,0.02236733,0.149557
0.317017,5.464811,5.535225,0.02274394,0.150811
0.317568,5.466063,5.536477,0.02312303,0.152063
0.318118,5.467312,5.537726,0.02350459,0.153312
0.318669,5.468559,5.538973,0.02388860,0.154559
0.319219,5.469805,5.540219,0.02427506,0.155805
0.319770,5.471048,5.541462,0.02466394,0.157048
0.320320,5.472288,5.542702,0.02505523,0.158288
0.320871,5.473527,5.543941,0.02544893,0.159527
0.321421,5.474764,5.545178,0.02584501,0.160764
0.321972,5.475998,5.546412,0.02624346,0.161998
0.322523,5.477231,5.547645,0.02664427,0.163231
0.323073,5.478461,5.548875,0.02704743,0.164461
0.323624,5.479689,5.550103,0.02745293,0.165689
0.324174,5.480915,5.551329,0.02786074,0.166915
0.324725,5.482139,5.552553,0.02827086,0.168139
0.325275,5.483361,5.553775,0.02868327,0.169361
0.325826,5.484581,5.554995,0.02909797,0.170581
0.326376,5.485799,5.556213,0.02951493,0.171799
0.326927,5.487015,5.557429,0.02993415,0.173015
0.327477,5.488229,5.558643,0.03035561,0.174229
0.328028,5.489440,5.559854,0.03077931,0.175440
0.328579,5.490650,5.561064,0.03120522,0.176650
0.329129,5.491858,5.562272,0.03163334,0.177858
0.329680,5.493063,5.563477,0.03206365,0.179063
0.330230,5.494267,5.564681,0.03249615,0.180267
0.330781,5.495468,5.565883,0.03293081,0.181468
0.331331,5.496668,5.567082,0.03336764,0.182668
0.331882,5.497866,5.568280,0.03380660,0.183866
0.332432,5.499061,5.569475,0.03424770,0.185061
0.332983,5.500255,5.570669,0.03469093,0.186255
0.333534,5.501447,5.571861,0.03513626,0.187447
0.334084,5.502636,5.573050,0.03558370,0.188636
0.334635,5.503824,5.574238,0.03603322,0.189824
0.335185,5.505010,5.575424,0.03648481,0.191010
0.335736,5.506194,5.576608,0.03693847,0.192194
0.336286,5.507376,5.577790,0.03739418,0.193376
0.336837,5.508556,5.578970,0.03785194,0.194556
0.337387,5.509734,5.580148,0.03831172,0.195734
0.337938,5.510910,5.581324,0.03877353,0.196910
0.338488,5.512084,5.582498,0.03923734,0.198084
0.339039,5.513256,5.583671,0.03970315,0.199256
0.339590,5.514427,5.584841,0.04017094,0.200427
0.340140,5.515595,5.586009,0.04064071,0.201595
0.340691,5.516762,5.587176,0.04111245,0.202762
0.341241,5.517927,5.588341,0.04158614,0.203927
0.341792,5.519090,5.589504,0.04206177,0.205090
0.342342,5.520251,5.590665,0.04253933,0.206251
0.342893,5.521410,5.591824,0.04301882,0.207410
0.343443,5.522567,5.592981,0.04350022,0.208567
0.343994,5.523722,5.594136,0.04398352,0.209722
0.344545,5.524876,5.595290,0.04446870,0.210876
0.345095,5.526028,5.596442,0.04495577,0.212028
0.345646,5.527178,5.597592,0.04544471,0.213178
0.346196,5.528326,5.598740,0.04593551,0.214326
0.346747,5.529472,5.599886,0.04642816,0.215472
0.347297,5.530616,5.601030,0.04692265,0.216616
0.347848,5.531759,5.602173,0.04741897,0.217759
0.348398,5.532900,5.603314,0.04791711,0.218900
0.348949,5.534039,5.604453,0.04841706,0.220039
0.349499,5.535176,5.605590,0.04891881,0.221176
0.350050,5.536311,5.606725,0.04942235,0.222311
0.350601,5.537445,5.607859,0.04992768,0.223445
0.351151,5.538577,5.608991,0.05043477,0.224577
0.351702,5.539707,5.610121,0.05094362,0.225707
0.352252,5.540835,5.611249,0.05145423,0.226835
0.352803,5.541962,5.612376,0.05196658,0.227962
0.353353,5.543087,5.613501,0.05248066,0.229087
0.353904,5.544210,5.614624,0.05299647,0.230210
0.354454,5.545331,5.615745,0.05351399,0.231331
0.355005,5.546450,5.616864,0.05403322,0.232450
0.355556,5.547568,5.617982,0.05455414,0.233568
0.356106,5.548684,5.619098,0.05507675,0.234684
0.356657,5.549799,5.620213,0.05560104,0.235799
0.357207,5.550911,5.621325,0.05612700,0.236911
0.357758,5.552022,5.622436,0.05665462,0.238022
0.358308,5.553132,5.623546,0.05718389,0.239132
0.358859,5.554239,5.624653,0.05771480,0.240239
0.359409,5.555345,5.625759,0.05824735,0.241345
0.359960,5.556449,5.626863,0.05878152,0.242449
0.360511,5.557551,5.627965,0.05931731,0.243551
0.361061,5.558652,5.629066,0.05985470,0.244652
0.361612,5.559751,5.630165,0.06039369,0.245751
0.362162,5.560849,5.631263,0.06093428,0.246849
0.362713,5.561944,5.632358,0.06147645,0.247944
0.363263,5.563039,5.633453,0.06202018,0.249039
0.363814,5.564131,5.634545,0.06256549,0.250131
0.364364,5.565222,5.635636,0.06311235,0.251222
0.364915,5.566311,5.636725,0.06366076,0.252311
0.365465,5.567398,5.637812,0.06421071,0.253398
0.366016,5.568484,5.638898,0.06476219,0.254484
0.366567,5.569568,5.639982,0.06531520,0.255568
0.367117,5.570651,5.641065,0.06586972,0.256651
0.367668,5.571732,5.642146,0.06642575,0.257732
0.368218,5.572811,5.643225,0.06698328,0.258811
0.368769,5.573889,5.644303,0.06754230,0.259889
0.369319,5.574965,5.645379,0.06810281,0.260965
0.369870,5.576040,5.646454,0.06866479,0.262040
0.370420,5.577113,5.647527,0.06922824,0.263113
0.370971,5.578184,5.648598,0.06979315,0.264184
0.371522,5.579254,5.649668,0.07035951,0.265254
0.372072,5.580322,5.650736,0.07092732,0.266322
0.372623,5.581388,5.651802,0.07149657,0.267388
0.373173,5.582453,5.652867,0.07206724,0.268453
0.373724,5.583517,5.653931,0.07263934,0.269517
0.374274,5.584579,5.654993,0.07321285,0.270579
0.374825,5.585639,5.656053,0.07378777,0.271639
0.375375,5.586698,5.657112,0.07436408,0.272698
0.375926,5.587755,5.658169,0.07494180,0.273755
0.376476,5.588811,5.659225,0.07552089,0.274811
0.377027,5.589865,5.660279,0.07610136,0.275865
0.377578,5.590917,5.661331,0.07668321,0.276917
0.378128,5.591968,5.662382,0.07726641,0.277968
0.378679,5.593018,5.663432,0.07785098,0.279018
0.379229,5.594066,5.664480,0.07843689,0.280066
0.379780,5.595112,5.665526,0.07902414,0.281112
0.380330,5.596157,5.666571,0.07961273,0.282157
0.380881,5.597201,5.667615,0.08020265,0.283201
0.381431,5.598243,5.668657,0.08079388,0.284243
0.381982,5.599283,5.669697,0.08138643,0.285283
0.382533,5.600322,5.670736,0.08198029,0.286322
0.383083,5.601359,5.671773,0.08257545,0.287359
0.383634,5.602395,5.672809,0.08317190,0.288395
0.384184,5.603430,5.673844,0.08376964,0.289430
0.384735,5.604463,5.674877,0.08436865,0.290463
0.385285,5.605494,5.675908,0.08496894,0.291494
0.385836,5.606524,5.676938,0.08557050,0.292524
0.386386,5.607553,5.677967,0.08617331,0.293553
0.386937,5.608580,5.678994,0.08677738,0.294580
0.387487,5.609606,5.680020,0.08738270,0.295606
0.388038,5.610630,5.681044,0.08798925,0.296630
0.388589,5.611653,5.682067,0.08859704,0.297653
0.389139,5.612674,5.683088,0.08920606,0.298674
0.389690,5.613694,5.684108,0.08981629,0.299694
0.390240,5.614712,5.685126,0.09042774,0.300712
0.390791,5.615729,5.686143,0.09104040,0.301729
0.391341,5.616745,5.687159,0.09165426,0.302745
0.391892,5.617759,5.688173,0.09226932,0.303759
0.392442,5.618771,5.689185,0.09288556,0.304771
0.392993,5.619783,5.690197,0.09350299,0.305783
0.393544,5.620792,5.691206,0.09412159,0.306792
0.394094,5.621801,5.692215,0.09474136,0.307801
0.394645,5.622808,5.693222,0.09536230,0.308808
0.395195,5.623813,5.694228,0.09598440,0.309813
0.395746,5.624818,5.695232,0.09660765,0.310818
0.396296,5.625821,5.696235,0.09723204,0.311821
0.396847,5.626822,5.697236,0.09785758,0.312822
0.397397,5.627822,5.698236,0.09848425,0.313822
0.397948,5.628821,5.699235,0.09911204,0.314821
0.398498,5.629818,5.700232,0.09974096,0.315818
0.399049,5.630814,5.701228,0.10037100,0.316814
0.399600,5.631808,5.702222,0.10100215,0.317808
0.400150,5.632802,5.703216,0.10163440,0.318802
0.400701,5.633793,5.704207,0.10226775,0.319793
0.401251,5.634784,5.705198,0.10290220,0.320784
0.401802,5.635773,5.706187,0.10353774,0.321773
0.402352,5.636761,5.707175,0.10417435,0.322761
0.402903,5.637747,5.708161,0.10481205,0.323747
0.403453,5.638732,5.709146,0.10545081,0.324732
0.404004,5.639716,5.710130,0.10609064,0.325716
0.404555,5.640698,5.711112,0.10673153,0.326698
0.405105,5.641679,5.712093,0.10737347,0.327679
0.405656,5.642659,5.713073,0.10801647,0.328659
0.406206,5.643637,5.714051,0.10866050,0.329637
0.406757,5.644614,5.715028,0.10930558,0.330614
0.407307,5.645590,5.716004,0.10995168,0.331590
0.407858,5.646564,5.716978,0.11059882,0.332564
0.408408,5.647537,5.717951,0.11124698,0.333537
0.408959,5.648509,5.718923,0.11189615,0.334509
0.409510,5.649479,5.719893,0.11254633,0.335479
0.410060,5.650448,5.720862,0.11319753,0.336448
0.410611,5.651416,5.721830,0.11384972,0.337416
0.411161,5.652383,5.722797,0.11450291,0.338383
0.411712,5.653348,5.723762,0.11515708,0.339348
0.412262,5.654312,5.724726,0.11581225,0.340312
0.412813,5.655275,5.725689,0.11646839,0.341275
0.413363,5.656236,5.726650,0.11712551,0.342236
0.413914,5.657196,5.727610,0.11778360,0.343196
0.414464,5.658155,5.728569,0.11844266,0.344155
0.415015,5.659113,5.729527,0.11910267,0.345113
0.415566,5.660069,5.730483,0.11976364,0.346069
0.416116,5.661024,5.731438,0.12042556,0.347024
0.416667,5.661978,5.732392,0.12108843,0.347978
0.417217,5.662930,5.733344,0.12175224,0.348930
0.417768,5.663881,5.734295,0.12241698,0.349881
0.418318,5.664831,5.735245,0.12308265,0.350831
0.418869,5.665780,5.736194,0.12374925,0.351780
0.419419,5.666728,5.737142,0.12441677,0.352728
0.419970,5.667674,5.738088,0.12508521,0.353674
0.420521,5.668619,5.739033,0.12575455,0.354619
0.421071,5.669563,5.739977,0.12642481,0.355563
0.421622,5.670505,5.740919,0.12709597,0.356505
0.422172,5.671447,5.741861,0.12776802,0.357447
0.422723,5.672387,5.742801,0.12844097,0.358387
0.423273,5.673325,5.743740,0.12911480,0.359325
0.423824,5.674263,5.744677,0.12978952,0.360263
0.424374,5.675200,5.745614,0.13046512,0.361200
0.424925,5.676135,5.746549,0.13114159,0.362135
0.425475,5.677069,5.747483,0.13181893,0.363069
0.426026,5.678002,5.748416,0.13249714,0.364002
0.426577,5.678933,5.749347,0.13317621,0.364933
0.427127,5.679864,5.750278,0.13385614,0.365864
0.427678,5.680793,5.751207,0.13453691,0.366793
0.428228,5.681721,5.752135,0.13521854,0.367721
0.428779,5.682648,5.753062,0.13590101,0.368648
0.429329,5.683573,5.753987,0.13658431,0.369573
0.429880,5.684498,5.754912,0.13726846,0.370498
0.430430,5.685421,5.755835,0.13795343,0.371421
0.430981,5.686343,5.756757,0.13863923,0.372343
0.431532,5.687264,5.757678,0.13932584,0.373264
0.432082,5.688183,5.758598,0.14001328,0.374183
0.432633,5.689102,5.759516,0.14070153,0.375102
0.433183,5.690019,5.760433,0.14139059,0.376019
0.433734,5.690936,5.761350,0.14208045,0.376936
0.434284,5.691851,5.762265,0.14277112,0.377851
0.434835,5.692765,5.763179,0.14346258,0.378765
0.435385,5.693677,5.764091,0.14415483,0.379677
0.435936,5.694589,5.765003,0.14484787,0.380589
0.436486,5.695499,5.765913,0.14554170,0.381499
0.437037,5.696409,5.766823,0.14623631,0.382409
0.437588,5.697317,5.767731,0.14693169,0.383317
0.438138,5.698224,5.768638,0.14762784,0.384224
0.438689,5.699130,5.769544,0.14832476,0.385130
0.439239,5.700034,5.770448,0.14902245,0.386034
0.439790,5.700938,5.771352,0.14972089,0.386938
0.440340,5.701840,5.772254,0.15042009,0.387840
0.440891,5.702742,5.773156,0.15112005,0.388742
0.441441,5.703642,5.774056,0.15182075,0.389642
0.441992,5.704541,5.774955,0.15252219,0.390541
0.442543,5.705439,5.775853,0.15322438,0.391439
0.443093,5.706336,5.776750,0.15392730,0.392336
0.443644,5.707231,5.777645,0.15463096,0.393231
0.444194,5.708126,5.778540,0.15533535,0.394126
0.444745,5.709020,5.779434,0.15604046,0.395020
0.445295,5.709912,5.780326,0.15674629,0.395912
0.445846,5.710803,5.781217,0.15745284,0.396803
0.446396,5.711693,5.782107,0.15816010,0.397693
0.446947,5.712583,5.782997,0.15886807,0.398583
0.447497,5.713471,5.783885,0.15957675,0.399471
0.448048,5.714358,5.784772,0.16028614,0.400358
0.448599,5.715243,5.785657,0.16099622,0.401243
0.449149,5.716128,5.786542,0.16170700,0.402128
0.449700,5.717012,5.787426,0.16241847,0.403012
0.450250,5.717894,5.788308,0.16313062,0.403894
0.450801,5.718776,5.789190,0.16384347,0.404776
0.451351,5.719656,5.790070,0.16455699,0.405656
0.451902,5.720536,5.790950,0.16527119,0.406536
0.452452,5.721414,5.791828,0.16598607,0.407414
0.453003,5.722291,5.792705,0.16670162,0.408291
0.453554,5.723167,5.793581,0.16741783,0.409167
0.454104,5.724042,5.794456,0.16813471,0.410042
0.454655,5.724916,5.795330,0.16885224,0.410916
0.455205,5.725789,5.796203,0.16957044,0.411789
0.455756,5.726661,5.797075,0.17028928,0.412661
0.456306,5.727532,5.797946,0.17100878,0.413532
0.456857,5.728402,5.798816,0.17172893,0.414402
0.457407,5.729271,5.799685,0.17244971,0.415271
0.457958,5.730138,5.800552,0.17317114,0.416138
0.458509,5.731005,5.801419,0.17389320,0.417005
0.459059,5.731871,5.802285,0.17461590,0.417871
0.459610,5.732735,5.803149,0.17533922,0.418735
0.460160,5.733599,5.804013,0.17606317,0.419599
0.460711,5.734461,5.804875,0.17678775,0.420461
0.461261,5.735323,5.805737,0.17751294,0.421323
0.461812,5.736183,5.806597,0.17823876,0.422183
0.462362,5.737043,5.807457,0.17896518,0.423043
0.462913,5.737901,5.808315,0.17969222,0.423901
0.463463,5.738759,5.809173,0.18041986,0.424759
0.464014,5.739615,5.810029,0.18114811,0.425615
0.464565,5.740470,5.810884,0.18187695,0.426470
0.465115,5.741325,5.811739,0.18260640,0.427325
0.465666,5.742178,5.812592,0.18333643,0.428178
0.466216,5.743030,5.813444,0.18406706,0.429030
0.466767,5.743882,5.814296,0.18479828,0.429882
0.467317,5.744732,5.815146,0.18553009,0.430732
0.467868,5.745581,5.815995,0.18626247,0.431581
0.468418,5.746430,5.816844,0.18699543,0.432430
0.468969,5.747277,5.817691,0.18772897,0.433277
0.469520,5.748123,5.818537,0.18846309,0.434123
0.470070,5.748969,5.819383,0.18919777,0.434969
0.470621,5.749813,5.820227,0.18993302,0.435813
0.471171,5.750656,5.821070,0.19066883,0.436656
0.471722,5.751499,5.821913,0.19140520,0.437499
0.472272,5.752340,5.822754,0.19214213,0.438340
0.472823,5.753181,5.823595,0.19287962,0.439181
0.473373,5.754020,5.824434,0.19361766,0.440020
0.473924,5.754859,5.825273,0.19435624,0.440859
0.474474,5.755696,5.826110,0.19509538,0.441696
0.475025,5.756533,5.826947,0.19583505,0.442533
0.475576,5.757368,5.827782,0.19657527,0.443368
0.476126,5.758203,5.828617,0.19731602,0.444203
0.476677,5.759036,5.829450,0.19805731,0.445036
0.477227,5.759869,5.830283,0.19879913,0.445869
0.477778,5.760701,5.831115,0.19954148,0.446701
0.478328,5.761531,5.831945,0.20028436,0.447531
0.478879,5.762361,5.832775,0.20102775,0.448361
0.479429,5.763190,5.833604,0.20177167,0.449190
0.479980,5.764018,5.834432,0.20251611,0.450018
0.480531,5.764845,5.835259,0.20326106,0.450845
0.481081,5.765671,5.836085,0.20400653,0.451671
0.481632,5.766496,5.836910,0.20475250,0.452496
0.482182,5.767320,5.837734,0.20549898,0.453320
0.482733,5.768143,5.838557,0.20624597,0.454143
0.483283,5.768965,5.839379,0.20699345,0.454965
0.483834,5.769787,5.840201,0.20774144,0.455787
0.484384,5.770607,5.841021,0.20848992,0.456607
0.484935,5.771426,5.841840,0.20923889,0.457426
0.485485,5.772245,5.842659,0.20998836,0.458245
0.486036,5.773062,5.843476,0.21073831,0.459062
0.486587,5.773879,5.844293,0.21148875,0.459879
0.487137,5.774695,5.845109,0.21223967,0.460695
0.487688,5.775510,5.845924,0.21299107,0.461510
0.488238,5.776323,5.846737,0.21374295,0.462323
0.488789,5.777136,5.847550,0.21449531,0.463136
0.489339,5.777948,5.848362,0.21524814,0.463948
0.489890,5.778760,5.849174,0.21600143,0.464760
0.490440,5.779570,5.849984,0.21675520,0.465570
0.490991,5.780379,5.850793,0.21750943,0.466379
0.491542,5.781187,5.851601,0.21826412,0.467187
0.492092,5.781995,5.852409,0.21901927,0.467995
0.492643,5.782802,5.853216,0.21977488,0.468802
0.493193,5.783607,5.854021,0.22053095,0.469607
0.493744,5.784412,5.854826,0.22128747,0.470412
0.494294,5.785216,5.855630,0.22204443,0.471216
0.494845,5.786019,5.856433,0.22280185,0.472019
0.495395,5.786821,5.857235,0.22355971,0.472821
0.495946,5.787622,5.858036,0.22431801,0.473622
0.496496,5.788423,5.858837,0.22507676,0.474423
0.497047,5.789222,5.859636,0.22583594,0.475222
0.497598,5.790021,5.860435,0.22659556,0.476021
0.498148,5.790818,5.861232,0.22735561,0.476818
0.498699,5.791615,5.862029,0.22811609,0.477615
0.499249,5.792411,5.862825,0.22887700,0.478411
0.499800,5.793206,5.863620,0.22963834,0.479206
0.500350,5.794000,5.864414,0.23040010,0.480000
0.500901,5.794793,5.865207,0.23116228,0.480793
0.501451,5.795586,5.866000,0.23192488,0.481586
0.502002,5.796377,5.866791,0.23268790,0.482377
0.502553,5.797168,5.867582,0.23345133,0.483168
0.503103,5.797958,5.868372,0.23421518,0.483958
0.503654,5.798747,5.869161,0.23497943,0.484747
0.504204,5.799535,5.869949,0.23574410,0.485535
0.504755,5.800322,5.870736,0.23650917,0.486322
0.505305,5.801108,5.871522,0.23727464,0.487108
0.505856,5.801894,5.872308,0.23804051,0.487894
0.506406,5.802679,5.873093,0.23880679,0.488679
0.506957,5.803462,5.873876,0.23957346,0.489462
0.507508,5.804245,5.874659,0.24034052,0.490245
0.508058,5.805027,5.875441,0.24110798,0.491027
0.508609,5.805809,5.876223,0.24187582,0.491809
0.509159,5.806589,5.877003,0.24264406,0.492589
0.509710,5.807369,5.877783,0.24341268,0.493369
0.510260,5.808147,5.878561,0.24418168,0.494147
0.510811,5.808925,5.879339,0.24495107,0.494925
0.511361,5.809702,5.880116,0.24572083,0.495702
0.511912,5.810479,5.880893,0.24649097,0.496479
0.512462,5.811254,5.881668,0.24726149,0.497254
0.513013,5.812028,5.882443,0.24803238,0.498028
0.513564,5.812802,5.883216,0.24880364,0.498802
0.514114,5.813575,5.883989,0.24957527,0.499575
0.514665,5.814347,5.884761,0.25034727,0.500347
0.515215,5.815118,5.885532,0.25111963,0.501118
0.515766,5.815889,5.886303,0.25189236,0.501889
0.516316,5.816658,5.887072,0.25266545,0.502658
0.516867,5.817427,5.887841,0.25343889,0.503427
0.517417,5.818195,5.888609,0.25421269,0.504195
0.517968,5.818962,5.889376,0.25498685,0.504962
0.518519,5.819729,5.890143,0.25576136,0.505729
0.519069,5.820494,5.890908,0.25653622,0.506494
0.519620,5.821259,5.891673,0.25731143,0.507259
0.520170,5.822023,5.892437,0.25808698,0.508023
0.520721,5.822786,5.893200,0.25886288,0.508786
0.521271,5.823548,5.893962,0.25963912,0.509548
0.521822,5.824309,5.894723,0.26041571,0.510309
0.522372,5.825070,5.895484,0.26119263,0.511070
0.522923,5.825830,5.896244,0.26196989,0.511830
0.523473,5.826589,5.897003,0.26274748,0.512589
0.524024,5.827347,5.897761,0.26352541,0.513347
0.524575,5.828105,5.898519,0.26430367,0.514105
0.525125,5.828861,5.899275,0.26508226,0.514861
0.525676,5.829617,5.900031,0.26586117,0.515617
0.526226,5.830372,5.900786,0.26664041,0.516372
0.526777,5.831127,5.901541,0.26741998,0.517127
0.527327,5.831880,5.902294,0.26819987,0.517880
0.527878,5.832633,5.903047,0.26898007,0.518633
0.528428,5.833385,5.903799,0.26976060,0.519385
0.528979,5.834136,5.904550,0.27054144,0.520136
0.529530,5.834886,5.905300,0.27132259,0.520886
0.530080,5.835636,5.906050,0.27210406,0.521636
0.530631,5.836385,5.906799,0.27288584,0.522385
0.531181,5.837133,5.907547,0.27366793,0.523133
0.531732,5.837880,5.908294,0.27445032,0.523880
0.532282,5.838627,5.909041,0.27523302,0.524627
0.532833,5.839372,5.909786,0.27601603,0.525372
0.533383,5.840117,5.910531,0.27679933,0.526117
0.533934,5.840861,5.911275,0.27758294,0.526861
0.534484,5.841605,5.912019,0.27836684,0.527605
0.535035,5.842347,5.912761,0.27915105,0.528347
0.535586,5.843089,5.913503,0.27993554,0.529089
0.536136,5.843830,5.914244,0.28072033,0.529830
0.536687,5.844571,5.914985,0.28150541,0.530571
0.537237,5.845310,5.915724,0.28229078,0.531310
0.537788,5.846049,5.916463,0.28307644,0.532049
0.538338,5.846787,5.917201,0.28386238,0.532787
0.538889,5.847525,5.917939,0.28464861,0.533525
0.539439,5.848261,5.918675,0.28543512,0.534261
0.539990,5.848997,5.919411,0.28622191,0.534997
0.540541,5.849732,5.920146,0.28700899,0.535732
0.541091,5.850467,5.920881,0.28779634,0.536467
0.541642,5.851200,5.921614,0.28858396,0.537200
0.542192,5.851933,5.922347,0.28937186,0.537933
0.542743,5.852665,5.923079,0.29016004,0.538665
0.543293,5.853396,5.923810,0.29094848,0.539396
0.543844,5.854127,5.924541,0.29173719,0.540127
0.544394,5.854857,5.925271,0.29252618,0.540857
0.544945,5.855586,5.926000,0.29331542,0.541586
0.545495,5.856314,5.926728,0.29410494,0.542314
0.546046,5.857042,5.927456,0.29489471,0.543042
0.546597,5.857769,5.928183,0.29568475,0.543769
0.547147,5.858495,5.928909,0.29647505,0.544495
0.547698,5.859221,5.929635,0.29726560,0.545221
0.548248,5.859945,5.930359,0.29805642,0.545945
0.548799,5.860669,5.931083,0.29884748,0.546669
0.549349,5.861393,5.931807,0.29963880,0.547393
0.549900,5.862115,5.932529,0.30043038,0.548115
0.550450,5.862837,5.933251,0.30122220,0.548837
0.551001,5.863558,5.933972,0.30201427,0.549558
0.551552,5.864279,5.934693,0.30280659,0.550279
0.552102,5.864998,5.935412,0.30359916,0.550998
0.552653,5.865717,5.936131,0.30439197,0.551717
0.553203,5.866436,5.936850,0.30518502,0.552436
0.553754,5.867153,5.937567,0.30597832,0.553153
0.554304,5.867870,5.938284,0.30677185,0.553870
0.554855,5.868586,5.939000,0.30756563,0.554586
0.555405,5.869301,5.939715,0.30835964,0.555301
0.555956,5.870016,5.940430,0.30915388,0.556016
0.556507,5.870730,5.941144,0.30994836,0.556730
0.557057,5.871443,5.941857,0.31074307,0.557443
0.557608,5.872156,5.942570,0.31153802,0.558156
0.558158,5.872868,5.943282,0.31233319,0.558868
0.558709,5.873579,5.943993,0.31312859,0.559579
0.559259,5.874289,5.944703,0.31392421,0.560289
0.559810,5.874999,5.945413,0.31472007,0.560999
0.560360,5.875708,5.946122,0.31551614,0.561708
0.560911,5.876417,5.946831,0.31631244,0.562417
0.561461,5.877124,5.947538,0.31710896,0.563124
0.562012,5.877831,5.948245,0.31790570,0.563831
0.562563,5.878538,5.948952,0.31870265,0.564538
0.563113,5.879243,5.949657,0.31949983,0.565243
0.563664,5.879948,5.950362,0.32029722,0.565948
0.564214,5.880652,5.951066,0.32109482,0.566652
0.564765,5.881356,5.951770,0.32189263,0.567356
0.565315,5.882059,5.952473,0.32269066,0.568059
0.565866,5.882761,5.953175,0.32348889,0.568761
0.566416,5.883462,5.953876,0.32428734,0.569462
0.566967,5.884163,5.954577,0.32508599,0.570163
0.567518,5.884863,5.955277,0.32588485,0.570863
0.568068,5.885563,5.955977,0.32668391,0.571563
0.568619,5.886261,5.956675,0.32748317,0.572261
0.569169,5.886960,5.957374,0.32828264,0.572960
0.569720,5.887657,5.958071,0.32908230,0.573657
0.570270,5.888354,5.958768,0.32988217,0.574354
0.570821,5.889050,5.959464,0.33068223,0.575050
0.571371,5.889745,5.960159,0.33148249,0.575745
0.571922,5.890440,5.960854,0.33228294,0.576440
0.572472,5.891134,5.961548,0.33308359,0.577134
0.573023,5.891827,5.962241,0.33388443,0.577827
0.573574,5.892520,5.962934,0.33468546,0.578520
0.574124,5.893212,5.963626,0.33548668,0.579212
0.574675,5.893904,5.964318,0.33628809,0.579904
0.575225,5.894594,5.965008,0.33708969,0.580594
0.575776,5.895284,5.965698,0.33789147,0.581284
0.576326,5.895974,5.966388,0.33869344,0.581974
0.576877,5.896663,5.967077,0.33949559,0.582663
0.577427,5.897351,5.967765,0.34029793,0.583351
0.577978,5.898038,5.968452,0.34110044,0.584038
0.578529,5.898725,5.969139,0.34190313,0.584725
0.579079,5.899411,5.969825,0.34270601,0.585411
0.579630,5.900096,5.970510,0.34350906,0.586096
0.580180,5.900781,5.971195,0.34431228,0.586781
0.580731,5.901465,5.971879,0.34511568,0.587465
0.581281,5.902149,5.972563,0.34591926,0.588149
0.581832,5.902832,5.973246,0.34672300,0.588832
0.582382,5.903514,5.973928,0.34752692,0.589514
0.582933,5.904196,5.974610,0.34833101,0.590196
0.583483,5.904877,5.975291,0.34913527,0.590877
0.584034,5.905557,5.975971,0.34993969,0.591557
0.584585,5.906237,5.976651,0.35074428,0.592237
0.585135,5.906916,5.977330,0.35154904,0.592916
0.585686,5.907594,5.978008,0.35235396,0.593594
0.586236,5.908272,5.978686,0.35315904,0.594272
0.586787,5.908949,5.979363,0.35396428,0.594949
0.587337,5.909625,5.980039,0.35476969,0.595625
0.587888,5.910301,5.980715,0.35557525,0.596301
0.588438,5.910977,5.981391,0.35638098,0.596977
0.588989,5.911651,5.982065,0.35718686,0.597651
0.589540,5.912325,5.982739,0.35799289,0.598325
0.590090,5.912998,5.983412,0.35879908,0.598998
0.590641,5.913671,5.984085,0.35960543,0.599671
0.591191,5.914343,5.984757,0.36041192,0.600343
0.591742,5.915015,5.985429,0.36121857,0.601015
0.592292,5.915685,5.986099,0.36202537,0.601685
0.592843,5.916356,5.986770,0.36283232,0.602356
0.593393,5.917025,5.987439,0.36363941,0.603025
0.593944,5.917694,5.988108,0.36444665,0.603694
0.594494,5.918363,5.988777,0.36525404,0.604363
0.595045,5.919030,5.989444,0.36606158,0.605030
0.595596,5.919697,5.990111,0.36686925,0.605697
0.596146,5.920364,5.990778,0.36767707,0.606364
0.596697,5.921030,5.991444,0.36848503,0.607030
0.597247,5.921695,5.992109,0.36929313,0.607695
0.597798,5.922360,5.992774,0.37010137,0.608360
0.598348,5.923024,5.993438,0.37090975,0.609024
0.598899,5.923687,5.994101,0.37171827,0.609687
0.599449,5.924350,5.994764,0.37252692,0.610350
0.600000,5.925012,5.995426,0.37333571,0.611012
