event,catalog,wf_key,n_samples,erad_field,median_M,median_E,median_n_your_K0,std_n_your_K0,delta_from_pred,in_bbh_band
GW150914_095045,GWTC-2.1,C01:IMRPhenomXPHM,147634,radiated_energy,64.2640,2.955480,5.340180,0.046137,0.026180,1
GW150914_095045,GWTC-2.1,C01:IMRPhenomXPHM,199766,radiated_energy,64.2184,2.954472,5.340443,0.045957,0.026443,1
GW151012_095443,GWTC-2.1,C01:IMRPhenomXPHM,68167,radiated_energy,38.8440,1.595824,5.283719,0.208789,-0.030281,1
GW151012_095443,GWTC-2.1,C01:IMRPhenomXPHM,137933,radiated_energy,38.4220,1.604982,5.295230,0.203841,-0.018770,1
GW151226_033853,GWTC-2.1,C01:IMRPhenomXPHM,133885,radiated_energy,21.6734,0.985001,5.333977,0.189791,0.019977,1
GW151226_033853,GWTC-2.1,C01:IMRPhenomXPHM,188541,radiated_energy,21.6612,0.981699,5.331727,0.189910,0.017727,1
GW170104_101158,GWTC-2.1,C01:IMRPhenomXPHM,80854,radiated_energy,49.9996,2.188264,5.309539,0.087598,-0.004461,1
GW170104_101158,GWTC-2.1,C01:IMRPhenomXPHM,169007,radiated_energy,49.6974,2.178976,5.310653,0.085239,-0.003347,1
GW170608_020116,GWTC-2.1,C01:IMRPhenomXPHM,219080,radiated_energy,18.6246,0.863945,5.351129,0.088127,0.037129,1
GW170608_020116,GWTC-2.1,C01:IMRPhenomXPHM,285112,radiated_energy,18.6091,0.862832,5.350833,0.088712,0.036833,1
GW170729_185629,GWTC-2.1,C01:IMRPhenomXPHM,37428,radiated_energy,83.5641,4.137315,5.393465,0.199620,0.079465,1
GW170729_185629,GWTC-2.1,C01:IMRPhenomXPHM,173308,radiated_energy,82.4750,4.339815,5.440151,0.178804,0.126151,1
GW170809_082821,GWTC-2.1,C01:IMRPhenomXPHM,89622,radiated_energy,58.4839,2.743828,5.361374,0.087983,0.047374,1
GW170809_082821,GWTC-2.1,C01:IMRPhenomXPHM,177783,radiated_energy,58.3371,2.744965,5.363420,0.086552,0.049420,1
GW170814_103043,GWTC-2.1,C01:IMRPhenomXPHM,139163,radiated_energy,55.6541,2.691341,5.378668,0.046399,0.064668,1
GW170814_103043,GWTC-2.1,C01:IMRPhenomXPHM,197034,radiated_energy,55.5515,2.688782,5.379275,0.046136,0.065275,1
GW170818_022509,GWTC-2.1,C01:IMRPhenomXPHM,84033,radiated_energy,62.4971,2.844163,5.334096,0.066714,0.020096,1
GW170818_022509,GWTC-2.1,C01:IMRPhenomXPHM,160046,radiated_energy,62.2874,2.848401,5.337561,0.066023,0.023561,1
GW170823_131358,GWTC-2.1,C01:IMRPhenomXPHM,42612,radiated_energy,66.9488,3.166134,5.363940,0.103500,0.049940,1
GW170823_131358,GWTC-2.1,C01:IMRPhenomXPHM,136399,radiated_energy,66.2608,3.162046,5.369700,0.098420,0.055700,1
GW190403_051519,GWTC-2.1,C01:IMRPhenomXPHM,11138,radiated_energy,107.1354,4.089429,5.214090,0.343804,-0.099910,1
GW190403_051519,GWTC-2.1,C01:IMRPhenomXPHM,178895,radiated_energy,98.5777,4.808744,5.400111,0.292684,0.086111,1
GW190408_181802,GWTC-2.1,C01:IMRPhenomXPHM,53971,radiated_energy,43.4960,1.937039,5.321566,0.074859,0.007566,1
GW190408_181802,GWTC-2.1,C01:IMRPhenomXPHM,127008,radiated_energy,43.1812,1.923028,5.321393,0.072635,0.007393,1
GW190412_053044,GWTC-2.1,C01:IMRPhenomXPHM,182052,radiated_energy,38.4591,1.138591,5.022181,0.078574,-0.291819,1
GW190412_053044,GWTC-2.1,C01:IMRPhenomXPHM,264789,radiated_energy,38.4473,1.135888,5.020695,0.078802,-0.293305,1
GW190413_052954,GWTC-2.1,C01:IMRPhenomXPHM,27757,radiated_energy,58.0270,2.552671,5.312989,0.115031,-0.001011,1
GW190413_052954,GWTC-2.1,C01:IMRPhenomXPHM,144722,radiated_energy,56.9955,2.564507,5.329366,0.111198,0.015366,1
GW190413_134308,GWTC-2.1,C01:IMRPhenomXPHM,23815,radiated_energy,81.2511,3.368646,5.273753,0.203854,-0.040247,1
GW190413_134308,GWTC-2.1,C01:IMRPhenomXPHM,155335,radiated_energy,78.6772,3.440277,5.311009,0.169699,-0.002991,1
GW190421_213856,GWTC-2.1,C01:IMRPhenomXPHM,30882,radiated_energy,73.6101,3.215657,5.305255,0.102963,-0.008745,1
GW190421_213856,GWTC-2.1,C01:IMRPhenomXPHM,147856,radiated_energy,71.6690,3.155564,5.310330,0.097660,-0.003670,1
GW190426_190642,GWTC-2.1,C01:IMRPhenomXPHM,16736,radiated_energy,182.3339,9.296841,5.418177,0.183825,0.104177,1
GW190426_190642,GWTC-2.1,C01:IMRPhenomXPHM,155608,radiated_energy,172.1122,9.169997,5.449242,0.166979,0.135242,1
GW190503_185404,GWTC-2.1,C01:IMRPhenomXPHM,63867,radiated_energy,69.4292,2.963318,5.289224,0.140284,-0.024776,1
GW190503_185404,GWTC-2.1,C01:IMRPhenomXPHM,166116,radiated_energy,69.1812,2.987679,5.298326,0.132150,-0.015674,1
GW190512_180714,GWTC-2.1,C01:IMRPhenomXPHM,74777,radiated_energy,36.0873,1.428802,5.235646,0.108878,-0.078354,1
GW190512_180714,GWTC-2.1,C01:IMRPhenomXPHM,181271,radiated_energy,35.7398,1.420112,5.237932,0.109162,-0.076068,1
GW190513_205428,GWTC-2.1,C01:IMRPhenomXPHM,48052,radiated_energy,54.2525,2.211517,5.265048,0.163938,-0.048952,1
GW190513_205428,GWTC-2.1,C01:IMRPhenomXPHM,180002,radiated_energy,53.7894,2.241835,5.282076,0.162296,-0.031924,1
GW190514_065416,GWTC-2.1,C01:IMRPhenomXPHM,15629,radiated_energy,69.0248,2.907489,5.282582,0.144919,-0.031418,1
GW190514_065416,GWTC-2.1,C01:IMRPhenomXPHM,123633,radiated_energy,65.5604,2.833877,5.299860,0.127574,-0.014140,1
GW190517_055101,GWTC-2.1,C01:IMRPhenomXPHM,61249,radiated_energy,64.4896,3.720662,5.522249,0.213000,0.208249,1
GW190517_055101,GWTC-2.1,C01:IMRPhenomXPHM,161299,radiated_energy,62.6577,3.759359,5.552503,0.196532,0.238503,1
GW190519_153544,GWTC-2.1,C01:IMRPhenomXPHM,42168,radiated_energy,103.1949,5.456334,5.438534,0.126776,0.124534,1
GW190519_153544,GWTC-2.1,C01:IMRPhenomXPHM,150207,radiated_energy,100.1684,5.418919,5.453201,0.124368,0.139201,1
GW190521_030229,GWTC-2.1,C01:IMRPhenomXPHM,24545,radiated_energy,153.1475,5.910511,5.206515,0.273140,-0.107485,1
GW190521_030229,GWTC-2.1,C01:IMRPhenomXPHM,148527,radiated_energy,149.1713,6.471710,5.305940,0.219858,-0.008060,1
GW190521_074359,GWTC-2.1,C01:IMRPhenomXPHM,104558,radiated_energy,77.3377,3.739307,5.376161,0.049427,0.062161,1
GW190521_074359,GWTC-2.1,C01:IMRPhenomXPHM,210737,radiated_energy,76.6533,3.698737,5.374738,0.050558,0.060738,1
GW190527_092055,GWTC-2.1,C01:IMRPhenomXPHM,28052,radiated_energy,59.5505,2.555659,5.312539,0.265090,-0.001461,1
GW190527_092055,GWTC-2.1,C01:IMRPhenomXPHM,141653,radiated_energy,59.0755,2.672097,5.342684,0.233143,0.028684,1
GW190602_175927,GWTC-2.1,C01:IMRPhenomXPHM,34581,radiated_energy,115.6461,5.330857,5.340856,0.181177,0.026856,1
GW190602_175927,GWTC-2.1,C01:IMRPhenomXPHM,155451,radiated_energy,113.3806,5.411037,5.367260,0.165953,0.053260,1
GW190620_030421,GWTC-2.1,C01:IMRPhenomXPHM,32655,radiated_energy,90.6749,4.506849,5.405018,0.255465,0.091018,1
GW190620_030421,GWTC-2.1,C01:IMRPhenomXPHM,152410,radiated_energy,88.8469,4.633321,5.439605,0.214965,0.125605,1
GW190630_185205,GWTC-2.1,C01:IMRPhenomXPHM,87638,radiated_energy,59.3298,2.809929,5.368410,0.081258,0.054410,1
GW190630_185205,GWTC-2.1,C01:IMRPhenomXPHM,171387,radiated_energy,58.8757,2.773107,5.365509,0.082540,0.051509,1
GW190701_203306,GWTC-2.1,C01:IMRPhenomXPHM,54580,radiated_energy,93.6781,4.045529,5.295890,0.106625,-0.018110,1
GW190701_203306,GWTC-2.1,C01:IMRPhenomXPHM,160160,radiated_energy,93.2884,4.067750,5.302174,0.101025,-0.011826,1
GW190706_222641,GWTC-2.1,C01:IMRPhenomXPHM,23977,radiated_energy,112.6867,5.395183,5.367607,0.216754,0.053607,1
GW190706_222641,GWTC-2.1,C01:IMRPhenomXPHM,159868,radiated_energy,107.3694,5.449673,5.409465,0.192508,0.095465,1
GW190707_093326,GWTC-2.1,C01:IMRPhenomXPHM,203490,radiated_energy,20.0104,0.874550,5.310856,0.060051,-0.003144,1
GW190707_093326,GWTC-2.1,C01:IMRPhenomXPHM,367463,radiated_energy,19.8959,0.869654,5.310598,0.061790,-0.003402,1
GW190708_232457,GWTC-2.1,C01:IMRPhenomXPHM,51021,radiated_energy,30.7827,1.400312,5.341812,0.066382,0.027812,1
GW190708_232457,GWTC-2.1,C01:IMRPhenomXPHM,94772,radiated_energy,30.6395,1.393163,5.341266,0.066952,0.027266,1
GW190719_215514,GWTC-2.1,C01:IMRPhenomXPHM,20708,radiated_energy,57.1791,2.605560,5.364564,0.291803,0.050564,1
GW190719_215514,GWTC-2.1,C01:IMRPhenomXPHM,153538,radiated_energy,55.3494,2.674426,5.397789,0.258313,0.083789,1
GW190720_000836,GWTC-2.1,C01:IMRPhenomXPHM,86699,radiated_energy,21.7909,0.978587,5.328957,0.126499,0.014957,1
GW190720_000836,GWTC-2.1,C01:IMRPhenomXPHM,131644,radiated_energy,21.6999,0.973136,5.328428,0.127103,0.014428,1
GW190725_174728,GWTC-2.1,C01:IMRPhenomXPHM,79206,radiated_energy,18.3061,0.707817,5.223814,0.222924,-0.090186,1
GW190725_174728,GWTC-2.1,C01:IMRPhenomXPHM,170198,radiated_energy,18.1626,0.700820,5.222000,0.223477,-0.092000,1
GW190727_060333,GWTC-2.1,C01:IMRPhenomXPHM,38894,radiated_energy,68.6250,3.347490,5.381212,0.110366,0.067212,1
GW190727_060333,GWTC-2.1,C01:IMRPhenomXPHM,162922,radiated_energy,67.8058,3.334863,5.387818,0.101830,0.073818,1
GW190728_064510,GWTC-2.1,C01:IMRPhenomXPHM,11485,radiated_energy,20.9488,0.952940,5.343011,0.172984,0.029011,1
GW190728_064510,GWTC-2.1,C01:IMRPhenomXPHM,20000,radiated_energy,20.8066,0.947693,5.344084,0.176106,0.030084,1
GW190731_140936,GWTC-2.1,C01:IMRPhenomXPHM,21267,radiated_energy,69.3111,3.191968,5.348038,0.132550,0.034038,1
GW190731_140936,GWTC-2.1,C01:IMRPhenomXPHM,126255,radiated_energy,66.3946,3.148878,5.365208,0.123012,0.051208,1
GW190803_022701,GWTC-2.1,C01:IMRPhenomXPHM,20574,radiated_energy,65.0001,2.936074,5.331141,0.113238,0.017141,1
GW190803_022701,GWTC-2.1,C01:IMRPhenomXPHM,101656,radiated_energy,63.5518,2.912660,5.340753,0.105032,0.026753,1
GW190805_211137,GWTC-2.1,C01:IMRPhenomXPHM,11786,radiated_energy,75.4035,4.326142,5.499850,0.177256,0.185850,1
GW190805_211137,GWTC-2.1,C01:IMRPhenomXPHM,169040,radiated_energy,71.0053,4.210607,5.523785,0.153015,0.209785,1
GW190814_211039,GWTC-2.1,C01:IMRPhenomXPHM,78254,radiated_energy,25.9061,0.241885,4.188806,0.040036,-1.125194,0
GW190814_211039,GWTC-2.1,C01:IMRPhenomXPHM,89500,radiated_energy,25.9032,0.241832,4.188698,0.040047,-1.125302,0
GW190828_063405,GWTC-2.1,C01:IMRPhenomXPHM,42966,radiated_energy,57.2082,2.960947,5.423375,0.060526,0.109375,1
GW190828_063405,GWTC-2.1,C01:IMRPhenomXPHM,128000,radiated_energy,56.6258,2.937818,5.425386,0.060339,0.111386,1
GW190828_065509,GWTC-2.1,C01:IMRPhenomXPHM,71723,radiated_energy,34.2533,1.248916,5.176784,0.127938,-0.137216,1
GW190828_065509,GWTC-2.1,C01:IMRPhenomXPHM,181548,radiated_energy,33.8208,1.236362,5.178312,0.127833,-0.135688,1
GW190910_112807,GWTC-2.1,C01:IMRPhenomXPHM,54830,radiated_energy,76.6920,3.546590,5.346671,0.068759,0.032671,1
GW190910_112807,GWTC-2.1,C01:IMRPhenomXPHM,159609,radiated_energy,75.1330,3.497310,5.350029,0.068156,0.036029,1
GW190915_235702,GWTC-2.1,C01:IMRPhenomXPHM,50133,radiated_energy,56.6538,2.549652,5.328426,0.084057,0.014426,1
GW190915_235702,GWTC-2.1,C01:IMRPhenomXPHM,144305,radiated_energy,56.1627,2.542803,5.332444,0.081487,0.018444,1
GW190916_200658,GWTC-2.1,C01:IMRPhenomXPHM,13058,radiated_energy,68.0116,3.005721,5.345254,0.262675,0.031254,1
GW190916_200658,GWTC-2.1,C01:IMRPhenomXPHM,107199,radiated_energy,65.7998,3.193839,5.402705,0.222557,0.088705,1
GW190917_114630,GWTC-2.1,C01:IMRPhenomXPHM,12312,radiated_energy,11.7631,0.212220,4.661892,0.215110,-0.652108,1
GW190917_114630,GWTC-2.1,C01:IMRPhenomXPHM,20000,radiated_energy,11.7119,0.211094,4.660182,0.212879,-0.653818,1
GW190924_021846,GWTC-2.1,C01:IMRPhenomXPHM,32797,radiated_energy,14.2941,0.573147,5.242714,0.166698,-0.071286,1
GW190924_021846,GWTC-2.1,C01:IMRPhenomXPHM,46372,radiated_energy,14.2604,0.571780,5.242471,0.168668,-0.071529,1
GW190925_232845,GWTC-2.1,C01:IMRPhenomXPHM,87963,radiated_energy,36.8282,1.735438,5.364047,0.091030,0.050047,1
GW190925_232845,GWTC-2.1,C01:IMRPhenomXPHM,164960,radiated_energy,36.6711,1.729426,5.364607,0.091483,0.050607,1
GW190926_050336,GWTC-2.1,C01:IMRPhenomXPHM,20327,radiated_energy,61.6623,2.298185,5.203975,0.223486,-0.110025,1
GW190926_050336,GWTC-2.1,C01:IMRPhenomXPHM,157760,radiated_energy,59.0562,2.383331,5.261412,0.197737,-0.052588,1
GW190929_012149,GWTC-2.1,C01:IMRPhenomXPHM,30749,radiated_energy,93.3076,3.052415,5.095801,0.238233,-0.218199,1
GW190929_012149,GWTC-2.1,C01:IMRPhenomXPHM,153782,radiated_energy,90.0049,3.131423,5.144256,0.218704,-0.169744,1
GW190930_133541,GWTC-2.1,C01:IMRPhenomXPHM,80472,radiated_energy,20.4197,0.936000,5.348292,0.171579,0.034292,1
GW190930_133541,GWTC-2.1,C01:IMRPhenomXPHM,137344,radiated_energy,20.3281,0.931307,5.347949,0.174768,0.033949,1
GW191103_012549,GWTC-3,C01:IMRPhenomXPHM,9914,radiated_energy,20.0274,0.970541,5.396911,0.126876,0.082911,1
GW191103_012549,GWTC-3,C01:IMRPhenomXPHM,167837,radiated_energy,19.8657,0.961363,5.394473,0.130190,0.080473,1
GW191105_143521,GWTC-3,C01:IMRPhenomXPHM,65529,radiated_energy,18.5278,0.810248,5.314576,0.088906,0.000576,1
GW191105_143521,GWTC-3,C01:IMRPhenomXPHM,142741,radiated_energy,18.4113,0.804400,5.313739,0.089879,-0.000261,1
GW191109_010717,GWTC-3,C01:IMRPhenomXPHM,109061,radiated_energy,111.3630,4.270580,5.216556,0.135030,-0.097444,1
GW191109_010717,GWTC-3,C01:IMRPhenomXPHM,270070,radiated_energy,108.7483,4.210953,5.224662,0.130030,-0.089338,1
GW191113_071753,GWTC-3,C01:IMRPhenomXPHM,52362,radiated_energy,35.5730,0.595117,4.606519,0.294563,-0.707481,1
GW191113_071753,GWTC-3,C01:IMRPhenomXPHM,129899,radiated_energy,34.3837,0.607634,4.642221,0.321573,-0.671779,1
GW191126_115259,GWTC-3,C01:IMRPhenomXPHM,55315,radiated_energy,20.5602,1.014375,5.403553,0.101746,0.089553,1
GW191126_115259,GWTC-3,C01:IMRPhenomXPHM,158918,radiated_energy,20.2869,1.000671,5.402868,0.104767,0.088868,1
GW191127_050227,GWTC-3,C01:IMRPhenomXPHM,27156,radiated_energy,84.7759,2.766827,5.137021,0.466585,-0.176979,1
GW191127_050227,GWTC-3,C01:IMRPhenomXPHM,185048,radiated_energy,81.4854,3.414088,5.309647,0.370628,-0.004353,1
GW191129_134029,GWTC-3,C01:IMRPhenomXPHM,77231,radiated_energy,17.6754,0.771163,5.309756,0.091197,-0.004244,1
GW191129_134029,GWTC-3,C01:IMRPhenomXPHM,135743,radiated_energy,17.6118,0.768114,5.308777,0.091605,-0.005223,1
GW191204_110529,GWTC-3,C01:IMRPhenomXPHM,41745,radiated_energy,46.9785,2.108686,5.339525,0.141712,0.025525,1
GW191204_110529,GWTC-3,C01:IMRPhenomXPHM,155223,radiated_energy,44.6289,2.014859,5.340797,0.144860,0.026797,1
GW191204_171526,GWTC-3,C01:IMRPhenomXPHM,128624,radiated_energy,20.3555,0.991498,5.387167,0.063196,0.073167,1
GW191204_171526,GWTC-3,C01:IMRPhenomXPHM,206292,radiated_energy,20.3128,0.989103,5.386799,0.063494,0.072799,1
GW191215_223052,GWTC-3,C01:IMRPhenomXPHM,6913,radiated_energy,43.2039,1.889384,5.309652,0.078136,-0.004348,1
GW191215_223052,GWTC-3,C01:IMRPhenomXPHM,20000,radiated_energy,42.4701,1.866682,5.313544,0.078632,-0.000456,1
GW191216_213338,GWTC-3,C01:IMRPhenomXPHM,249520,radiated_energy,20.0659,0.902816,5.324641,0.140139,0.010641,1
GW191216_213338,GWTC-3,C01:IMRPhenomXPHM,315108,radiated_energy,20.0462,0.902012,5.324635,0.142139,0.010635,1
GW191219_163120,GWTC-3,C01:IMRPhenomXPHM:HighSpin,14965,radiated_energy,32.7632,0.085907,3.272054,0.046710,-2.041946,0
GW191219_163120,GWTC-3,C01:IMRPhenomXPHM:HighSpin,20000,radiated_energy,32.6999,0.085818,3.272601,0.060261,-2.041399,0
GW191222_033537,GWTC-3,C01:IMRPhenomXPHM,26560,radiated_energy,79.5141,3.554513,5.320842,0.095165,0.006842,1
GW191222_033537,GWTC-3,C01:IMRPhenomXPHM,135537,radiated_energy,76.5762,3.445880,5.325632,0.093478,0.011632,1
GW191230_180458,GWTC-3,C01:IMRPhenomXPHM,21752,radiated_energy,85.1422,3.776123,5.315476,0.125084,0.001476,1
GW191230_180458,GWTC-3,C01:IMRPhenomXPHM,139585,radiated_energy,82.4549,3.706887,5.325103,0.111439,0.011103,1
GW200105_162426,GWTC-3,C01:IMRPhenomXPHM:HighSpin,20000,radiated_energy,10.9488,0.204426,4.688224,0.136692,-0.625776,1
GW200105_162426,GWTC-3,C01:IMRPhenomXPHM,20000,radiated_energy,10.9488,0.204426,4.688224,0.136692,-0.625776,1
GW200112_155838,GWTC-3,C01:IMRPhenomXPHM,68706,radiated_energy,63.3550,2.982515,5.361168,0.066228,0.047168,1
GW200112_155838,GWTC-3,C01:IMRPhenomXPHM,157304,radiated_energy,63.0319,2.976419,5.363331,0.065693,0.049331,1
GW200115_042309,GWTC-3,C01:IMRPhenomXPHM:HighSpin,16089,radiated_energy,7.2802,0.146274,4.741133,0.210859,-0.572867,1
GW200115_042309,GWTC-3,C01:IMRPhenomXPHM:HighSpin,20000,radiated_energy,7.2716,0.146157,4.741629,0.211007,-0.572371,1
GW200128_022011,GWTC-3,C01:IMRPhenomXPHM,26969,radiated_energy,73.7024,3.574641,5.382079,0.095136,0.068079,1
GW200128_022011,GWTC-3,C01:IMRPhenomXPHM,150506,radiated_energy,70.2069,3.433601,5.386034,0.091115,0.072034,1
GW200129_065458,GWTC-3,C01:IMRPhenomXPHM,87429,radiated_energy,63.3266,3.062666,5.384820,0.107395,0.070820,1
GW200129_065458,GWTC-3,C01:IMRPhenomXPHM,148072,radiated_energy,63.2127,3.057336,5.384792,0.105607,0.070792,1
GW200202_154313,GWTC-3,C01:IMRPhenomXPHM,126430,radiated_energy,17.5954,0.809414,5.346263,0.086929,0.032263,1
GW200202_154313,GWTC-3,C01:IMRPhenomXPHM,170115,radiated_energy,17.5719,0.808177,5.345954,0.087289,0.031954,1
GW200208_130117,GWTC-3,C01:IMRPhenomXPHM,38722,radiated_energy,65.1014,2.790111,5.293603,0.107727,-0.020397,1
GW200208_130117,GWTC-3,C01:IMRPhenomXPHM,104414,radiated_energy,64.6282,2.812355,5.305041,0.103588,-0.008959,1
GW200208_222617,GWTC-3,C01:IMRPhenomXPHM,24495,radiated_energy,90.7246,2.120077,4.892200,0.428204,-0.421800,1
GW200208_222617,GWTC-3,C01:IMRPhenomXPHM,209178,radiated_energy,87.7227,2.358944,5.045522,0.392439,-0.268478,1
GW200209_085452,GWTC-3,C01:IMRPhenomXPHM,30588,radiated_energy,61.8310,2.660343,5.294527,0.101643,-0.019473,1
GW200209_085452,GWTC-3,C01:IMRPhenomXPHM,161419,radiated_energy,60.3288,2.634292,5.303710,0.093251,-0.010290,1
GW200210_092254,GWTC-3,C01:IMRPhenomXPHM,78491,radiated_energy,27.4557,0.267760,4.223862,0.146266,-1.090138,0
GW200210_092254,GWTC-3,C01:IMRPhenomXPHM,141688,radiated_energy,27.1921,0.266785,4.227786,0.150171,-1.086214,0
GW200216_220804,GWTC-3,C01:IMRPhenomXPHM,17943,radiated_energy,80.9417,3.442029,5.299927,0.280145,-0.014073,1
GW200216_220804,GWTC-3,C01:IMRPhenomXPHM,145692,radiated_energy,78.8524,3.623639,5.348529,0.223060,0.034529,1
GW200219_094415,GWTC-3,C01:IMRPhenomXPHM,28386,radiated_energy,64.9328,2.804710,5.297149,0.106748,-0.016851,1
GW200219_094415,GWTC-3,C01:IMRPhenomXPHM,154656,radiated_energy,62.9356,2.757694,5.305816,0.098394,-0.008184,1
GW200220_061928,GWTC-3,C01:IMRPhenomXPHM,7327,radiated_energy,144.1972,6.472748,5.332765,0.234877,0.018765,1
GW200220_061928,GWTC-3,C01:IMRPhenomXPHM,123819,radiated_energy,130.8113,6.153604,5.359844,0.166807,0.045844,1
GW200220_124850,GWTC-3,C01:IMRPhenomXPHM,13497,radiated_energy,65.7420,2.858215,5.302586,0.117663,-0.011414,1
GW200220_124850,GWTC-3,C01:IMRPhenomXPHM,96667,radiated_energy,62.2533,2.760131,5.315779,0.106037,0.001779,1
GW200224_222234,GWTC-3,C01:IMRPhenomXPHM,88200,radiated_energy,71.9586,3.587595,5.398006,0.076352,0.084006,1
GW200224_222234,GWTC-3,C01:IMRPhenomXPHM,216261,radiated_energy,71.5674,3.574880,5.399544,0.073096,0.085544,1
GW200225_060421,GWTC-3,C01:IMRPhenomXPHM,88167,radiated_energy,33.5639,1.419711,5.280387,0.094845,-0.033613,1
GW200225_060421,GWTC-3,C01:IMRPhenomXPHM,195767,radiated_energy,33.3536,1.422090,5.285732,0.092831,-0.028268,1
GW200302_015811,GWTC-3,C01:IMRPhenomXPHM,39475,radiated_energy,57.4450,2.171128,5.201864,0.163701,-0.112136,1
GW200302_015811,GWTC-3,C01:IMRPhenomXPHM,104245,radiated_energy,56.8752,2.212619,5.225049,0.161466,-0.088951,1
GW200306_093714,GWTC-3,C01:IMRPhenomXPHM,29333,radiated_energy,43.7158,2.080492,5.376389,0.286720,0.062389,1
GW200306_093714,GWTC-3,C01:IMRPhenomXPHM,116436,radiated_energy,42.7835,2.183840,5.420931,0.264371,0.106931,1
GW200308_173609,GWTC-3,C01:IMRPhenomXPHM,3341,radiated_energy,102.5327,3.234601,5.185449,0.533146,-0.128551,1
GW200308_173609,GWTC-3,C01:IMRPhenomXPHM,132606,radiated_energy,103.0438,3.221089,5.170796,0.531856,-0.143204,1
GW200311_115853,GWTC-3,C01:IMRPhenomXPHM,109150,radiated_energy,61.4657,2.810185,5.338118,0.076073,0.024118,1
GW200311_115853,GWTC-3,C01:IMRPhenomXPHM,202628,radiated_energy,61.3428,2.807676,5.338984,0.074487,0.024984,1
GW200316_215756,GWTC-3,C01:IMRPhenomXPHM,67196,radiated_energy,21.7761,0.924518,5.291566,0.175532,-0.022434,1
GW200316_215756,GWTC-3,C01:IMRPhenomXPHM,134403,radiated_energy,21.5792,0.918635,5.293402,0.176450,-0.020598,1
GW200322_091133,GWTC-3,C01:IMRPhenomXPHM,4140,radiated_energy,76.6638,1.613173,5.026163,0.784262,-0.287837,1
GW200322_091133,GWTC-3,C01:IMRPhenomXPHM,137340,radiated_energy,83.8205,1.347675,4.632042,0.882896,-0.681958,1
GW230518_125908,GWTC-4,C00:IMRPhenomXPHM-SpinTaylor,11711,radiated_energy_non_evolved,9.6205,0.148942,4.552408,0.063381,-0.761592,0
GW230529_181500,GWTC-4,C00:IMRPhenomXPHM:HighSpin,5489,radiated_energy_non_evolved,5.0090,0.158085,5.066748,0.114409,-0.247252,1
GW230601_224134,GWTC-4,C00:IMRPhenomXPHM-SpinTaylor,14438,radiated_energy_non_evolved,108.7076,4.745025,5.303171,0.116334,-0.010829,1
GW230605_065343,GWTC-4,C00:IMRPhenomXPHM-SpinTaylor,15769,radiated_energy_non_evolved,28.7266,1.275736,5.328961,0.080884,0.014961,1
GW230606_004305,GWTC-4,C00:IMRPhenomXPHM-SpinTaylor,13904,radiated_energy_non_evolved,62.6625,2.584735,5.267314,0.124580,-0.046686,1
GW230608_205047,GWTC-4,C00:IMRPhenomXPHM-SpinTaylor,13528,radiated_energy_non_evolved,78.8106,3.513776,5.323348,0.150314,0.009348,1
GW230609_064958,GWTC-4,C00:IMRPhenomXPHM-SpinTaylor,13019,radiated_energy_non_evolved,59.9485,2.514976,5.277822,0.105161,-0.036178,1
GW230624_113103,GWTC-4,C00:IMRPhenomXPHM-SpinTaylor,15846,radiated_energy_non_evolved,43.1645,1.961263,5.345692,0.132424,0.031692,1
GW230627_015337,GWTC-4,C00:IMRPhenomXPHM-SpinTaylor,9688,radiated_energy_non_evolved,14.1812,0.647282,5.336185,0.042723,0.022185,1
GW230628_231200,GWTC-4,C00:IMRPhenomXPHM-SpinTaylor,15446,radiated_energy_non_evolved,59.2169,2.810764,5.360780,0.051053,0.046780,1
GW230630_125806,GWTC-4,C00:IMRPhenomXPHM-SpinTaylor,16819,radiated_energy_non_evolved,85.6976,4.158322,5.393335,0.186934,0.079335,1
GW230630_234532,GWTC-4,C00:IMRPhenomXPHM-SpinTaylor,15135,radiated_energy_non_evolved,16.8310,0.721420,5.301217,0.073575,-0.012783,1
GW230702_185453,GWTC-4,C00:IMRPhenomXPHM-SpinTaylor,17288,radiated_energy_non_evolved,60.8191,2.070483,5.138509,0.221274,-0.175491,1
GW230704_021211,GWTC-4,C00:IMRPhenomXPHM-SpinTaylor,23018,radiated_energy_non_evolved,53.5414,2.231628,5.281083,0.126451,-0.032917,1
GW230704_212616,GWTC-4,C00:IMRPhenomXPHM-SpinTaylor,23006,radiated_energy_non_evolved,141.5987,6.748620,5.382914,0.256179,0.068914,1
GW230706_104333,GWTC-4,C00:IMRPhenomXPHM-SpinTaylor,15235,radiated_energy_non_evolved,27.9525,1.400275,5.409279,0.074271,0.095279,1
GW230707_124047,GWTC-4,C00:IMRPhenomXPHM-SpinTaylor,13678,radiated_energy_non_evolved,81.4944,3.726826,5.333081,0.081910,0.019081,1
GW230708_053705,GWTC-4,C00:IMRPhenomXPHM-SpinTaylor,15934,radiated_energy_non_evolved,51.9629,2.536101,5.383663,0.074190,0.069663,1
GW230708_230935,GWTC-4,C00:IMRPhenomXPHM-SpinTaylor,14977,radiated_energy_non_evolved,103.7964,4.436636,5.291363,0.169230,-0.022637,1
GW230709_122727,GWTC-4,C00:IMRPhenomXPHM-SpinTaylor,12263,radiated_energy_non_evolved,75.1400,3.519005,5.354226,0.168621,0.040226,1
GW230712_090405,GWTC-4,C00:IMRPhenomXPHM-SpinTaylor,26163,radiated_energy_non_evolved,43.9833,1.322260,5.088518,0.279950,-0.225482,1
GW230723_101834,GWTC-4,C00:IMRPhenomXPHM-SpinTaylor,15000,radiated_energy_non_evolved,27.7103,1.086770,5.248317,0.108581,-0.065683,1
GW230726_002940,GWTC-4,C00:IMRPhenomXPHM-SpinTaylor,13791,radiated_energy_non_evolved,63.3806,2.920378,5.343247,0.067661,0.029247,1
GW230729_082317,GWTC-4,C00:IMRPhenomXPHM-SpinTaylor,12605,radiated_energy_non_evolved,20.4058,0.895776,5.334488,0.147591,0.020488,1
GW230731_215307,GWTC-4,C00:IMRPhenomXPHM-SpinTaylor,10904,radiated_energy_non_evolved,18.2391,0.813447,5.327560,0.047834,0.013560,1
GW230803_033412,GWTC-4,C00:IMRPhenomXPHM-SpinTaylor,16784,radiated_energy_non_evolved,76.1055,3.394237,5.334076,0.150105,0.020076,1
GW230805_034249,GWTC-4,C00:IMRPhenomXPHM-SpinTaylor,16941,radiated_energy_non_evolved,56.7290,2.522610,5.333386,0.154833,0.019386,1
GW230806_204041,GWTC-4,C00:IMRPhenomXPHM-SpinTaylor,14235,radiated_energy_non_evolved,85.1538,4.030399,5.362558,0.134656,0.048558,1
GW230811_032116,GWTC-4,C00:IMRPhenomXPHM-SpinTaylor,17874,radiated_energy_non_evolved,57.9945,2.520695,5.305687,0.097788,-0.008313,1
GW230814_061920,GWTC-4,C00:IMRPhenomXPHM-SpinTaylor,13478,radiated_energy_non_evolved,112.1141,4.989012,5.316066,0.132483,0.002066,1
GW230814_230901,GWTC-4,C00:IMRPhenomXPHM-SpinTaylor,13460,radiated_energy_non_evolved,62.0258,2.936257,5.359347,0.018523,0.045347,1
GW230819_171910,GWTC-4,C00:IMRPhenomXPHM-SpinTaylor,15680,radiated_energy_non_evolved,110.4179,3.786705,5.145189,0.307321,-0.168811,1
GW230820_212515,GWTC-4,C00:IMRPhenomXPHM-SpinTaylor,15759,radiated_energy_non_evolved,96.1931,4.172621,5.315780,0.301789,0.001780,1
GW230824_033047,GWTC-4,C00:IMRPhenomXPHM-SpinTaylor,13206,radiated_energy_non_evolved,88.2440,3.928590,5.323250,0.137219,0.009250,1
GW230825_041334,GWTC-4,C00:IMRPhenomXPHM-SpinTaylor,13826,radiated_energy_non_evolved,70.6391,3.822587,5.469486,0.142996,0.155486,1
GW230831_015414,GWTC-4,C00:IMRPhenomXPHM-SpinTaylor,14508,radiated_energy_non_evolved,73.7716,3.413451,5.353174,0.127806,0.039174,1
GW230904_051013,GWTC-4,C00:IMRPhenomXPHM-SpinTaylor,15560,radiated_energy_non_evolved,17.9681,0.808646,5.339588,0.084157,0.025588,1
GW230911_195324,GWTC-4,C00:IMRPhenomXPHM-SpinTaylor,18595,radiated_energy_non_evolved,56.1018,2.295458,5.257572,0.118628,-0.056428,1
GW230914_111401,GWTC-4,C00:IMRPhenomXPHM-SpinTaylor,18353,radiated_energy_non_evolved,95.8127,4.426144,5.338467,0.138934,0.024467,1
GW230919_215712,GWTC-4,C00:IMRPhenomXPHM-SpinTaylor,15670,radiated_energy_non_evolved,49.3160,2.541577,5.426815,0.048694,0.112815,1
GW230920_071124,GWTC-4,C00:IMRPhenomXPHM-SpinTaylor,15199,radiated_energy_non_evolved,56.4734,2.567052,5.340251,0.100858,0.026251,1
GW230922_020344,GWTC-4,C00:IMRPhenomXPHM-SpinTaylor,19000,radiated_energy_non_evolved,70.6111,3.237522,5.342605,0.078205,0.028605,1
GW230922_040658,GWTC-4,C00:IMRPhenomXPHM-SpinTaylor,14201,radiated_energy_non_evolved,124.6904,6.624973,5.445912,0.227366,0.131912,1
GW230924_124453,GWTC-4,C00:IMRPhenomXPHM-SpinTaylor,14630,radiated_energy_non_evolved,51.7546,2.457785,5.363000,0.052697,0.049000,1
GW230927_043729,GWTC-4,C00:IMRPhenomXPHM-SpinTaylor,13148,radiated_energy_non_evolved,62.4715,2.924139,5.353703,0.071947,0.039703,1
GW230927_153832,GWTC-4,C00:IMRPhenomXPHM-SpinTaylor,14161,radiated_energy_non_evolved,38.5156,1.808582,5.357027,0.037012,0.043027,1
GW230928_215827,GWTC-4,C00:IMRPhenomXPHM-SpinTaylor,19357,radiated_energy_non_evolved,87.6395,4.960795,5.500814,0.164218,0.186814,1
GW230930_110730,GWTC-4,C00:IMRPhenomXPHM-SpinTaylor,11732,radiated_energy_non_evolved,58.9969,2.699682,5.344150,0.114664,0.030150,1
GW231001_140220,GWTC-4,C00:IMRPhenomXPHM-SpinTaylor,16041,radiated_energy_non_evolved,116.3280,4.443748,5.210043,0.184428,-0.103957,1
GW231004_232346,GWTC-4,C00:IMRPhenomXPHM-SpinTaylor,15804,radiated_energy_non_evolved,101.6706,3.804578,5.201309,0.189236,-0.112691,1
GW231005_021030,GWTC-4,C00:IMRPhenomXPHM-SpinTaylor,13730,radiated_energy_non_evolved,131.5903,5.804894,5.318154,0.187800,0.004154,1
GW231005_091549,GWTC-4,C00:IMRPhenomXPHM-SpinTaylor,12902,radiated_energy_non_evolved,50.6423,2.245955,5.324464,0.107263,0.010464,1
GW231008_142521,GWTC-4,C00:IMRPhenomXPHM-SpinTaylor,16800,radiated_energy_non_evolved,71.2554,2.838644,5.254755,0.184567,-0.059245,1
GW231014_040532,GWTC-4,C00:IMRPhenomXPHM-SpinTaylor,16903,radiated_energy_non_evolved,35.8834,1.768305,5.396677,0.136715,0.082677,1
GW231018_233037,GWTC-4,C00:IMRPhenomXPHM-SpinTaylor,15611,radiated_energy_non_evolved,19.0923,0.814423,5.299621,0.110296,-0.014379,1
GW231020_142947,GWTC-4,C00:IMRPhenomXPHM-SpinTaylor,14942,radiated_energy_non_evolved,19.8618,0.883133,5.345117,0.155377,0.031117,1
GW231028_153006,GWTC-4,C00:IMRPhenomXPHM-SpinTaylor,15128,radiated_energy_non_evolved,152.9012,9.876899,5.586161,0.129414,0.272161,1
GW231029_111508,GWTC-4,C00:IMRPhenomXPHM-SpinTaylor,13488,radiated_energy_non_evolved,106.0689,4.979363,5.356563,0.161176,0.042563,1
GW231102_071736,GWTC-4,C00:IMRPhenomXPHM-SpinTaylor,15330,radiated_energy_non_evolved,104.6520,4.984596,5.363910,0.093358,0.049910,1
GW231104_133418,GWTC-4,C00:IMRPhenomXPHM-SpinTaylor,13042,radiated_energy_non_evolved,21.0329,1.013863,5.388358,0.071933,0.074358,1
GW231108_125142,GWTC-4,C00:IMRPhenomXPHM-SpinTaylor,16031,radiated_energy_non_evolved,40.6547,1.789190,5.310921,0.047909,-0.003079,1
GW231110_040320,GWTC-4,C00:IMRPhenomXPHM-SpinTaylor,16586,radiated_energy_non_evolved,32.5224,1.535772,5.369903,0.083976,0.055903,1
GW231113_122623,GWTC-4,C00:IMRPhenomXPHM-SpinTaylor,17278,radiated_energy_non_evolved,68.2932,3.799614,5.492006,0.161844,0.178006,1
GW231113_200417,GWTC-4,C00:IMRPhenomXPHM-SpinTaylor,13984,radiated_energy_non_evolved,19.1418,0.891178,5.365484,0.087617,0.051484,1
GW231114_043211,GWTC-4,C00:IMRPhenomXPHM-SpinTaylor,17986,radiated_energy_non_evolved,31.5127,0.990379,5.070395,0.150130,-0.243605,1
GW231118_005626,GWTC-4,C00:IMRPhenomXPHM-SpinTaylor,17887,radiated_energy_non_evolved,31.8307,1.610316,5.412925,0.114888,0.098925,1
GW231118_071402,GWTC-4,C00:IMRPhenomXPHM-SpinTaylor,15567,radiated_energy_non_evolved,73.8933,3.565290,5.381517,0.139939,0.067517,1
GW231118_090602,GWTC-4,C00:IMRPhenomXPHM-SpinTaylor,17286,radiated_energy_non_evolved,21.2289,0.848435,5.258981,0.266066,-0.055019,1
GW231119_075248,GWTC-4,C00:IMRPhenomXPHM-SpinTaylor,14216,radiated_energy_non_evolved,82.3292,3.642114,5.327030,0.151206,0.013030,1
GW231123_135430,GWTC-4,C00:IMRPhenomXPHM-SpinTaylor,19980,radiated_energy,243.2756,10.536178,5.295632,0.076309,-0.018368,1
GW231127_165300,GWTC-4,C00:IMRPhenomXPHM-SpinTaylor,14592,radiated_energy_non_evolved,74.4822,3.211198,5.306151,0.189975,-0.007849,1
GW231129_081745,GWTC-4,C00:IMRPhenomXPHM-SpinTaylor,14785,radiated_energy_non_evolved,69.5676,2.833439,5.262851,0.160432,-0.051149,1
GW231206_233134,GWTC-4,C00:IMRPhenomXPHM-SpinTaylor,13230,radiated_energy_non_evolved,62.6127,2.800649,5.318057,0.072231,0.004057,1
GW231206_233901,GWTC-4,C00:IMRPhenomXPHM-SpinTaylor,15034,radiated_energy_non_evolved,66.5665,3.031455,5.336879,0.064414,0.022879,1
GW231213_111417,GWTC-4,C00:IMRPhenomXPHM-SpinTaylor,14380,radiated_energy_non_evolved,62.6177,3.046352,5.380450,0.090399,0.066450,1
GW231221_135041,GWTC-4,C00:IMRPhenomXPHM-SpinTaylor,16198,radiated_energy_non_evolved,77.2580,3.272726,5.298776,0.200763,-0.015224,1
GW231223_032836,GWTC-4,C00:IMRPhenomXPHM-SpinTaylor,15011,radiated_energy_non_evolved,77.5766,3.076494,5.239681,0.168709,-0.074319,1
GW231223_075055,GWTC-4,C00:IMRPhenomXPHM-SpinTaylor,18392,radiated_energy_non_evolved,19.0328,0.802738,5.290898,0.137728,-0.023102,1
GW231223_202619,GWTC-4,C00:IMRPhenomXPHM-SpinTaylor,13892,radiated_energy_non_evolved,19.7013,0.943920,5.378326,0.068186,0.064326,1
GW231224_024321,GWTC-4,C00:IMRPhenomXPHM-SpinTaylor,16775,radiated_energy_non_evolved,16.6908,0.769863,5.348360,0.037430,0.034360,1
GW231226_101520,GWTC-4,C00:IMRPhenomXPHM-SpinTaylor,15030,radiated_energy_non_evolved,75.1941,3.459888,5.339225,0.025818,0.025225,1
GW231230_170116,GWTC-4,C00:IMRPhenomXPHM-SpinTaylor,15694,radiated_energy_non_evolved,87.7908,3.406922,5.228889,0.183042,-0.085111,1
GW231231_154016,GWTC-4,C00:IMRPhenomXPHM-SpinTaylor,13245,radiated_energy_non_evolved,40.0007,1.805571,5.331444,0.045915,0.017444,1
GW240104_164932,GWTC-4,C00:IMRPhenomXPHM-SpinTaylor,14325,radiated_energy_non_evolved,75.2684,3.754233,5.399058,0.080537,0.085058,1
GW240107_013215,GWTC-4,C00:IMRPhenomXPHM-SpinTaylor,18048,radiated_energy_non_evolved,89.5545,4.213732,5.370128,0.282262,0.056128,1
GW240109_050431,GWTC-4,C00:IMRPhenomXPHM-SpinTaylor,15285,radiated_energy_non_evolved,47.2990,1.924757,5.257721,0.086003,-0.056279,1
